symbol,name,trade_date,open,high,low,close,pre_close,change,pct_chg,volume,amount,turn,isST
sh.517120,"华泰柏瑞中证沪港深创新药产业ETF",2026-06-01,0.641,0.655,0.625,0.628,0.639,-0.011,-1.7214,31871100.0,20378567.0,7.194925,1
sh.517130,sh.517130,2026-06-01,0.997,1.013,0.989,0.994,0.993,0.001,0.1007,103487500.0,103842832.0,,1
sh.517160,"南方中证长江保护主题ETF",2026-06-01,1.007,1.017,1.0,1.0,1.012,-0.012,-1.1858,259700.0,262221.0,0.01431,1
sh.517170,"华夏中证沪港深500ETF",2026-06-01,1.031,1.036,1.028,1.028,1.029,-0.00099999999999989,-0.0972,307500.0,317190.0,1.906173,1
sh.517180,"南方富时中国国企开放共赢ETF",2026-06-01,1.504,1.511,1.497,1.511,1.502,0.0089999999999999,0.5992,2316900.0,3485009.0,2.560215,1
sh.517200,"嘉实中证沪港深互联网ETF",2026-06-01,0.604,0.626,0.604,0.622,0.605,0.017,2.8099,2828300.0,1750444.0,1.980852,1
sh.517300,"国寿安保中证沪港深300ETF",2026-06-01,0.961,0.972,0.96,0.961,0.968,-0.00700000000000001,-0.7231,1393600.0,1342639.0,0.089827,1
sh.517330,"易方达中证长江保护主题ETF",2026-06-01,1.027,1.028,0.989,1.012,1.02,-0.00800000000000001,-0.7843,60300.0,60379.0,0.003337,1
sh.517350,"广发中证沪港深科技龙头ETF",2026-06-01,0.981,0.995,0.967,0.97,0.982,-0.012,-1.222,1880600.0,1847599.0,2.869305,1
sh.517360,"华安中证沪港深科技100ETF",2026-06-01,0.948,0.97,0.948,0.958,0.948,0.01,1.0549,222500.0,213933.0,0.837001,1
sh.517380,"天弘恒生沪深港创新药精选50ETF",2026-06-01,0.705,0.716,0.686,0.689,0.701,-0.012,-1.7118,49832800.0,34894821.0,2.234328,1
sh.517390,"天弘中证沪港深云计算产业ETF",2026-06-01,1.973,2.038,1.973,1.992,1.99,0.002,0.1005,7442600.0,14962388.0,4.860867,1
sh.517400,"国泰中证沪深港黄金产业股票ETF",2026-06-01,1.491,1.513,1.485,1.497,1.493,0.004,0.2679,13221900.0,19838912.0,1.516635,1
sh.517520,"永赢中证沪深港黄金产业股票ETF",2026-06-01,1.889,1.917,1.881,1.899,1.89,0.00900000000000012,0.4762,111568505.0,212359822.0,1.925287,1
sh.517550,"招商中证沪港深消费龙头ETF",2026-06-01,0.657,0.665,0.657,0.665,0.657,0.00800000000000001,1.2177,7181300.0,4742740.0,8.031211,1
sh.517660,"天弘中证沪港深物联网主题ETF",2026-06-01,1.388,1.406,1.365,1.37,1.388,-0.0179999999999998,-1.2968,978300.0,1353633.0,2.189536,1
sh.517770,"浦银安盛中证沪港深游戏及文化传媒ETF",2026-06-01,0.978,1.008,0.972,1.007,0.975,0.0319999999999999,3.2821,10154200.0,10130610.0,6.046045,1
sh.517800,"方正富邦中证沪港深人工智能50ETF",2026-06-01,1.091,1.11,1.075,1.082,1.091,-0.0089999999999999,-0.8249,11367800.0,12439334.0,4.066614,1
sh.517850,"汇添富中证沪港深张江自主创新50ETF",2026-06-01,1.355,1.362,1.307,1.307,1.355,-0.048,-3.5424,1000100.0,1327672.0,2.619078,1
sh.517880,"华泰柏瑞中证沪港深品牌消费50ETF",2026-06-01,0.759,0.76,0.754,0.76,0.759,0.001,0.1318,4411500.0,3335571.0,8.593201,1
sh.517900,"招商中证银行AH价格优选ETF",2026-06-01,1.45,1.462,1.444,1.462,1.449,0.0129999999999999,0.8972,23195700.0,33673241.0,4.477991,1
sh.517950,"交银中证智选沪深港科技50ETF",2026-06-01,1.207,1.213,1.176,1.178,1.208,-0.03,-2.4834,11809800.0,14089125.0,16.604708,1
sh.517990,"招商中证沪港深500医药卫生ETF",2026-06-01,0.814,0.818,0.794,0.798,0.808,-0.01,-1.2376,1725000.0,1384549.0,3.671158,1
sh.518600,"广发上海金ETF",2026-06-01,9.801,9.81,9.738,9.738,9.791,-0.0530000000000008,-0.5413,11631784.0,113802410.0,1.506286,1
sh.518660,"工银瑞信黄金ETF",2026-06-01,9.419,9.435,9.365,9.368,9.417,-0.0489999999999995,-0.5203,19018400.0,178893779.0,1.999511,1
sh.518680,"富国上海金ETF",2026-06-01,9.834,9.851,9.778,9.778,9.832,-0.0540000000000003,-0.5492,15082049.0,148079794.0,1.854268,1
sh.518800,"国泰黄金ETF",2026-06-01,9.85,9.87,9.794,9.796,9.85,-0.0540000000000003,-0.5482,62988119.0,619765565.0,1.623958,1
sh.518850,"华夏黄金ETF",2026-06-01,9.492,9.5,9.426,9.432,9.483,-0.0510000000000002,-0.5378,28121880.0,266318489.0,1.550886,1
sh.518860,"建信上海金ETF",2026-06-01,9.411,9.456,9.358,9.365,9.41,-0.0449999999999999,-0.4782,3280782.0,30865023.0,0.647276,1
sh.518880,"华安黄金ETF",2026-06-01,9.398,9.414,9.343,9.344,9.397,-0.0530000000000008,-0.564,258640902.0,2427380926.0,2.31168,1
sh.518890,"中银上海金ETF",2026-06-01,9.446,9.446,9.359,9.366,9.413,-0.0470000000000006,-0.4993,3936200.0,37018581.0,0.937961,1
sh.520500,"华泰柏瑞恒生创新药ETF(QDII)",2026-06-01,1.4,1.411,1.323,1.331,1.37,-0.0390000000000001,-2.8467,926579567.0,1260338347.0,48.063967,1
sh.520510,"华夏中证港股通医疗主题ETF",2026-06-01,0.798,0.814,0.788,0.792,0.795,-0.003,-0.3774,108351400.0,86503714.0,47.789157,1
sh.520520,"华泰柏瑞恒生消费ETF(QDII)",2026-06-01,0.973,0.989,0.962,0.988,0.972,0.016,1.6461,6995500.0,6846384.0,13.172711,1
sh.520530,"港股通科技ETF东财",2026-06-01,0.85,0.866,0.85,0.857,0.848,0.00900000000000001,1.0613,47793600.0,41031282.0,18.540749,1
sh.520550,"招商恒生港股通高股息低波动ETF",2026-06-01,1.146,1.163,1.139,1.161,1.145,0.016,1.3974,44835500.0,51815229.0,4.229668,1
sh.520560,"华宝港股通恒生中国(香港上市)30ETF",2026-06-01,0.82,0.83,0.818,0.827,0.82,0.00700000000000001,0.8537,31382100.0,25909135.0,4.386534,1
sh.520570,"南方恒生科技ETF(QDII)",2026-06-01,0.785,0.801,0.784,0.795,0.785,0.01,1.2739,182352000.0,144767869.0,4.985188,1
sh.520580,"招商利安新兴亚洲精选ETF(QDII)",2026-06-01,0.958,0.965,0.955,0.962,0.96,0.002,0.2083,9803044.0,9426929.0,3.552035,1
sh.520590,"鹏华恒生科技ETF(QDII)",2026-06-01,0.836,0.858,0.836,0.851,0.841,0.01,1.1891,27338800.0,23223381.0,11.721568,1
sh.520600,"广发中证港股通汽车ETF",2026-06-01,1.177,1.207,1.177,1.192,1.182,0.01,0.846,195771000.0,234367276.0,45.595154,1
sh.520610,"银华标普港股通低波红利ETF",2026-06-01,0.958,0.973,0.958,0.972,0.963,0.00900000000000001,0.9346,6403100.0,6189834.0,2.148958,1
sh.520620,"嘉实恒生消费ETF",2026-06-01,0.831,0.844,0.822,0.843,0.829,0.014,1.6888,8197700.0,6844381.0,2.346162,1
sh.520630,"广发中证港股通互联网ETF",2026-06-01,0.697,0.724,0.697,0.724,0.698,0.026,3.7249,13433100.0,9622413.0,3.073162,1
sh.520650,"南方中证港股通互联网ETF",2026-06-01,0.635,0.659,0.635,0.658,0.635,0.023,3.622,161285800.0,105319435.0,7.357073,1
sh.520660,"南方中证国新港股通央企红利ETF",2026-06-01,1.049,1.067,1.044,1.064,1.047,0.0170000000000001,1.6237,125279700.0,132968071.0,5.21025,1
sh.520670,"嘉实恒生港股通科技主题ETF",2026-06-01,0.825,0.841,0.824,0.835,0.822,0.013,1.5815,23197500.0,19315323.0,9.300275,1
sh.520680,"南方中证港股通汽车产业主题ETF",2026-06-01,0.96,0.975,0.958,0.965,0.955,0.01,1.0471,10512700.0,10175164.0,13.948308,1
sh.520690,"博时恒生港股通创新药精选ETF",2026-06-01,0.727,0.729,0.688,0.696,0.707,-0.011,-1.5559,166943600.0,118403430.0,21.982056,1
sh.520700,"万家中证港股通创新药ETF",2026-06-01,1.396,1.416,1.344,1.355,1.376,-0.0209999999999999,-1.5262,188929900.0,260656271.0,34.346145,1
sh.520710,sh.520710,2026-06-01,1.011,1.046,1.008,1.016,1.014,0.002,0.1972,112669300.0,115702735.0,,1
sh.520720,"国泰中证港股通汽车产业主题ETF",2026-06-01,0.874,0.892,0.87,0.883,0.873,0.01,1.1455,78480805.0,69376159.0,51.994014,1
sh.520730,"万家恒生港股通汽车主题ETF",2026-06-01,0.9,0.925,0.9,0.916,0.904,0.012,1.3274,5559000.0,5085966.0,2.935145,1
sh.520760,"摩根恒生生物科技ETF",2026-06-01,0.859,0.872,0.831,0.839,0.849,-0.01,-1.1779,11640800.0,9894450.0,5.4789,1
sh.520770,"建信恒指港股通ETF",2026-06-01,0.924,0.932,0.924,0.932,0.925,0.00700000000000001,0.7568,23255400.0,21638308.0,7.541302,1
sh.520780,"华宝中证港股通汽车产业主题ETF",2026-06-01,0.961,0.98,0.953,0.967,0.96,0.00700000000000001,0.7292,40135900.0,39060540.0,110.082008,1
sh.520790,"兴业中证港股通互联网ETF",2026-06-01,0.873,0.902,0.873,0.901,0.873,0.028,3.2073,16936800.0,15146622.0,4.865848,1
sh.520810,"易方达中证港股通高股息投资ETF",2026-06-01,1.032,1.042,1.019,1.04,1.026,0.014,1.3645,4911300.0,5098710.0,1.790093,1
sh.520820,"汇添富恒指港股通ETF",2026-06-01,0.925,0.929,0.922,0.928,0.922,0.00600000000000001,0.6508,1837000.0,1700141.0,2.636262,1
sh.520830,"华泰柏瑞南方东英沙特阿拉伯ETF(QDII)",2026-06-01,0.907,0.908,0.906,0.908,0.906,0.002,0.2208,15916600.0,14439169.0,1.279861,1
sh.520840,"华安恒生港股通科技主题ETF",2026-06-01,0.812,0.828,0.812,0.822,0.808,0.0139999999999999,1.7327,114083200.0,93502945.0,8.311776,1
sh.520850,"易方达中证港股通医疗主题ETF",2026-06-01,0.753,0.77,0.746,0.751,0.753,-0.002,-0.2656,12920700.0,9819491.0,7.012607,1
sh.520860,"富国中证港股通科技ETF",2026-06-01,0.829,0.841,0.826,0.831,0.824,0.00700000000000001,0.8495,49634200.0,41311461.0,12.012294,1
sh.520870,"易方达伊塔乌巴西IBOVESPAETF(QDII)",2026-06-01,1.114,1.122,1.113,1.116,1.124,-0.00800000000000001,-0.7117,42483372.0,47453508.0,7.948585,1
sh.520880,"华宝恒生港股通创新药精选ETF",2026-06-01,0.445,0.449,0.424,0.428,0.435,-0.00700000000000001,-1.6092,1249332500.0,545339478.0,20.984425,1
sh.520890,"华泰柏瑞恒生港股通高股息低波动ETF",2026-06-01,1.38,1.406,1.378,1.404,1.387,0.0169999999999999,1.2257,13605500.0,18995588.0,16.195481,1
sh.520900,"广发中证国新港股通央企红利ETF",2026-06-01,1.057,1.075,1.055,1.074,1.058,0.016,1.5123,90055700.0,96205338.0,5.226149,1
sh.520910,"华夏中证港股通互联网ETF",2026-06-01,0.669,0.695,0.669,0.694,0.672,0.0219999999999999,3.2738,50161100.0,34561808.0,6.290227,1
sh.520920,"天弘恒生科技ETF",2026-06-01,0.729,0.742,0.727,0.737,0.728,0.00900000000000001,1.2363,322902500.0,237566176.0,1.552191,1
sh.520930,"国泰恒生生物科技ETF",2026-06-01,0.86,0.876,0.83,0.837,0.853,-0.016,-1.8757,35091900.0,30044282.0,26.842419,1
sh.520940,"华安恒指港股通ETF",2026-06-01,0.987,1.003,0.987,1.001,0.996,0.00499999999999989,0.502,15349000.0,15348727.0,56.229622,1
sh.520950,"摩根恒生港股通50ETF",2026-06-01,0.852,0.859,0.852,0.856,0.849,0.00700000000000001,0.8245,51173900.0,43721723.0,13.852461,1
sh.520960,"嘉实恒指港股通ETF",2026-06-01,0.91,0.917,0.91,0.915,0.907,0.00800000000000001,0.882,4065300.0,3710086.0,5.9258,1
sh.520970,"嘉实中证港股通创新药ETF",2026-06-01,0.782,0.792,0.751,0.758,0.769,-0.011,-1.4304,72776400.0,56154289.0,5.511869,1
sh.520980,"汇添富恒生港股通中国科技ETF",2026-06-01,0.936,0.958,0.934,0.946,0.932,0.0139999999999999,1.5021,741454900.0,701237036.0,16.739447,1
sh.520990,"景顺长城中证国新港股通央企红利ETF",2026-06-01,1.036,1.057,1.035,1.055,1.037,0.018,1.7358,99890700.0,104971911.0,2.324407,1
sh.526000,"华夏中证港股通信息技术综合ETF",2026-06-01,1.336,1.382,1.336,1.341,1.336,0.00499999999999989,0.3743,157640000.0,213506804.0,231.340436,1
sh.526010,"汇添富中证港股通医疗主题ETF",2026-06-01,0.91,0.91,0.86,0.866,0.872,-0.00600000000000001,-0.6881,12161000.0,10653540.0,12.60756,1
sh.526050,"招商中证港股通信息技术综合ETF",2026-06-01,1.211,1.243,1.202,1.207,1.208,-0.00099999999999989,-0.0828,105035400.0,128147492.0,160.041749,1
sh.526070,sh.526070,2026-06-01,0.981,0.989,0.961,0.989,0.981,0.00800000000000001,0.8155,9082900.0,8947735.0,4.625236,1
sh.530000,"天弘上证50ETF",2026-06-01,1.352,1.367,1.35,1.354,1.365,-0.0109999999999999,-0.8059,674900.0,914032.0,0.069863,1
sh.530050,"上证50ETF东财",2026-06-01,1.166,1.168,1.152,1.156,1.166,-0.01,-0.8576,2189300.0,2535082.0,1.782629,1
sh.530060,"易方达上证综合ETF",2026-06-01,1.009,1.012,1.003,1.01,1.011,-0.00099999999999989,-0.0989,31826900.0,32079680.0,18.591239,1
sh.530080,"天弘上证180ETF",2026-06-01,1.235,1.245,1.229,1.231,1.239,-0.00800000000000001,-0.6457,3419900.0,4221440.0,10.389464,1
sh.530100,"易方达上证580ETF",2026-06-01,1.226,1.239,1.216,1.216,1.232,-0.016,-1.2987,2409400.0,2951855.0,1.712486,1
sh.530180,"易方达上证180ETF",2026-06-01,1.21,1.219,1.205,1.208,1.216,-0.00800000000000001,-0.6579,5599000.0,6784342.0,8.23964,1
sh.530280,"平安上证180ETF",2026-06-01,1.229,1.234,1.222,1.222,1.227,-0.00500000000000012,-0.4075,168200.0,205571.0,0.488471,1
sh.530300,"华泰柏瑞上证180ETF",2026-06-01,1.241,1.248,1.234,1.234,1.243,-0.00900000000000012,-0.7241,4415900.0,5485632.0,11.730999,1
sh.530380,"易方达上证380ETF",2026-06-01,1.123,1.135,1.118,1.12,1.13,-0.00999999999999979,-0.885,1322900.0,1487533.0,0.774963,1
sh.530530,"华夏上证580ETF",2026-06-01,1.217,1.231,1.205,1.217,1.217,0.0,0.0,1218700.0,1474185.0,0.741031,1
sh.530580,"南方上证180ETF",2026-06-01,1.196,1.201,1.187,1.19,1.201,-0.0110000000000001,-0.9159,16675600.0,19877052.0,24.115461,1
sh.530680,"兴业上证180ETF",2026-06-01,1.179,1.185,1.173,1.174,1.184,-0.01,-0.8446,1046900.0,1234702.0,0.86598,1
sh.530800,"银华上证180ETF",2026-06-01,1.237,1.237,1.225,1.225,1.237,-0.012,-0.9701,1741700.0,2140508.0,12.263938,1
sh.530880,"银河上证国有企业红利ETF",2026-06-01,1.056,1.105,1.053,1.1,1.054,0.046,4.3643,5874400.0,6339057.0,10.156996,1
sh.551000,"博时上证AAA科创债ETF",2026-06-01,101.477,101.522,101.477,101.492,101.473,0.0190000000000055,0.0187,587994.0,59689693.0,0.741798,1
sh.551030,"鹏华上证AAA科创债ETF",2026-06-01,101.422,101.469,101.422,101.466,101.433,0.032999999999987,0.0325,94736310.0,9612409288.0,52.683967,1
sh.551060,"中银上证AAA科创债ETF",2026-06-01,101.475,101.491,101.475,101.481,101.449,0.0319999999999965,0.0315,75634200.0,7674984369.0,117.606941,1
sh.551300,"摩根上证AAA科技创新公司债ETF",2026-06-01,101.686,101.729,101.686,101.72,101.686,0.0339999999999918,0.0334,22136000.0,2251673501.0,39.800423,1
sh.551500,"易方达中证AAA科技创新公司债ETF",2026-06-01,101.732,101.778,101.732,101.776,101.747,0.0289999999999964,0.0285,76987200.0,7834598731.0,77.203369,1
sh.551510,"华泰柏瑞中证AAA科技创新公司债ETF",2026-06-01,101.879,101.924,101.879,101.917,101.875,0.0420000000000016,0.0412,51658500.0,5264766331.0,47.269049,1
sh.551520,"汇添富中证AAA科创债ETF",2026-06-01,101.587,101.601,101.56,101.6,101.561,0.0389999999999873,0.0384,49789200.0,5057862057.0,30.594021,1
sh.551550,"华夏中证AAA科技创新公司债ETF",2026-06-01,101.319,101.319,101.28,101.315,101.29,0.0249999999999915,0.0247,79826600.0,8087630138.0,50.199663,1
sh.551560,"兴业中证AAA科技创新公司债ETF",2026-06-01,101.428,101.479,101.428,101.476,101.442,0.034000000000006,0.0335,15487010.0,1571452474.0,9.246594,1
sh.551580,"泰康中证AAA科技创新公司债ETF",2026-06-01,101.83,101.83,101.791,101.815,101.784,0.0309999999999917,0.0305,21738900.0,2213237886.0,20.5342,1
sh.551800,"国泰中证AAA科技创新公司债ETF",2026-06-01,100.64,100.685,100.64,100.675,100.649,0.0259999999999962,0.0258,102649150.0,10334202620.0,87.278232,1
sh.551900,"招商中证AAA科技创新公司债ETF",2026-06-01,101.38,101.38,101.345,101.38,101.354,0.0259999999999962,0.0257,45748210.0,4637498235.0,33.064215,1
sh.560010,"广发中证1000ETF",2026-06-01,3.446,3.506,3.441,3.446,3.469,-0.0229999999999997,-0.663,184205059.0,639386917.0,21.860944,1
sh.560020,"汇添富中证红利ETF",2026-06-01,1.1,1.13,1.097,1.129,1.099,0.03,2.7298,4240500.0,4745395.0,4.017071,1
sh.560030,"汇添富中证800价值ETF",2026-06-01,1.275,1.293,1.275,1.293,1.278,0.0149999999999999,1.1737,35500.0,45810.0,0.151502,1
sh.560050,"汇添富MSCI中国A50互联互通ETF",2026-06-01,1.142,1.149,1.124,1.126,1.146,-0.02,-1.7452,57753786.0,65793265.0,2.411498,1
sh.560060,"汇添富中证上海环交所碳中和ETF",2026-06-01,1.035,1.041,1.024,1.026,1.025,0.00100000000000011,0.0976,845400.0,875667.0,1.111053,1
sh.560070,"汇添富中证国新央企股东回报ETF",2026-06-01,1.176,1.185,1.162,1.185,1.176,0.00900000000000012,0.7653,3826250.0,4506294.0,2.89074,1
sh.560080,"汇添富中证中药ETF",2026-06-01,0.95,0.96,0.945,0.96,0.953,0.00700000000000001,0.7345,79302000.0,75730947.0,2.979301,1
sh.560090,"汇添富中证全指证券公司ETF",2026-06-01,1.11,1.119,1.1,1.112,1.109,0.00300000000000011,0.2705,88213900.0,97875538.0,3.631151,1
sh.560100,"南方中证500增强策略ETF",2026-06-01,1.399,1.41,1.382,1.386,1.398,-0.012,-0.8584,8287200.0,11544221.0,14.268521,1
sh.560110,"汇添富中证1000ETF",2026-06-01,1.25,1.265,1.242,1.244,1.252,-0.00800000000000001,-0.639,13269900.0,16633811.0,8.566559,1
sh.560120,"华夏中证500自由现金流ETF",2026-06-01,1.257,1.27,1.252,1.264,1.259,0.00500000000000012,0.3971,31143200.0,39177300.0,4.154149,1
sh.560130,"鹏华中证全指食品ETF",2026-06-01,0.922,0.931,0.916,0.93,0.922,0.00800000000000001,0.8677,198400.0,183615.0,0.258413,1
sh.560150,"泰康中证红利低波动ETF",2026-06-01,1.124,1.138,1.115,1.137,1.124,0.0129999999999999,1.1566,11486000.0,12955034.0,1.668799,1
sh.560160,"易方达中证全指食品ETF",2026-06-01,0.925,0.934,0.92,0.933,0.925,0.00800000000000001,0.8649,6002700.0,5574081.0,4.891937,1
sh.560170,"南方中证国新央企科技引领ETF",2026-06-01,1.307,1.323,1.27,1.271,1.311,-0.04,-3.0511,44972811.0,58370447.0,17.100221,1
sh.560180,"南方沪深300ESG基准ETF",2026-06-01,1.24,1.247,1.229,1.23,1.244,-0.014,-1.1254,2885900.0,3575765.0,22.024727,1
sh.560190,"鹏华中证全指公用事业ETF",2026-06-01,1.176,1.186,1.135,1.186,1.164,0.022,1.89,4065700.0,4738203.0,18.204083,1
sh.560210,"景顺长城农牧渔ETF",2026-06-01,0.803,0.818,0.798,0.815,0.803,0.0119999999999999,1.4944,9006000.0,7314773.0,1.430609,1
sh.560220,"广发中证2000ETF",2026-06-01,1.568,1.589,1.552,1.574,1.568,0.00600000000000001,0.3827,5069100.0,7964390.0,10.405197,1
sh.560230,"富国中证光伏产业ETF",2026-06-01,0.973,0.994,0.964,0.965,0.975,-0.01,-1.0256,14786600.0,14527156.0,20.01191,1
sh.560250,sh.560250,2026-06-01,0.976,0.989,0.976,0.984,0.98,0.004,0.4082,7109500.0,7002673.0,2.107561,1
sh.560260,"广发中证医疗ETF",2026-06-01,0.79,0.794,0.781,0.786,0.793,-0.00700000000000001,-0.8827,5063600.0,3983501.0,0.276146,1
sh.560270,"工银瑞信中证全指电力公用事业ETF",2026-06-01,1.15,1.16,1.091,1.139,1.122,0.0169999999999999,1.5152,24675300.0,27685515.0,18.844882,1
sh.560280,"广发中证工程机械主题ETF",2026-06-01,1.721,1.738,1.695,1.703,1.723,-0.02,-1.1608,57021225.0,97648752.0,2.545872,1
sh.560290,"景顺长城中证有色金属矿业主题ETF",2026-06-01,0.843,0.854,0.837,0.838,0.843,-0.005,-0.5931,5198500.0,4393276.0,2.057231,1
sh.560300,"汇添富中证电信主题ETF",2026-06-01,2.454,2.466,2.41,2.416,2.454,-0.0380000000000003,-1.5485,362400.0,881666.0,1.46109,1
sh.560310,"博时中证光伏产业ETF",2026-06-01,0.97,0.989,0.959,0.961,0.97,-0.00900000000000001,-0.9278,1956300.0,1896811.0,1.056763,1
sh.560320,"富国中证全指食品ETF",2026-06-01,0.935,0.945,0.93,0.944,0.935,0.0089999999999999,0.9626,8459200.0,7955261.0,4.467919,1
sh.560330,"申万菱信沪深300价值ETF",2026-06-01,1.193,1.205,1.189,1.205,1.193,0.012,1.0059,484600.0,580905.0,2.828955,1
sh.560350,"摩根中证A50ETF",2026-06-01,1.33,1.342,1.318,1.32,1.337,-0.0169999999999999,-1.2715,21046548.0,28028188.0,2.1141,1
sh.560360,"万家中证软件服务ETF",2026-06-01,1.352,1.416,1.336,1.399,1.336,0.0629999999999999,4.7156,19430200.0,27011891.0,9.508527,1
sh.560370,"易方达中证全指红利质量ETF",2026-06-01,0.899,0.907,0.895,0.902,0.9,0.002,0.2222,4365100.0,3936446.0,3.728178,1
sh.560380,"南方中证A100ETF",2026-06-01,1.328,1.34,1.313,1.314,1.331,-0.0169999999999999,-1.2772,8477500.0,11252073.0,5.852162,1
sh.560390,"易方达恒生A股电网设备ETF",2026-06-01,1.045,1.074,1.035,1.046,1.044,0.002,0.1916,189726228.0,200063119.0,12.43081,1
sh.560400,"华泰柏瑞中证全指证券公司ETF",2026-06-01,0.93,0.94,0.925,0.935,0.931,0.004,0.4296,27607500.0,25795625.0,11.673707,1
sh.560410,"鹏华中证电池主题ETF",2026-06-01,1.078,1.113,1.074,1.077,1.081,-0.004,-0.37,3217200.0,3502198.0,4.746106,1
sh.560420,sh.560420,2026-06-01,0.933,0.956,0.922,0.937,0.931,0.00600000000000001,0.6445,1332000.0,1243565.0,0.736806,1
sh.560450,"天弘中证全指电力公用事业ETF",2026-06-01,1.118,1.125,1.075,1.124,1.106,0.018,1.6275,42706300.0,47251978.0,16.421142,1
sh.560460,"平安中证全指电力公用事业ETF",2026-06-01,1.071,1.083,1.037,1.081,1.067,0.014,1.3121,40997700.0,43814710.0,12.2918,1
sh.560470,"易方达中证细分有色金属产业主题ETF",2026-06-01,0.924,0.938,0.919,0.922,0.926,-0.004,-0.432,8768000.0,8123095.0,3.603189,1
sh.560480,sh.560480,2026-06-01,1.08,1.084,1.032,1.079,1.065,0.014,1.3146,25238400.0,26892799.0,18.117628,1
sh.560490,sh.560490,2026-06-01,1.007,1.01,0.989,0.992,1.0,-0.00800000000000001,-0.8,14826400.0,14805559.0,8.306944,1
sh.560500,"鹏扬中证500质量成长ETF",2026-06-01,1.357,1.368,1.345,1.348,1.357,-0.0089999999999999,-0.6632,1864300.0,2524610.0,0.660306,1
sh.560510,"泰康中证A500ETF",2026-06-01,1.267,1.274,1.25,1.252,1.267,-0.0149999999999999,-1.1839,43330176.0,54664042.0,1.757797,1
sh.560520,"大成中证红利低波动100ETF",2026-06-01,1.118,1.133,1.11,1.133,1.118,0.0149999999999999,1.3417,300900.0,335861.0,2.560633,1
sh.560530,"摩根中证A500ETF",2026-06-01,1.303,1.312,1.288,1.291,1.304,-0.0130000000000001,-0.9969,71082884.0,92286051.0,3.10728,1
sh.560550,"广发中证上海环交所碳中和ETF",2026-06-01,1.058,1.075,1.057,1.058,1.06,-0.002,-0.1887,844400.0,900256.0,0.641654,1
sh.560560,"泰康中证内地低碳经济ETF",2026-06-01,0.802,0.817,0.798,0.799,0.8,-0.001,-0.125,491700.0,396434.0,0.700526,1
sh.560570,"国联安中证A500红利低波ETF",2026-06-01,0.985,0.996,0.982,0.994,0.988,0.00600000000000001,0.6073,24609500.0,24349151.0,1.714301,1
sh.560580,"南方中证全指电力公用事业ETF",2026-06-01,1.315,1.328,1.267,1.326,1.309,0.0170000000000001,1.2987,43445800.0,56639185.0,11.773834,1
sh.560590,"鹏华中证1000增强策略ETF",2026-06-01,1.574,1.586,1.558,1.565,1.59,-0.0250000000000001,-1.5723,1423900.0,2225364.0,7.224252,1
sh.560610,"招商中证A500ETF",2026-06-01,1.265,1.275,1.25,1.251,1.266,-0.0150000000000001,-1.1848,107581764.0,135927273.0,2.635524,1
sh.560620,"万家中证全指公用事业ETF",2026-06-01,1.095,1.108,1.067,1.104,1.092,0.012,1.0989,1169500.0,1279509.0,4.273395,1
sh.560630,"万家中证机器人ETF",2026-06-01,1.247,1.271,1.233,1.235,1.246,-0.0109999999999999,-0.8828,12963800.0,16227858.0,9.50467,1
sh.560650,"民生加银中证企业核心竞争力50ETF",2026-06-01,1.109,1.114,1.098,1.098,1.106,-0.00800000000000001,-0.7233,762600.0,842745.0,9.629761,1
sh.560660,"新华中证云计算50ETF",2026-06-01,1.155,1.188,1.155,1.161,1.156,0.00500000000000012,0.4325,11949000.0,14015395.0,8.132001,1
sh.560680,"广发中证主要消费ETF",2026-06-01,0.756,0.76,0.746,0.76,0.758,0.002,0.2639,18835100.0,14205823.0,5.965655,1
sh.560690,"鹏华中证电信主题ETF",2026-06-01,2.342,2.363,2.31,2.311,2.352,-0.0409999999999999,-1.7432,651400.0,1514870.0,3.591157,1
sh.560700,"广发中证国新央企股东回报ETF",2026-06-01,1.194,1.207,1.181,1.207,1.194,0.0130000000000001,1.0888,6405300.0,7673441.0,1.710192,1
sh.560710,"富国中证智选船舶产业ETF",2026-06-01,0.987,1.002,0.984,0.986,0.987,-0.001,-0.1013,200573500.0,199664275.0,13.43804,1
sh.560750,"申万菱信中证A500ETF",2026-06-01,1.414,1.426,1.398,1.402,1.415,-0.0130000000000001,-0.9187,4757600.0,6730940.0,7.148395,1
sh.560770,"招商中证机器人ETF",2026-06-01,1.1,1.12,1.086,1.091,1.104,-0.0130000000000001,-1.1775,50473100.0,55811239.0,3.22897,1
sh.560780,"广发中证半导体材料设备主题ETF",2026-06-01,2.628,2.662,2.52,2.522,2.666,-0.144,-5.4014,211129495.0,546511623.0,10.730873,1
sh.560790,sh.560790,2026-06-01,0.911,0.966,0.911,0.947,0.912,0.0349999999999999,3.8377,45294391.0,42869270.0,15.330339,1
sh.560800,"鹏扬中证数字经济主题ETF",2026-06-01,1.219,1.242,1.192,1.194,1.23,-0.036,-2.9268,17053300.0,20815013.0,5.199952,1
sh.560810,"融通中证诚通央企ESGETF",2026-06-01,1.257,1.279,1.257,1.27,1.265,0.00500000000000012,0.3953,134500.0,171041.0,0.064627,1
sh.560820,"新华中证A50ETF",2026-06-01,1.256,1.263,1.24,1.243,1.254,-0.0109999999999999,-0.8772,15800.0,19690.0,0.038606,1
sh.560830,sh.560830,2026-06-01,1.075,1.081,1.036,1.08,1.067,0.0130000000000001,1.2184,154607200.0,164969228.0,19.935965,1
sh.560850,"汇添富中证信息技术应用创新产业ETF",2026-06-01,1.475,1.517,1.463,1.466,1.452,0.014,0.9642,9453100.0,14030140.0,11.792201,1
sh.560860,"万家中证工业有色金属主题ETF",2026-06-01,1.671,1.703,1.665,1.673,1.682,-0.0089999999999999,-0.5351,152379779.0,256396821.0,2.740529,1
sh.560870,sh.560870,2026-06-01,0.967,0.98,0.961,0.964,0.968,-0.004,-0.4132,25092300.0,24313467.0,13.685323,1
sh.560880,"广发中证全指家用电器ETF",2026-06-01,1.548,1.567,1.546,1.555,1.549,0.00600000000000001,0.3873,14564400.0,22643148.0,6.643373,1
sh.560900,"摩根中证创新药产业ETF",2026-06-01,0.83,0.844,0.812,0.817,0.83,-0.013,-1.5663,14652600.0,12117787.0,7.476995,1
sh.560910,sh.560910,2026-06-01,0.96,0.988,0.955,0.957,0.961,-0.004,-0.4162,13648300.0,13244375.0,7.045338,1
sh.560930,"易方达中证全指电力公用事业ETF",2026-06-01,1.06,1.06,1.014,1.06,1.045,0.0150000000000001,1.4354,47276300.0,49406594.0,24.556055,1
sh.560950,"汇添富中证500增强策略ETF",2026-06-01,1.428,1.437,1.419,1.422,1.429,-0.00700000000000012,-0.4899,194400.0,277001.0,1.692937,1
sh.560980,"广发中证光伏龙头30ETF",2026-06-01,0.85,0.867,0.838,0.841,0.842,-0.001,-0.1188,43515600.0,37126497.0,8.685367,1
sh.560990,"中金科技先锋ETF",2026-06-01,1.223,1.236,1.196,1.199,1.222,-0.0229999999999999,-1.8822,1951400.0,2353818.0,12.055279,1
sh.561000,"华安沪深300增强策略ETF",2026-06-01,1.339,1.352,1.329,1.332,1.339,-0.0069999999999999,-0.5228,2879400.0,3856626.0,5.768029,1
sh.561010,"华安中证全指软件开发ETF",2026-06-01,0.963,1.015,0.963,1.004,0.963,0.041,4.2575,26300600.0,26244672.0,10.897015,1
sh.561030,sh.561030,2026-06-01,0.986,1.003,0.979,0.981,0.995,-0.014,-1.407,14640900.0,14499758.0,6.578701,1
sh.561050,sh.561050,2026-06-01,0.968,0.98,0.951,0.957,0.968,-0.011,-1.1364,9561400.0,9203422.0,2.818394,1
sh.561060,"华安中证国有企业红利ETF",2026-06-01,1.155,1.187,1.15,1.187,1.153,0.034,2.9488,3661000.0,4297893.0,2.097213,1
sh.561080,"华安中证全指自由现金流ETF",2026-06-01,1.244,1.251,1.241,1.249,1.242,0.00700000000000012,0.5636,1714600.0,2139212.0,4.864113,1
sh.561090,"华安中证A500增强策略ETF",2026-06-01,1.299,1.31,1.277,1.278,1.302,-0.024,-1.8433,6199100.0,7988858.0,3.280398,1
sh.561100,"富国中证消费电子主题ETF",2026-06-01,1.843,1.869,1.77,1.771,1.848,-0.0770000000000002,-4.1667,62338800.0,113350433.0,11.834678,1
sh.561120,"富国中证全指家用电器ETF",2026-06-01,1.305,1.318,1.299,1.308,1.302,0.00600000000000001,0.4608,6818600.0,8940539.0,24.213864,1
sh.561130,"富国中证新华社民族品牌工程ETF",2026-06-01,1.081,1.089,1.064,1.066,1.084,-0.018,-1.6605,22740100.0,24431068.0,20.685004,1
sh.561160,"富国中证电池主题ETF",2026-06-01,0.933,0.954,0.923,0.925,0.931,-0.00600000000000001,-0.6445,86620200.0,81206328.0,3.127269,1
sh.561170,"富国中证绿色电力ETF",2026-06-01,1.376,1.378,1.316,1.376,1.357,0.0189999999999999,1.4001,61209700.0,83106727.0,13.555984,1
sh.561180,"富国中证A100ETF",2026-06-01,1.404,1.409,1.384,1.384,1.405,-0.0210000000000001,-1.4947,610200.0,856799.0,1.230004,1
sh.561190,"富国中证上海环交所碳中和ETF",2026-06-01,1.068,1.083,1.066,1.066,1.068,-0.002,-0.1873,5233800.0,5611134.0,2.476741,1
sh.561200,"工银中证A100ETF",2026-06-01,1.549,1.557,1.53,1.53,1.551,-0.0209999999999999,-1.354,690400.0,1070530.0,2.193801,1
sh.561220,"工银瑞信中证诚通国企数字经济ETF",2026-06-01,1.872,1.883,1.784,1.786,1.875,-0.089,-4.7467,5651900.0,10359181.0,14.111053,1
sh.561230,"工银瑞信中证A50ETF",2026-06-01,1.392,1.392,1.365,1.369,1.385,-0.016,-1.1552,12140700.0,16737768.0,2.613839,1
sh.561260,"工银瑞信中证国新央企现代能源ETF",2026-06-01,1.386,1.393,1.361,1.387,1.376,0.0110000000000001,0.7994,4424762.0,6125704.0,15.862091,1
sh.561280,"工银中证1000增强策略ETF",2026-06-01,1.757,1.768,1.738,1.742,1.749,-0.00700000000000012,-0.4002,4331400.0,7589533.0,5.710654,1
sh.561300,"国泰沪深300增强策略ETF",2026-06-01,1.065,1.07,1.052,1.053,1.065,-0.012,-1.1268,17996400.0,19115890.0,5.901136,1
sh.561310,"国泰中证消费电子主题ETF",2026-06-01,1.64,1.661,1.577,1.578,1.651,-0.073,-4.4216,6834000.0,11049978.0,20.149425,1
sh.561320,"国泰中证内地运输主题ETF",2026-06-01,0.951,0.951,0.934,0.949,0.947,0.002,0.2112,702300.0,662762.0,1.22418,1
sh.561330,"国泰中证有色金属矿业主题ETF",2026-06-01,1.96,1.994,1.946,1.951,1.97,-0.0189999999999999,-0.9645,29542400.0,58056826.0,2.975976,1
sh.561350,"国泰中证500ETF",2026-06-01,1.32,1.33,1.302,1.306,1.319,-0.0129999999999999,-0.9856,26831700.0,35343936.0,39.633235,1
sh.561360,"国泰中证油气产业ETF",2026-06-01,1.426,1.47,1.426,1.451,1.433,0.018,1.2561,79502221.0,115713254.0,5.122077,1
sh.561370,"国泰中证2000ETF",2026-06-01,1.54,1.55,1.513,1.52,1.525,-0.00499999999999989,-0.3279,900300.0,1387787.0,4.027107,1
sh.561380,"国泰恒生A股电网设备ETF",2026-06-01,2.215,2.28,2.196,2.223,2.213,0.00999999999999979,0.4519,96309881.0,215356487.0,2.938594,1
sh.561500,"华泰柏瑞中证企业核心竞争力50ETF",2026-06-01,0.854,0.874,0.854,0.856,0.862,-0.00600000000000001,-0.6961,9149200.0,7929548.0,15.480801,1
sh.561510,"华泰柏瑞中证中药ETF",2026-06-01,0.93,0.934,0.922,0.933,0.93,0.003,0.3226,711900.0,660018.0,1.091771,1
sh.561550,"华泰柏瑞中证500增强策略ETF",2026-06-01,1.473,1.493,1.459,1.46,1.475,-0.0150000000000001,-1.0169,33873900.0,49887884.0,3.421642,1
sh.561560,"华泰柏瑞中证全指电力公用事业ETF",2026-06-01,1.519,1.527,1.458,1.526,1.505,0.0210000000000001,1.3953,190334200.0,285383433.0,8.557715,1
sh.561570,"华泰柏瑞中证油气产业ETF",2026-06-01,1.356,1.39,1.356,1.375,1.354,0.0209999999999999,1.551,16921900.0,23307339.0,18.982018,1
sh.561580,"华泰柏瑞中证中央企业红利ETF",2026-06-01,1.223,1.243,1.216,1.242,1.221,0.0209999999999999,1.7199,80489980.0,99054071.0,4.435026,1
sh.561590,"华泰柏瑞中证1000增强策略ETF",2026-06-01,1.609,1.628,1.594,1.597,1.615,-0.018,-1.1146,2441600.0,3922540.0,3.815024,1
sh.561600,"平安中证消费电子主题ETF",2026-06-01,1.683,1.721,1.632,1.635,1.707,-0.0720000000000001,-4.2179,27841400.0,46504391.0,20.430456,1
sh.561660,"平安中证通用航空主题ETF",2026-06-01,1.051,1.066,1.048,1.049,1.054,-0.00500000000000012,-0.4744,6178600.0,6531899.0,8.616093,1
sh.561680,"平安中证A500红利低波动ETF",2026-06-01,0.985,0.988,0.975,0.988,0.98,0.00800000000000001,0.8163,710000.0,697804.0,0.997625,1
sh.561700,"博时中证全指电力公用事业ETF",2026-06-01,1.312,1.323,1.263,1.319,1.306,0.0129999999999999,0.9954,26007700.0,33820178.0,7.631063,1
sh.561750,"博时中证A50ETF",2026-06-01,1.211,1.226,1.205,1.21,1.22,-0.01,-0.8197,4461300.0,5438334.0,6.328444,1
sh.561760,"博时中证油气资源ETF",2026-06-01,1.339,1.376,1.339,1.355,1.339,0.016,1.1949,16869600.0,23018076.0,8.083375,1
sh.561770,"博时中证A100ETF",2026-06-01,1.321,1.327,1.305,1.305,1.326,-0.0210000000000001,-1.5837,730400.0,963594.0,1.94514,1
sh.561780,"博时中证1000增强策略ETF",2026-06-01,1.674,1.683,1.653,1.653,1.66,-0.0069999999999999,-0.4217,796200.0,1326306.0,5.185012,1
sh.561790,"博时中证国新央企现代能源ETF",2026-06-01,1.372,1.399,1.362,1.391,1.372,0.0189999999999999,1.3848,4079634.0,5641271.0,6.482401,1
sh.561800,"华富中证稀有金属主题ETF",2026-06-01,1.121,1.149,1.114,1.115,1.139,-0.024,-2.1071,31509400.0,35733659.0,14.48194,1
sh.561870,"华富中证全指自由现金流ETF",2026-06-01,1.229,1.241,1.228,1.241,1.229,0.012,0.9764,2623500.0,3242535.0,2.053379,1
sh.561880,"华富中证A100ETF",2026-06-01,1.364,1.375,1.347,1.348,1.372,-0.024,-1.7493,5453000.0,7429274.0,6.618602,1
sh.561900,"招商沪深300ESG基准ETF",2026-06-01,1.034,1.038,1.021,1.021,1.036,-0.0150000000000001,-1.4479,3001200.0,3090841.0,11.3965,1
sh.561910,"招商中证电池主题ETF",2026-06-01,0.93,0.949,0.918,0.921,0.924,-0.003,-0.3247,182214200.0,170174159.0,3.79133,1
sh.561920,"招商中证疫苗与生物技术ETF",2026-06-01,0.647,0.658,0.644,0.645,0.646,-0.001,-0.1548,621200.0,402671.0,1.455074,1
sh.561930,"招商沪深300ETF",2026-06-01,1.639,1.645,1.618,1.622,1.639,-0.0169999999999999,-1.0372,4179000.0,6812472.0,3.824801,1
sh.561950,"招商中证500增强策略ETF",2026-06-01,1.451,1.473,1.448,1.451,1.448,0.00300000000000011,0.2072,1815200.0,2657392.0,2.082702,1
sh.561960,"招商中证国新央企股东回报ETF",2026-06-01,1.266,1.286,1.266,1.286,1.27,0.016,1.2598,1752597.0,2241154.0,3.187398,1
sh.561980,"招商中证半导体产业ETF",2026-06-01,3.063,3.077,2.901,2.902,3.082,-0.18,-5.8404,149606088.0,445456137.0,11.281575,1
sh.561990,"招商沪深300增强策略ETF",2026-06-01,1.052,1.061,1.046,1.05,1.051,-0.00099999999999989,-0.0951,17433800.0,18379350.0,4.943666,1
sh.562000,"华宝中证A100ETF",2026-06-01,0.643,0.645,0.632,0.633,0.643,-0.01,-1.5552,7183600.0,4580989.0,1.149858,1
sh.562010,"华宝中证绿色能源ETF",2026-06-01,1.047,1.057,1.024,1.026,1.043,-0.0169999999999999,-1.6299,1094900.0,1136730.0,4.506002,1
sh.562030,"华宝中证信息技术应用创新产业ETF",2026-06-01,0.557,0.571,0.55,0.561,0.551,0.01,1.8149,26563400.0,14891172.0,18.197363,1
sh.562050,"华宝中证制药ETF",2026-06-01,0.913,0.926,0.901,0.906,0.913,-0.00700000000000001,-0.7667,14787100.0,13409639.0,14.020461,1
sh.562060,"华宝标普中国A股红利机会ETF",2026-06-01,0.627,0.636,0.622,0.636,0.627,0.00900000000000001,1.4354,81738300.0,51430667.0,1.38123,1
sh.562070,"华宝沪深300增强策略ETF",2026-06-01,1.075,1.083,1.061,1.063,1.075,-0.012,-1.1163,12592500.0,13425964.0,2.871447,1
sh.562080,"华宝沪深300自由现金流ETF",2026-06-01,0.622,0.627,0.62,0.625,0.624,0.001,0.1603,43266400.0,26992769.0,5.717342,1
sh.562300,"银华中证内地低碳经济主题ETF",2026-06-01,0.811,0.819,0.802,0.802,0.803,-0.001,-0.1245,306600.0,248674.0,0.490599,1
sh.562310,"银华沪深300成长ETF",2026-06-01,1.161,1.172,1.141,1.146,1.168,-0.022,-1.8836,63968070.0,73513381.0,11.921612,1
sh.562320,"银华沪深300价值ETF",2026-06-01,1.289,1.31,1.287,1.298,1.29,0.00800000000000001,0.6202,5513700.0,7147504.0,9.971336,1
sh.562330,"银华中证500价值ETF",2026-06-01,1.297,1.297,1.281,1.295,1.29,0.00499999999999989,0.3876,402700.0,518710.0,4.019403,1
sh.562340,"银华中证500质量成长ETF",2026-06-01,1.411,1.425,1.404,1.408,1.412,-0.004,-0.2833,130500.0,184419.0,1.602348,1
sh.562350,"银华中证全指电力公用事业ETF",2026-06-01,1.317,1.324,1.266,1.322,1.306,0.016,1.2251,39948000.0,51971381.0,32.634349,1
sh.562360,"银华中证机器人ETF",2026-06-01,1.198,1.224,1.189,1.19,1.207,-0.0170000000000001,-1.4085,21679300.0,26120155.0,8.135615,1
sh.562380,"银华中证国新央企科技引领ETF",2026-06-01,1.345,1.357,1.299,1.3,1.343,-0.0429999999999999,-3.2018,2412800.0,3218577.0,3.322094,1
sh.562390,"银华中证中药ETF",2026-06-01,0.864,0.874,0.863,0.874,0.864,0.01,1.1574,1453100.0,1261830.0,1.721091,1
sh.562500,"华夏中证机器人ETF",2026-06-01,1.11,1.134,1.102,1.102,1.118,-0.016,-1.4311,808728297.0,902964266.0,4.987167,1
sh.562510,"华夏中证旅游主题ETF",2026-06-01,0.622,0.627,0.611,0.625,0.626,-0.001,-0.1597,125683320.0,78078914.0,12.351016,1
sh.562520,"华夏中证智选1000成长创新策略ETF",2026-06-01,1.455,1.472,1.439,1.442,1.456,-0.014,-0.9615,3475900.0,5081680.0,9.505305,1
sh.562530,"华夏中证智选1000价值稳健策略ETF",2026-06-01,1.27,1.302,1.27,1.302,1.276,0.026,2.0376,4235300.0,5463660.0,11.10345,1
sh.562550,"华夏中证绿色电力ETF",2026-06-01,1.366,1.37,1.308,1.368,1.353,0.0150000000000001,1.1086,276682000.0,371943448.0,17.54573,1
sh.562560,"华夏中证全指信息技术ETF",2026-06-01,2.458,2.498,2.35,2.352,2.436,-0.0840000000000001,-3.4483,380500.0,919926.0,1.789283,1
sh.562570,"华夏中证信息技术应用创新产业ETF",2026-06-01,1.473,1.516,1.464,1.466,1.459,0.0069999999999999,0.4798,22516600.0,33475019.0,6.521239,1
sh.562580,"华夏中证全指可选消费ETF",2026-06-01,1.155,1.155,1.139,1.143,1.147,-0.004,-0.3487,2956200.0,3384713.0,8.897972,1
sh.562590,"华夏中证半导体材料设备主题ETF",2026-06-01,2.513,2.545,2.409,2.412,2.547,-0.135,-5.3004,142934409.0,353142446.0,9.301611,1
sh.562600,"华夏中证全指医疗器械ETF",2026-06-01,0.802,0.808,0.798,0.8,0.806,-0.00600000000000001,-0.7444,31199800.0,25013984.0,6.291076,1
sh.562660,"华夏中证2000ETF",2026-06-01,1.947,1.976,1.936,1.952,1.944,0.00800000000000001,0.4115,40549800.0,79367997.0,16.163413,1
sh.562700,"华夏中证汽车零部件主题ETF",2026-06-01,1.402,1.426,1.397,1.398,1.409,-0.0110000000000001,-0.7807,17803200.0,25119924.0,15.380734,1
sh.562800,"嘉实中证稀有金属主题ETF",2026-06-01,1.049,1.065,1.032,1.034,1.055,-0.0209999999999999,-1.9905,223992949.0,234529917.0,3.924025,1
sh.562810,"嘉实上证综合增强策略ETF",2026-06-01,1.183,1.187,1.175,1.185,1.185,0.0,0.0,4399900.0,5192939.0,10.877111,1
sh.562820,"嘉实中证全指集成电路ETF",2026-06-01,3.266,3.3,3.1,3.105,3.274,-0.169,-5.1619,20607200.0,65956847.0,19.415844,1
sh.562850,"嘉实中证国新央企现代能源ETF",2026-06-01,1.396,1.404,1.372,1.4,1.386,0.014,1.0101,14520382.0,20234113.0,5.542522,1
sh.562860,"嘉实中证疫苗与生物技术ETF",2026-06-01,0.633,0.643,0.628,0.631,0.632,-0.001,-0.1582,13257100.0,8377887.0,3.935084,1
sh.562870,"嘉实中证全指证券公司ETF",2026-06-01,0.873,0.882,0.868,0.876,0.874,0.002,0.2288,5121600.0,4483206.0,1.093179,1
sh.562880,"嘉实中证电池主题ETF",2026-06-01,0.952,0.973,0.942,0.945,0.95,-0.005,-0.5263,45183900.0,43400305.0,4.46305,1
sh.562890,"嘉实中证A50ETF",2026-06-01,1.424,1.429,1.404,1.408,1.424,-0.016,-1.1236,12115300.0,17207385.0,5.754093,1
sh.562900,"易方达中证现代农业主题ETF",2026-06-01,0.689,0.7,0.683,0.7,0.689,0.011,1.5965,18794800.0,13020611.0,8.794687,1
sh.562910,"易方达中证装备产业ETF",2026-06-01,0.968,0.984,0.958,0.962,0.968,-0.00600000000000001,-0.6198,9396400.0,9156677.0,4.965668,1
sh.562920,"易方达中证信息安全主题ETF",2026-06-01,0.977,1.002,0.963,0.98,0.972,0.00800000000000001,0.823,15700100.0,15476352.0,17.239785,1
sh.562930,"易方达中证软件服务ETF",2026-06-01,0.781,0.82,0.778,0.813,0.774,0.0389999999999999,5.0388,155315000.0,124968376.0,13.090876,1
sh.562950,"易方达中证消费电子主题ETF",2026-06-01,1.767,1.797,1.707,1.71,1.781,-0.071,-3.9865,152851400.0,266722918.0,13.867113,1
sh.562960,"易方达中证绿色电力ETF",2026-06-01,1.372,1.378,1.309,1.368,1.355,0.0130000000000001,0.9594,112291193.0,151257520.0,9.718891,1
sh.562970,"易方达中证光伏产业ETF",2026-06-01,1.24,1.271,1.231,1.231,1.243,-0.012,-0.9654,18735400.0,23435012.0,4.342447,1
sh.562990,"易方达中证上海环交所碳中和ETF",2026-06-01,1.067,1.086,1.067,1.068,1.067,0.00100000000000011,0.0937,9948200.0,10682768.0,2.507385,1
sh.563000,"易方达MSCI中国A50互联互通ETF",2026-06-01,1.168,1.174,1.146,1.147,1.167,-0.02,-1.7138,23383777.0,27066135.0,1.348972,1
sh.563010,"易方达中证电信主题ETF",2026-06-01,2.32,2.326,2.276,2.28,2.322,-0.0420000000000003,-1.8088,4773100.0,11002894.0,5.177499,1
sh.563020,"易方达中证红利低波动ETF",2026-06-01,1.173,1.189,1.165,1.188,1.175,0.0129999999999999,1.1064,270359600.0,318201528.0,3.00603,1
sh.563030,"易方达中证500增强策略ETF",2026-06-01,1.622,1.64,1.611,1.616,1.622,-0.00600000000000001,-0.3699,1143100.0,1857620.0,1.124335,1
sh.563050,"易方达中证国新央企科技引领ETF",2026-06-01,1.397,1.411,1.354,1.355,1.396,-0.0409999999999999,-2.937,9726500.0,13393904.0,7.958946,1
sh.563060,"易方达中证国资央企50ETF",2026-06-01,1.109,1.131,1.099,1.106,1.106,0.0,0.0,4000900.0,4423426.0,1.84776,1
sh.563080,"易方达中证A50ETF",2026-06-01,1.428,1.44,1.407,1.411,1.425,-0.014,-0.9825,22546300.0,31973872.0,2.022836,1
sh.563090,"易方达上证50增强策略ETF",2026-06-01,1.35,1.35,1.311,1.316,1.343,-0.0269999999999999,-2.0104,3525600.0,4687586.0,7.368333,1
sh.563150,"银华中证油气资源ETF",2026-06-01,1.327,1.36,1.327,1.341,1.327,0.014,1.055,7312100.0,9860869.0,14.508423,1
sh.563180,"银华中证高股息策略ETF",2026-06-01,1.129,1.147,1.127,1.146,1.13,0.016,1.4159,7867600.0,8966201.0,6.876071,1
sh.563200,"富国中证2000ETF",2026-06-01,1.648,1.679,1.641,1.657,1.663,-0.00600000000000001,-0.3608,4557600.0,7581939.0,16.597958,1
sh.563210,"富国恒生A股专精特新企业ETF",2026-06-01,2.104,2.129,2.026,2.028,2.127,-0.0989999999999998,-4.6544,12478600.0,25836664.0,12.724566,1
sh.563220,"富国中证A500ETF",2026-06-01,1.348,1.355,1.328,1.33,1.349,-0.0189999999999999,-1.4085,469220000.0,630078005.0,8.117974,1
sh.563230,"富国中证卫星产业ETF",2026-06-01,1.341,1.367,1.331,1.332,1.355,-0.0229999999999999,-1.6974,212272200.0,285948790.0,5.957285,1
sh.563280,"富国MSCI中国A50互联互通增强策略ETF",2026-06-01,1.477,1.482,1.46,1.462,1.48,-0.018,-1.2162,1041700.0,1532358.0,15.532461,1
sh.563300,"华泰柏瑞中证2000ETF",2026-06-01,1.552,1.579,1.547,1.553,1.557,-0.004,-0.2569,368324119.0,576180844.0,14.395117,1
sh.563320,"华泰柏瑞中证通用航空主题ETF",2026-06-01,0.984,0.994,0.977,0.978,0.983,-0.005,-0.5086,20173733.0,19875637.0,9.0509,1
sh.563330,"华泰柏瑞中证A股ETF",2026-06-01,4.474,4.519,4.452,4.469,4.49,-0.0209999999999999,-0.4677,6196100.0,27756740.0,20.142975,1
sh.563350,"华泰柏瑞中证A50ETF",2026-06-01,1.466,1.466,1.439,1.445,1.462,-0.0169999999999999,-1.1628,14233900.0,20731489.0,7.652733,1
sh.563360,"华泰柏瑞中证A500ETF",2026-06-01,1.366,1.377,1.349,1.35,1.368,-0.018,-1.3158,3160572411.0,4307982435.0,13.624339,1
sh.563380,"华泰柏瑞中证全指航空航天ETF",2026-06-01,1.023,1.043,1.023,1.028,1.031,-0.00299999999999989,-0.291,48756000.0,50449778.0,5.521943,1
sh.563390,"华泰柏瑞中证全指自由现金流ETF",2026-06-01,1.259,1.266,1.25,1.263,1.257,0.00600000000000001,0.4773,47791700.0,60300035.0,1.90114,1
sh.563500,"华宝中证A500ETF",2026-06-01,0.675,0.681,0.668,0.668,0.677,-0.00900000000000001,-1.3294,48458500.0,32622700.0,7.867167,1
sh.563510,"易方达中证A500红利低波动ETF",2026-06-01,0.978,0.987,0.973,0.986,0.979,0.00700000000000001,0.715,13023400.0,12784606.0,4.482527,1
sh.563520,"沪深300ETF永赢",2026-06-01,1.258,1.263,1.243,1.245,1.259,-0.0139999999999998,-1.112,13920500.0,17439324.0,3.505849,1
sh.563530,"易方达中证卫星产业ETF",2026-06-01,1.335,1.364,1.326,1.328,1.351,-0.0229999999999999,-1.7024,89218055.0,119940329.0,6.086862,1
sh.563550,"摩根中证A500增强策略ETF",2026-06-01,1.329,1.337,1.316,1.317,1.329,-0.012,-0.9029,4462800.0,5903185.0,5.82923,1
sh.563560,"兴业中证科技优势成长50策略ETF",2026-06-01,1.296,1.305,1.25,1.251,1.296,-0.0450000000000002,-3.4722,10879700.0,13848801.0,17.061111,1
sh.563570,"兴业中证金融科技ETF",2026-06-01,0.792,0.827,0.792,0.815,0.795,0.0199999999999999,2.5157,19155200.0,15676592.0,17.513486,1
sh.563580,"万家中证800自由现金流ETF",2026-06-01,1.147,1.157,1.143,1.152,1.151,0.00099999999999989,0.0869,6397700.0,7375348.0,1.940767,1
sh.563590,"国寿安保中证A500红利低波动ETF",2026-06-01,0.965,0.974,0.963,0.973,0.967,0.00600000000000001,0.6205,385800.0,372862.0,0.536247,1
sh.563600,"易方达中证A500增强策略ETF",2026-06-01,1.125,1.127,1.109,1.111,1.125,-0.014,-1.2444,4912700.0,5488055.0,10.801178,1
sh.563620,"兴业中证全指自由现金流ETF",2026-06-01,1.12,1.121,1.114,1.12,1.113,0.00700000000000012,0.6289,1563300.0,1750285.0,2.4795,1
sh.563630,"国联安中证A500增强ETF",2026-06-01,1.338,1.344,1.319,1.323,1.34,-0.0170000000000001,-1.2687,869900.0,1158419.0,2.419945,1
sh.563650,"兴业中证A500ETF",2026-06-01,1.367,1.371,1.346,1.348,1.361,-0.0129999999999999,-0.9552,12369700.0,16755007.0,11.153017,1
sh.563660,"银河中证A500ETF",2026-06-01,1.335,1.347,1.321,1.321,1.338,-0.0170000000000001,-1.2706,7053500.0,9428904.0,10.673343,1
sh.563670,"鹏华中证金融科技主题ETF",2026-06-01,0.727,0.757,0.726,0.747,0.727,0.02,2.751,3267800.0,2432726.0,1.711007,1
sh.563680,"汇添富中证800自由现金流ETF",2026-06-01,1.233,1.244,1.232,1.244,1.236,0.00800000000000001,0.6472,9155000.0,11359563.0,7.326403,1
sh.563690,"永赢中证红利低波ETF",2026-06-01,1.013,1.025,1.002,1.022,1.012,0.01,0.9881,2585400.0,2630362.0,6.324055,1
sh.563700,"易方达中证红利价值ETF",2026-06-01,1.056,1.078,1.051,1.076,1.056,0.02,1.8939,7813443.0,8362833.0,2.082752,1
sh.563750,"汇添富中证500ETF",2026-06-01,1.156,1.168,1.143,1.144,1.153,-0.00900000000000012,-0.7806,16950800.0,19572902.0,4.881623,1
sh.563760,"中银中证全指自由现金流ETF",2026-06-01,1.215,1.221,1.205,1.219,1.211,0.00800000000000001,0.6606,81362300.0,99092039.0,9.021079,1
sh.563770,"招商中证全指自由现金流ETF",2026-06-01,1.226,1.238,1.226,1.237,1.229,0.00800000000000001,0.6509,7338300.0,9056489.0,26.873329,1
sh.563780,"方正富邦中证全指自由现金流ETF",2026-06-01,1.247,1.257,1.242,1.256,1.247,0.0089999999999999,0.7217,5418800.0,6790911.0,1.522019,1
sh.563790,"鹏华中证卫星产业ETF",2026-06-01,1.008,1.03,1.002,1.004,1.018,-0.014,-1.3752,69425100.0,70599495.0,6.552956,1
sh.563800,"广发中证A500ETF",2026-06-01,1.29,1.298,1.274,1.275,1.291,-0.016,-1.2393,523609010.0,675268834.0,7.09019,1
sh.563830,"博时中证全指自由现金流ETF",2026-06-01,1.21,1.225,1.209,1.224,1.215,0.0089999999999999,0.7407,7610600.0,9274648.0,5.043606,1
sh.563850,"广发中证全指食品ETF",2026-06-01,0.95,0.962,0.947,0.962,0.951,0.011,1.1567,1482800.0,1416516.0,2.484514,1
sh.563860,"海富通中证A500ETF",2026-06-01,1.366,1.375,1.349,1.349,1.366,-0.0170000000000001,-1.2445,25524400.0,34781043.0,14.940153,1
sh.563870,"鹏华中证通用航空主题ETF",2026-06-01,0.767,0.772,0.76,0.762,0.767,-0.005,-0.6519,1150000.0,878731.0,0.963925,1
sh.563880,"汇添富中证A500ETF",2026-06-01,1.331,1.342,1.317,1.318,1.335,-0.0169999999999999,-1.2734,97368200.0,129423756.0,9.416687,1
sh.563890,"创金合信中证国有企业红利ETF",2026-06-01,1.048,1.079,1.048,1.079,1.05,0.0289999999999999,2.7619,537800.0,572556.0,2.004024,1
sh.563900,"摩根沪深300自由现金流ETF",2026-06-01,1.179,1.187,1.173,1.181,1.179,0.002,0.1696,25400900.0,29998233.0,4.643966,1
sh.563930,"招商上证综合增强策略ETF",2026-06-01,1.033,1.04,1.026,1.032,1.033,-0.00099999999999989,-0.0968,1603100.0,1659678.0,5.074386,1
sh.563960,"兴全沪深300质量ETF",2026-06-01,0.971,0.974,0.966,0.967,0.966,0.001,0.1035,1803900.0,1746710.0,0.707378,1
sh.563980,"鑫元中证800红利低波动ETF",2026-06-01,0.984,1.001,0.98,0.999,0.984,0.015,1.5244,9535200.0,9460945.0,4.39477,1
sh.563990,"富国中证800自由现金流ETF",2026-06-01,1.267,1.277,1.262,1.275,1.268,0.0069999999999999,0.5521,7626100.0,9699535.0,1.548217,1
sh.588000,"华夏上证科创板50成份ETF",2026-06-01,1.841,1.85,1.751,1.754,1.844,-0.0900000000000001,-4.8807,4195016494.0,7517959824.0,12.382472,1
sh.588010,"博时上证科创板新材料ETF",2026-06-01,1.124,1.151,1.096,1.096,1.131,-0.0349999999999999,-3.0946,46251200.0,51990146.0,22.792173,1
sh.588020,"易方达上证科创板成长ETF",2026-06-01,2.717,2.741,2.6,2.606,2.741,-0.135,-4.9252,94501659.0,251087862.0,21.487857,1
sh.588030,"博时上证科创板100ETF",2026-06-01,1.788,1.814,1.729,1.732,1.79,-0.0580000000000001,-3.2402,246214726.0,434754958.0,8.676137,1
sh.588040,"鹏华科创板50ETF",2026-06-01,1.795,1.795,1.695,1.7,1.787,-0.087,-4.8685,10373200.0,17972331.0,17.32071,1
sh.588050,"工银瑞信上证科创板50成份ETF",2026-06-01,1.792,1.798,1.705,1.707,1.794,-0.087,-4.8495,250286424.0,437140254.0,5.484839,1
sh.588060,"广发上证科创板50成份ETF",2026-06-01,1.11,1.115,1.057,1.059,1.113,-0.054,-4.8518,466316027.0,504939146.0,9.066757,1
sh.588070,"万家上证科创板成长ETF",2026-06-01,2.328,2.351,2.233,2.233,2.352,-0.119,-5.0595,3046700.0,6900513.0,11.524379,1
sh.588080,"易方达上证科创板50ETF",2026-06-01,1.787,1.79,1.699,1.702,1.791,-0.089,-4.9693,1502383369.0,2612493338.0,7.452806,1
sh.588090,"华泰柏瑞上证科创板50成份ETF",2026-06-01,1.796,1.802,1.709,1.712,1.799,-0.087,-4.836,187581561.0,327583324.0,9.739069,1
sh.588100,"嘉实上证科创板新一代信息技术ETF",2026-06-01,2.702,2.715,2.568,2.57,2.711,-0.141,-5.201,7480300.0,19784151.0,11.123338,1
sh.588110,"广发上证科创板成长ETF",2026-06-01,2.673,2.678,2.536,2.54,2.676,-0.136,-5.0822,14523500.0,37879639.0,9.570171,1
sh.588120,"国泰上证科创板100ETF",2026-06-01,1.801,1.828,1.741,1.745,1.803,-0.0579999999999998,-3.2169,87703290.0,157360173.0,14.819476,1
sh.588130,"华夏上证科创板生物医药ETF",2026-06-01,1.015,1.036,0.991,0.994,1.017,-0.0229999999999999,-2.2616,15598300.0,15744125.0,19.356908,1
sh.588140,"广发上证科创200ETF",2026-06-01,1.34,1.352,1.297,1.299,1.34,-0.0410000000000001,-3.0597,8606800.0,11353625.0,3.352197,1
sh.588150,"南方上证科创板50成份ETF",2026-06-01,1.235,1.243,1.173,1.175,1.237,-0.0620000000000001,-5.0121,47353500.0,56998154.0,15.974458,1
sh.588160,"南方上证科创板新材料ETF",2026-06-01,1.15,1.174,1.12,1.122,1.154,-0.0319999999999998,-2.773,12382800.0,14162784.0,6.956786,1
sh.588170,"华夏上证科创板半导体材料设备主题ETF",2026-06-01,2.416,2.447,2.301,2.31,2.449,-0.139,-5.6758,866903771.0,2053113192.0,19.969454,1
sh.588180,"国联安科创ETF",2026-06-01,1.129,1.134,1.077,1.08,1.133,-0.0529999999999999,-4.6778,29867000.0,32909617.0,3.137772,1
sh.588190,"银华上证科创板100ETF",2026-06-01,1.779,1.801,1.718,1.721,1.781,-0.0599999999999998,-3.3689,112013377.0,196995698.0,6.959002,1
sh.588200,"嘉实上证科创板芯片ETF",2026-06-01,3.58,3.599,3.364,3.37,3.586,-0.216,-6.0234,1870293300.0,6489098287.0,14.271715,1
sh.588210,"易方达上证科创板100ETF",2026-06-01,1.8,1.806,1.722,1.722,1.784,-0.0620000000000001,-3.4753,8927000.0,15749716.0,4.938757,1
sh.588220,"鹏华上证科创板100ETF",2026-06-01,1.778,1.804,1.721,1.722,1.782,-0.0600000000000001,-3.367,371140681.0,654279113.0,11.098048,1
sh.588230,"华泰柏瑞上证科创板200ETF",2026-06-01,1.987,2.015,1.927,1.929,1.992,-0.0629999999999999,-3.1627,121512800.0,238644716.0,18.581672,1
sh.588240,"鹏华上证科创板200ETF",2026-06-01,1.826,1.847,1.771,1.773,1.83,-0.0570000000000002,-3.1148,33469200.0,60590320.0,25.426147,1
sh.588250,"鹏华上证科创板生物医药ETF",2026-06-01,1.034,1.055,1.009,1.013,1.036,-0.0230000000000001,-2.2201,7719800.0,7914244.0,3.09194,1
sh.588260,"华安上证科创板新一代信息技术ETF",2026-06-01,2.643,2.646,2.505,2.51,2.641,-0.131,-4.9602,1673200.0,4276403.0,3.363487,1
sh.588270,"易方达上证科创板200ETF",2026-06-01,1.856,1.877,1.8,1.801,1.859,-0.0580000000000001,-3.12,14206500.0,25930807.0,4.447732,1
sh.588280,"华安上证科创板50ETF",2026-06-01,1.255,1.264,1.199,1.202,1.263,-0.0609999999999999,-4.8298,18089000.0,22173287.0,6.848755,1
sh.588290,"华安上证科创板芯片ETF",2026-06-01,3.495,3.517,3.291,3.295,3.508,-0.213,-6.0718,245727000.0,836083094.0,18.918128,1
sh.588300,"招商中证科创创业50ETF",2026-06-01,1.318,1.334,1.275,1.275,1.326,-0.0510000000000002,-3.8462,72847834.0,94997907.0,5.451823,1
sh.588310,"方正富邦中证科创创业50ETF",2026-06-01,1.394,1.394,1.334,1.335,1.388,-0.0529999999999999,-3.8184,2335400.0,3170759.0,6.374343,1
sh.588320,"广发中证科创创业50增强策略ETF",2026-06-01,2.03,2.057,1.957,1.958,2.057,-0.099,-4.8128,8473800.0,16911801.0,23.653579,1
sh.588330,"华宝双创龙头ETF",2026-06-01,1.299,1.32,1.254,1.258,1.309,-0.0509999999999999,-3.8961,108910100.0,139606527.0,12.051073,1
sh.588350,"鹏扬中证科创创业50ETF",2026-06-01,1.994,2.026,1.918,1.921,2.006,-0.0849999999999997,-4.2373,4106100.0,8025144.0,0.610531,1
sh.588360,"国泰中证科创创业50ETF",2026-06-01,1.393,1.414,1.345,1.346,1.402,-0.0559999999999998,-3.9943,22457600.0,30944923.0,10.519679,1
sh.588370,"南方上证科创板50成份增强策略ETF",2026-06-01,1.852,1.852,1.75,1.754,1.854,-0.1,-5.3937,7397800.0,13259615.0,11.69206,1
sh.588380,"富国中证科创创业50ETF",2026-06-01,1.304,1.327,1.263,1.264,1.315,-0.0509999999999999,-3.8783,92040514.0,118935357.0,4.163279,1
sh.588390,"博时中证科创创业50ETF",2026-06-01,1.391,1.408,1.343,1.344,1.4,-0.0559999999999998,-4.0,5963700.0,8152622.0,3.9775,1
sh.588400,"嘉实中证科创创业50ETF",2026-06-01,1.293,1.309,1.25,1.252,1.302,-0.05,-3.8402,31390900.0,40233593.0,2.575979,1
sh.588410,"鹏华中证科创创业人工智能ETF",2026-06-01,1.37,1.41,1.326,1.328,1.37,-0.042,-3.0657,6808000.0,9213796.0,6.011479,1
sh.588420,"摩根中证科创创业人工智能ETF",2026-06-01,1.37,1.386,1.328,1.33,1.37,-0.04,-2.9197,20833000.0,28246103.0,13.214884,1
sh.588430,"工银瑞信中证科创创业人工智能ETF",2026-06-01,1.39,1.41,1.352,1.353,1.395,-0.042,-3.0108,13261900.0,18329679.0,12.006283,1
sh.588450,"招商上证科创板50成份增强策略ETF",2026-06-01,2.271,2.292,2.166,2.169,2.271,-0.102,-4.4914,6464500.0,14364830.0,13.310012,1
sh.588460,"鹏华上证科创板50成份增强策略ETF",2026-06-01,2.132,2.136,2.023,2.025,2.135,-0.11,-5.1522,42787780.0,88765086.0,6.743394,1
sh.588470,sh.588470,2026-06-01,0.969,0.979,0.941,0.945,0.974,-0.029,-2.9774,32240800.0,30906830.0,5.63742,1
sh.588480,"中金中证科创创业人工智能ETF",2026-06-01,1.036,1.04,1.001,1.004,1.036,-0.032,-3.0888,32229100.0,32725135.0,11.359594,1
sh.588500,"易方达上证科创板100增强策略ETF",2026-06-01,2.703,2.703,2.58,2.58,2.673,-0.093,-3.4792,2856200.0,7558105.0,7.026841,1
sh.588510,sh.588510,2026-06-01,0.975,0.988,0.942,0.942,0.969,-0.027,-2.7864,34600100.0,33264407.0,8.75564,1
sh.588520,"永赢上证科创板综合价格增强策略ETF",2026-06-01,1.507,1.52,1.456,1.459,1.493,-0.034,-2.2773,1191600.0,1758455.0,9.196573,1
sh.588550,"易方达上证科创板综合增强策略ETF",2026-06-01,1.459,1.463,1.4,1.4,1.459,-0.0590000000000002,-4.0439,6607500.0,9508621.0,10.440038,1
sh.588660,"兴银中证科创创业50ETF",2026-06-01,2.163,2.178,2.071,2.072,2.162,-0.0899999999999999,-4.1628,1483100.0,3115186.0,4.447877,1
sh.588670,"嘉实上证科创板综合增强策略ETF",2026-06-01,1.823,1.844,1.743,1.748,1.824,-0.0760000000000001,-4.1667,2135300.0,3800463.0,5.109351,1
sh.588680,"广发上证科创板100增强策略ETF",2026-06-01,2.525,2.561,2.461,2.465,2.525,-0.0600000000000001,-2.3762,1567400.0,3926660.0,4.432567,1
sh.588690,"银华上证科创板综合增强策略ETF",2026-06-01,1.296,1.311,1.264,1.266,1.309,-0.0429999999999999,-3.285,1389700.0,1793374.0,2.691339,1
sh.588700,"嘉实上证科创板生物医药ETF",2026-06-01,0.996,1.011,0.968,0.971,0.994,-0.023,-2.3139,41784600.0,41128614.0,10.060428,1
sh.588710,"华泰柏瑞上证科创板半导体材料设备主题ETF",2026-06-01,2.499,2.535,2.382,2.386,2.529,-0.143,-5.6544,189055847.0,464370734.0,20.860299,1
sh.588720,"中银上证科创板50ETF",2026-06-01,1.77,1.77,1.68,1.683,1.77,-0.087,-4.9153,7875000.0,13534549.0,8.098369,1
sh.588730,"易方达上证科创板人工智能ETF",2026-06-01,1.704,1.736,1.66,1.661,1.711,-0.05,-2.9223,78914000.0,133793319.0,11.155557,1
sh.588750,"汇添富上证科创板芯片ETF",2026-06-01,2.382,2.398,2.242,2.245,2.392,-0.147,-6.1455,228541200.0,527957070.0,9.086302,1
sh.588760,"广发上证科创板人工智能ETF",2026-06-01,0.875,0.89,0.85,0.852,0.874,-0.022,-2.5172,379446824.0,330134360.0,16.501046,1
sh.588770,"摩根上证科创板新一代信息技术ETF",2026-06-01,1.924,1.94,1.82,1.824,1.923,-0.099,-5.1482,13927100.0,26172598.0,4.469586,1
sh.588780,"国联安科创芯片设计ETF",2026-06-01,1.1,1.105,1.033,1.034,1.101,-0.0669999999999999,-6.0854,320779530.0,342357122.0,35.646051,1
sh.588790,"博时科创板人工智能ETF",2026-06-01,0.923,0.939,0.897,0.897,0.923,-0.026,-2.8169,540980300.0,495450798.0,16.55192,1
sh.588800,"华夏上证科创板100ETF",2026-06-01,1.753,1.784,1.702,1.706,1.76,-0.054,-3.0682,189788814.0,331330208.0,12.955956,1
sh.588810,"富国上证科创板芯片ETF",2026-06-01,2.535,2.553,2.385,2.389,2.544,-0.155,-6.0928,50173896.0,123313153.0,12.287766,1
sh.588820,"华夏上证科创板200ETF",2026-06-01,2.109,2.151,2.063,2.063,2.126,-0.0629999999999997,-2.9633,18152000.0,38262661.0,11.316708,1
sh.588830,"鹏华上证科创板新能源ETF",2026-06-01,1.575,1.617,1.554,1.556,1.576,-0.02,-1.269,74180800.0,118057838.0,11.684815,1
sh.588840,"万家上证科创板50成份ETF",2026-06-01,1.62,1.62,1.537,1.537,1.622,-0.0850000000000002,-5.2404,2915700.0,4574667.0,8.516474,1
sh.588850,"嘉实上证科创板工业机械ETF",2026-06-01,1.855,1.897,1.81,1.812,1.873,-0.0609999999999999,-3.2568,18195200.0,33681624.0,25.70706,1
sh.588860,"工银瑞信上证科创板生物医药ETF",2026-06-01,0.661,0.675,0.645,0.647,0.662,-0.015,-2.2659,17932300.0,11774846.0,4.659079,1
sh.588870,"汇添富上证科创板50成份ETF",2026-06-01,1.771,1.781,1.69,1.694,1.785,-0.091,-5.098,62356900.0,107621342.0,22.629812,1
sh.588880,"华泰柏瑞上证科创板100ETF",2026-06-01,1.758,1.78,1.7,1.704,1.76,-0.056,-3.1818,5776200.0,10049554.0,5.642584,1
sh.588890,"南方上证科创板芯片ETF",2026-06-01,4.027,4.058,3.791,3.796,4.04,-0.244,-6.0396,142812598.0,557083897.0,17.50562,1
sh.588900,"南方上证科创板100ETF",2026-06-01,1.823,1.843,1.758,1.76,1.818,-0.0580000000000001,-3.1903,4933200.0,8908982.0,1.473552,1
sh.588910,"建信上证智选科创板创新价值ETF",2026-06-01,1.574,1.603,1.535,1.535,1.582,-0.0470000000000002,-2.9709,14679800.0,23005147.0,12.759596,1
sh.588920,"鹏华上证科创板芯片ETF",2026-06-01,2.287,2.3,2.154,2.156,2.297,-0.141,-6.1384,23446900.0,51928184.0,17.571381,1
sh.588930,"银华上证科创板人工智能ETF",2026-06-01,1.806,1.835,1.753,1.755,1.806,-0.0510000000000002,-2.8239,41378300.0,74412641.0,7.846771,1
sh.588940,"富国上证科创板50成份ETF",2026-06-01,1.799,1.811,1.718,1.721,1.811,-0.0899999999999999,-4.9696,57737100.0,101310907.0,15.097824,1
sh.588950,"景顺长城上证科创板50成份ETF",2026-06-01,1.817,1.822,1.73,1.732,1.831,-0.099,-5.4069,35561300.0,62835021.0,16.038131,1
sh.588960,"富国上证科创板新能源ETF",2026-06-01,1.432,1.475,1.418,1.42,1.435,-0.0150000000000001,-1.0453,24711800.0,35891275.0,14.572372,1
sh.588980,"广发上证科创板100ETF",2026-06-01,1.616,1.635,1.563,1.564,1.616,-0.052,-3.2178,1605000.0,2558056.0,11.130374,1
sh.588990,"博时上证科创板芯片ETF",2026-06-01,3.703,3.747,3.499,3.503,3.732,-0.229,-6.1361,32144600.0,116406721.0,17.68661,1
sh.589000,"华夏上证科创板综合ETF",2026-06-01,1.656,1.665,1.59,1.591,1.653,-0.0620000000000001,-3.7508,100403700.0,163608967.0,12.372487,1
sh.589010,"华夏上证科创板人工智能ETF",2026-06-01,1.632,1.657,1.585,1.586,1.633,-0.0469999999999999,-2.8781,107442700.0,174281589.0,10.293487,1
sh.589020,"鹏华科创板半导体材料设备主题ETF",2026-06-01,1.959,1.973,1.856,1.859,1.973,-0.114,-5.778,139302950.0,265936061.0,27.848392,1
sh.589030,"易方达上证科创板芯片设计主题ETF",2026-06-01,1.273,1.284,1.2,1.2,1.273,-0.073,-5.7345,92513000.0,114952053.0,30.126971,1
sh.589050,"兴业科创价格ETF",2026-06-01,1.451,1.462,1.391,1.398,1.45,-0.052,-3.5862,2017700.0,2882488.0,4.295904,1
sh.589060,"科创综指ETF东财",2026-06-01,1.73,1.749,1.664,1.667,1.732,-0.0649999999999999,-3.7529,3036000.0,5163160.0,4.208606,1
sh.589070,"天弘上证科创板芯片设计主题ETF",2026-06-01,1.195,1.2,1.126,1.128,1.197,-0.0690000000000002,-5.7644,77988000.0,90688413.0,24.273171,1
sh.589080,"汇添富上证科创板综合ETF",2026-06-01,1.641,1.658,1.58,1.58,1.643,-0.0629999999999999,-3.8344,20423500.0,32965154.0,14.793099,1
sh.589090,"鹏华科创板人工智能ETF",2026-06-01,1.234,1.252,1.2,1.202,1.233,-0.0310000000000001,-2.5142,5232400.0,6389011.0,2.83705,1
sh.589100,"国泰上证科创板芯片ETF",2026-06-01,2.291,2.307,2.155,2.159,2.298,-0.139,-6.0487,33744600.0,74884265.0,9.538382,1
sh.589110,"国泰上证科创板人工智能ETF",2026-06-01,1.069,1.085,1.038,1.039,1.07,-0.0310000000000001,-2.8972,14062700.0,14946891.0,2.285083,1
sh.589120,"汇添富上证科创板创新药ETF",2026-06-01,0.776,0.805,0.752,0.756,0.776,-0.02,-2.5773,65506000.0,50817958.0,10.289655,1
sh.589130,"易方达上证科创板芯片ETF",2026-06-01,1.406,1.43,1.33,1.333,1.419,-0.0860000000000001,-6.0606,144292195.0,197700245.0,4.873452,1
sh.589150,"平安上证科创板50成份ETF",2026-06-01,1.27,1.276,1.212,1.215,1.288,-0.073,-5.6677,11311000.0,13982732.0,16.772642,1
sh.589160,"广发上证科创板芯片ETF",2026-06-01,1.294,1.295,1.213,1.215,1.295,-0.0799999999999998,-6.1776,29349800.0,36630912.0,14.227033,1
sh.589170,"鹏华上证科创板芯片设计主题ETF",2026-06-01,1.214,1.214,1.138,1.139,1.207,-0.0680000000000001,-5.6338,11558700.0,13566019.0,10.913803,1
sh.589180,"汇添富上证科创板新材料ETF",2026-06-01,1.844,1.885,1.8,1.8,1.852,-0.052,-2.8078,3775300.0,6935893.0,18.581061,1
sh.589190,"华宝上证科创板芯片ETF",2026-06-01,1.297,1.305,1.22,1.222,1.303,-0.081,-6.2164,79497700.0,100588306.0,6.522722,1
sh.589200,"工银瑞信上证科创板200ETF",2026-06-01,1.518,1.54,1.477,1.477,1.519,-0.0419999999999998,-2.765,3316700.0,5004769.0,13.003097,1
sh.589210,"广发上证科创板芯片设计主题ETF",2026-06-01,1.517,1.537,1.425,1.425,1.514,-0.089,-5.8785,6155500.0,8979020.0,11.731689,1
sh.589220,"国泰上证科创板200ETF",2026-06-01,1.121,1.134,1.087,1.091,1.124,-0.0330000000000001,-2.9359,28126500.0,31305417.0,6.533513,1
sh.589230,"南方上证科创板人工智能ETF",2026-06-01,0.999,1.016,0.973,0.973,0.999,-0.026,-2.6026,34671000.0,34451653.0,13.40963,1
sh.589250,"浦银安盛科创板芯片设计ETF",2026-06-01,1.391,1.397,1.305,1.31,1.397,-0.087,-6.2276,14568400.0,19743649.0,23.087321,1
sh.589260,"国泰上证科创板芯片设计主题ETF",2026-06-01,1.385,1.408,1.312,1.314,1.393,-0.079,-5.6712,12226000.0,16516999.0,18.205373,1
sh.589270,"前海开源上证科创板100ETF",2026-06-01,1.123,1.134,1.093,1.093,1.115,-0.022,-1.9731,6263900.0,6938203.0,14.732834,1
sh.589280,sh.589280,2026-06-01,0.96,0.978,0.945,0.948,0.962,-0.014,-1.4553,14684600.0,14145146.0,13.463587,1
sh.589300,"嘉实上证科创板综合ETF",2026-06-01,1.8,1.814,1.735,1.739,1.801,-0.0619999999999998,-3.4425,2638900.0,4633563.0,5.322241,1
sh.589320,sh.589320,2026-06-01,0.947,0.96,0.918,0.92,0.948,-0.0279999999999999,-2.9536,27839400.0,26100893.0,9.565062,1
sh.589330,sh.589330,2026-06-01,0.958,0.973,0.934,0.935,0.965,-0.0299999999999999,-3.1088,9542400.0,9096304.0,4.319744,1
sh.589380,"富国上证科创板人工智能ETF",2026-06-01,1.639,1.667,1.593,1.596,1.639,-0.0429999999999999,-2.6236,6976100.0,11308626.0,6.859873,1
sh.589500,"工银瑞信上证科创板综合价格ETF",2026-06-01,1.662,1.677,1.605,1.605,1.665,-0.0600000000000001,-3.6036,7127900.0,11683529.0,7.914261,1
sh.589520,"华宝上证科创板人工智能ETF",2026-06-01,0.696,0.71,0.679,0.68,0.698,-0.0179999999999999,-2.5788,53863000.0,37326048.0,7.039952,1
sh.589550,"华夏上证智选科创板价值50策略ETF",2026-06-01,1.348,1.37,1.335,1.335,1.358,-0.0230000000000001,-1.6937,5377100.0,7274629.0,21.257141,1
sh.589560,"汇添富上证科创板人工智能ETF",2026-06-01,1.112,1.124,1.076,1.077,1.109,-0.032,-2.8855,9557500.0,10516188.0,3.642965,1
sh.589580,"兴银上证科创板综合价格ETF",2026-06-01,1.636,1.653,1.592,1.597,1.654,-0.0569999999999999,-3.4462,178100.0,289721.0,1.719975,1
sh.589600,"富国上证科创板综合价格ETF",2026-06-01,1.645,1.667,1.587,1.587,1.664,-0.077,-4.6274,5167600.0,8346740.0,2.212773,1
sh.589630,"国泰上证科创板综合ETF",2026-06-01,1.663,1.684,1.608,1.609,1.669,-0.0600000000000001,-3.595,14996200.0,24693642.0,8.442428,1
sh.589660,"南方上证科创板综合ETF",2026-06-01,1.668,1.673,1.6,1.6,1.668,-0.0679999999999998,-4.0767,25466500.0,41849289.0,9.737506,1
sh.589680,"鹏华科创板综合ETF",2026-06-01,1.613,1.628,1.558,1.56,1.619,-0.0589999999999999,-3.6442,87997000.0,140287357.0,9.832686,1
sh.589700,"南方上证科创板成长ETF",2026-06-01,2.278,2.278,2.169,2.172,2.279,-0.107,-4.695,3046100.0,6710180.0,21.314814,1
sh.589720,"国泰上证科创板创新药ETF",2026-06-01,0.843,0.874,0.815,0.821,0.842,-0.021,-2.4941,329012100.0,276530785.0,17.844018,1
sh.589770,"招商上证科创板综合ETF",2026-06-01,1.656,1.676,1.602,1.605,1.668,-0.0629999999999999,-3.777,8341400.0,13627910.0,4.671242,1
sh.589780,"富国上证科创板200ETF",2026-06-01,1.353,1.369,1.311,1.312,1.366,-0.054,-3.9531,2323500.0,3106771.0,3.858673,1
sh.589800,"易方达上证科创板综合ETF",2026-06-01,1.646,1.668,1.595,1.597,1.659,-0.0620000000000001,-3.7372,84142921.0,137046296.0,8.48225,1
sh.589820,"建信上证科创板200ETF",2026-06-01,1.402,1.402,1.345,1.348,1.384,-0.0359999999999998,-2.6012,4911900.0,6727366.0,3.540869,1
sh.589850,"科创50ETF东财",2026-06-01,1.685,1.686,1.597,1.602,1.685,-0.083,-4.9258,82755700.0,135010546.0,22.36296,1
sh.589860,"天弘上证科创板综合ETF",2026-06-01,1.651,1.659,1.584,1.586,1.649,-0.0629999999999999,-3.8205,16241600.0,26366528.0,9.54131,1
sh.589880,"建信上证科创板综合ETF",2026-06-01,1.633,1.665,1.581,1.582,1.649,-0.0669999999999999,-4.0631,14394935.0,23329446.0,3.788181,1
sh.589890,"景顺长城上证科创板综合价格ETF",2026-06-01,1.658,1.658,1.581,1.581,1.643,-0.0620000000000001,-3.7736,8586800.0,13768713.0,9.542267,1
sh.589900,"博时科创综指ETF",2026-06-01,1.66,1.675,1.595,1.596,1.663,-0.0669999999999999,-4.0289,18180008.0,29526395.0,10.453796,1
sh.589950,"富国上证科创板100ETF",2026-06-01,1.325,1.35,1.28,1.28,1.325,-0.0449999999999999,-3.3962,5538200.0,7268045.0,1.897469,1
sh.589960,"易方达上证科创板新能源ETF",2026-06-01,1.1,1.131,1.087,1.09,1.101,-0.0109999999999999,-0.9991,50518000.0,56288851.0,36.789595,1
sh.589980,"汇添富上证科创板100ETF",2026-06-01,1.839,1.855,1.771,1.773,1.833,-0.0600000000000001,-3.2733,2655400.0,4827734.0,1.965187,1
sh.589990,"华泰柏瑞上证科创板综合ETF",2026-06-01,1.706,1.73,1.655,1.658,1.719,-0.0610000000000002,-3.5486,5051100.0,8526847.0,4.588155,1
sh.600000,"浦发银行",2026-06-01,9.32,9.35,9.2,9.32,9.37,-0.0499999999999989,-0.5336,75072117.0,697403297.5,0.2254,0
sh.600004,"白云机场",2026-06-01,8.24,8.3,8.15,8.3,8.27,0.0300000000000011,0.3628,7130555.0,58694264.1,0.3013,0
sh.600006,"东风股份",2026-06-01,6.12,6.22,6.05,6.21,6.12,0.0899999999999999,1.4706,16115600.0,99475331.0,0.8058,0
sh.600007,"中国国贸",2026-06-01,21.43,21.93,21.11,21.73,21.44,0.289999999999999,1.3526,3146464.0,67993448.85,0.3124,0
sh.600008,"首创环保",2026-06-01,3.16,3.21,3.12,3.2,3.15,0.0500000000000003,1.5873,131464003.0,417482514.12,1.7909,0
sh.600009,"上海机场",2026-06-01,25.06,25.18,24.72,24.84,25.07,-0.23,-0.9174,17459692.0,434404958.44,0.8532,0
sh.600010,"包钢股份",2026-06-01,2.36,2.39,2.36,2.37,2.36,0.0100000000000002,0.4237,348981608.0,828871325.87,1.1143,0
sh.600011,"华能国际",2026-06-01,9.0,9.76,8.7,9.76,8.87,0.890000000000001,10.0338,712492660.0,6614876203.63,6.4786,0
sh.600012,"皖通高速",2026-06-01,16.41,17.07,16.11,17.0,16.83,0.170000000000002,1.0101,7357352.0,122567936.63,0.6312,0
sh.600015,"华夏银行",2026-06-01,6.72,6.86,6.68,6.86,6.71,0.15,2.2355,93368808.0,633534170.07,0.6068,0
sh.600016,"民生银行",2026-06-01,3.54,3.59,3.53,3.59,3.55,0.04,1.1268,218597798.0,776661150.31,0.6164,0
sh.600017,"日照港",2026-06-01,2.78,2.85,2.76,2.85,2.77,0.0800000000000001,2.8881,45279664.0,126883333.56,1.4722,0
sh.600018,"上港集团",2026-06-01,5.11,5.14,5.04,5.14,5.13,0.00999999999999979,0.1949,60128859.0,306954966.91,0.2587,0
sh.600019,"宝钢股份",2026-06-01,6.03,6.04,5.93,6.04,6.03,0.00999999999999979,0.1658,111586589.0,667998725.32,0.5123,0
sh.600020,"中原高速",2026-06-01,4.0,4.1,3.91,4.08,4.01,0.0700000000000003,1.7456,25685105.0,103237585.5,1.1429,0
sh.600021,"上海电力",2026-06-01,22.08,22.08,20.05,20.59,22.28,-1.69,-7.5853,175929240.0,3671240555.44,6.2359,0
sh.600022,"山东钢铁",2026-06-01,1.34,1.37,1.33,1.37,1.34,0.03,2.2388,88290651.0,119742829.06,0.8252,0
sh.600023,"浙能电力",2026-06-01,6.55,6.73,6.28,6.7,6.47,0.23,3.5549,180562412.0,1179770476.65,1.3466,0
sh.600025,"华能水电",2026-06-01,9.91,10.11,9.72,10.1,9.9,0.199999999999999,2.0202,65890705.0,657532774.25,0.3537,0
sh.600026,"中远海能",2026-06-01,19.66,19.68,18.68,18.8,19.48,-0.68,-3.4908,64503992.0,1229260549.84,1.6877,0
sh.600027,"华电国际",2026-06-01,5.62,6.08,5.41,5.92,5.56,0.36,6.4748,525797054.0,3032963093.34,5.7055,0
sh.600028,"中国石化",2026-06-01,4.84,4.89,4.8,4.87,4.85,0.0200000000000005,0.4124,349235315.0,1693661545.85,0.3686,0
sh.600029,"南方航空",2026-06-01,5.44,5.5,5.34,5.43,5.49,-0.0600000000000005,-1.0929,128936577.0,698761223.34,0.9567,0
sh.600030,"中信证券",2026-06-01,26.01,26.31,25.53,25.67,26.05,-0.379999999999999,-1.4587,221410020.0,5715779762.89,1.8183,0
sh.600031,"三一重工",2026-06-01,17.91,18.23,17.38,18.07,17.94,0.129999999999999,0.7246,131284017.0,2341229118.87,1.5492,0
sh.600032,"浙江新能",2026-06-01,10.8,10.83,10.11,10.67,10.61,0.0600000000000005,0.5655,81111620.0,856309686.78,3.3731,0
sh.600033,"福建高速",2026-06-01,3.62,3.66,3.57,3.65,3.62,0.0299999999999998,0.8287,28580450.0,103403678.5,1.0414,0
sh.600035,"楚天高速",2026-06-01,3.84,3.94,3.81,3.93,3.85,0.0800000000000001,2.0779,18988929.0,73589347.76,1.1794,0
sh.600036,"招商银行",2026-06-01,38.0,38.2,37.8,38.2,38.01,0.190000000000005,0.4999,96137886.0,3656722113.78,0.466,0
sh.600037,"歌华有线",2026-06-01,7.32,7.47,7.24,7.4,7.3,0.100000000000001,1.3699,19583701.0,144311269.44,1.4071,0
sh.600038,"中直股份",2026-06-01,27.88,28.37,27.46,27.71,27.4,0.310000000000002,1.1314,8807301.0,244181882.59,1.3166,0
sh.600039,"四川路桥",2026-06-01,8.75,8.77,8.43,8.47,8.76,-0.289999999999999,-3.3105,29443405.0,251920709.09,0.3386,0
sh.600048,"保利发展",2026-06-01,5.72,5.84,5.66,5.74,5.77,-0.0299999999999994,-0.5199,160288800.0,919054479.6,1.339,0
sh.600050,"中国联通",2026-06-01,4.35,4.42,4.33,4.4,4.35,0.0500000000000007,1.1494,174870726.0,766213749.46,0.5643,0
sh.600051,"宁波联合",2026-06-01,6.64,6.98,6.6,6.96,6.68,0.28,4.1916,7334753.0,50352679.82,2.3594,0
sh.600052,"东望时代",2026-06-01,4.2,4.39,4.18,4.35,4.23,0.119999999999999,2.8369,15863600.0,68582093.0,1.8791,0
sh.600053,"*ST九鼎",2026-06-01,9.26,9.6,9.03,9.6,9.14,0.459999999999999,5.0328,5577600.0,52567522.0,1.2865,1
sh.600054,"黄山旅游",2026-06-01,11.03,11.22,10.93,11.2,11.03,0.17,1.5413,8945521.0,99388604.11,1.7427,0
sh.600055,"万东医疗",2026-06-01,12.95,13.46,12.52,13.16,12.61,0.550000000000001,4.3616,11634290.0,152289298.6,1.6548,0
sh.600056,"中国医药",2026-06-01,9.95,9.97,9.85,9.95,9.9,0.0499999999999989,0.5051,11931373.0,118396846.15,0.7979,0
sh.600057,"厦门象屿",2026-06-01,6.37,6.51,6.33,6.49,6.36,0.13,2.044,24644248.0,158082413.32,1.1777,0
sh.600058,"五矿发展",2026-06-01,9.99,10.17,9.93,10.06,10.02,0.0400000000000009,0.3992,8117409.0,81561967.63,0.7573,0
sh.600059,"古越龙山",2026-06-01,8.26,8.38,8.18,8.34,8.27,0.0700000000000003,0.8464,7510000.0,62264235.0,0.8239,0
sh.600060,"海信视像",2026-06-01,25.7,26.28,25.52,26.14,25.82,0.32,1.2393,13220389.0,343421864.3,1.0168,0
sh.600061,"国投资本",2026-06-01,6.45,6.49,6.38,6.49,6.44,0.0499999999999998,0.7764,37036359.0,238090121.25,0.5792,0
sh.600062,"华润双鹤",2026-06-01,16.75,16.91,16.6,16.89,16.74,0.150000000000002,0.8961,5977601.0,100167231.68,0.5758,0
sh.600063,"皖维高新",2026-06-01,6.86,7.47,6.68,7.15,7.0,0.15,2.1429,174002077.0,1244591030.3,8.4095,0
sh.600064,"南京高科",2026-06-01,7.65,7.76,7.56,7.75,7.65,0.0999999999999996,1.3072,24796402.0,190309487.9,1.433,0
sh.600066,"宇通客车",2026-06-01,32.21,33.05,31.91,32.67,32.3,0.370000000000005,1.1455,18476527.0,602081504.86,0.8346,0
sh.600067,"冠城新材",2026-06-01,3.04,3.17,3.01,3.14,3.04,0.1,3.2895,29325552.0,91824250.58,2.1072,0
sh.600071,"凤凰光学",2026-06-01,17.66,17.94,17.29,17.7,17.65,0.0500000000000007,0.2833,3640556.0,64333409.34,1.2929,0
sh.600072,"中船科技",2026-06-01,11.26,11.36,11.12,11.18,11.25,-0.0700000000000003,-0.6222,24217293.0,271842390.56,2.2354,0
sh.600073,"光明肉业",2026-06-01,5.28,5.46,5.24,5.46,5.28,0.18,3.4091,8999025.0,48388337.48,0.9597,0
sh.600075,"新疆天业",2026-06-01,5.05,5.21,5.05,5.2,5.04,0.16,3.1746,16586120.0,85467761.4,0.9712,0
sh.600076,"康欣新材",2026-06-01,3.52,3.8,3.43,3.59,3.51,0.0800000000000001,2.2792,41715100.0,151583350.0,3.1025,0
sh.600078,"澄星股份",2026-06-01,12.33,12.5,12.05,12.09,12.25,-0.16,-1.3061,19734610.0,241733658.9,2.9785,0
sh.600079,"ST人福",2026-06-01,17.49,17.81,17.42,17.77,17.5,0.27,1.5429,9834387.0,173733550.56,0.6373,1
sh.600080,"ST金花",2026-06-01,5.41,5.77,5.36,5.73,5.5,0.23,4.1818,10189300.0,56906201.0,2.7297,1
sh.600081,"东风科技",2026-06-01,10.67,11.02,10.54,10.92,10.67,0.25,2.343,4736458.0,51520494.0,0.8565,0
sh.600082,"ST海泰",2026-06-01,3.38,3.49,3.37,3.42,3.37,0.0499999999999998,1.4837,13785400.0,47135204.0,2.1732,1
sh.600084,"*ST尼雅",2026-06-01,4.81,5.07,4.78,5.03,4.84,0.19,3.9256,5815900.0,28816843.0,0.5176,1
sh.600085,"同仁堂",2026-06-01,25.84,26.09,25.55,26.04,25.65,0.390000000000001,1.5205,9439579.0,243457263.07,0.6883,0
sh.600088,"中视传媒",2026-06-01,15.17,15.95,14.88,15.46,15.53,-0.0699999999999985,-0.4507,16069068.0,248627698.38,4.0404,0
sh.600089,"特变电工",2026-06-01,25.66,26.56,25.65,26.46,25.35,1.11,4.3787,188461128.0,4947380808.84,3.7298,0
sh.600094,"大名城",2026-06-01,4.36,4.4,4.3,4.31,4.38,-0.0700000000000003,-1.5982,19647989.0,85265773.37,0.9241,0
sh.600095,"湘财股份",2026-06-01,8.48,8.54,8.35,8.5,8.48,0.0199999999999996,0.2358,19866710.0,167855017.1,0.6948,0
sh.600096,"云天化",2026-06-01,30.73,31.39,30.57,31.01,30.64,0.370000000000001,1.2076,31826740.0,988332330.78,1.7459,0
sh.600097,"开创国际",2026-06-01,8.92,9.37,8.86,9.37,9.09,0.279999999999999,3.0803,3072600.0,28419315.0,1.2753,0
sh.600098,"广州发展",2026-06-01,8.08,8.13,7.68,8.04,8.0,0.0399999999999991,0.5,69240005.0,550284149.67,1.975,0
sh.600099,"林海股份",2026-06-01,9.68,10.05,9.52,9.93,9.68,0.25,2.5826,5250551.0,51965931.44,2.3962,0
sh.600100,"同方股份",2026-06-01,8.0,8.11,7.95,8.01,7.99,0.0199999999999996,0.2503,42487940.0,340904964.38,1.2682,0
sh.600101,"明星电力",2026-06-01,10.35,10.48,9.91,10.45,10.35,0.0999999999999996,0.9662,50489704.0,519395602.33,9.2158,0
sh.600103,"青山纸业",2026-06-01,3.69,3.74,3.64,3.69,3.71,-0.02,-0.5391,79409620.0,293753245.5,3.5894,0
sh.600104,"上汽集团",2026-06-01,12.1,12.28,12.01,12.21,12.32,-0.109999999999999,-0.8929,41123037.0,499901517.66,0.3577,0
sh.600105,"永鼎股份",2026-06-01,46.93,49.38,45.01,45.11,47.81,-2.7,-5.6474,123976248.0,5851726248.69,8.4799,0
sh.600106,"重庆路桥",2026-06-01,5.34,5.38,5.2,5.36,5.34,0.0200000000000005,0.3745,10682630.0,56802041.41,0.8038,0
sh.600107,"*ST尔雅",2026-06-01,6.12,6.43,6.05,6.43,6.12,0.31,5.0654,6818852.0,43320575.64,1.8941,1
sh.600108,"亚盛集团",2026-06-01,3.46,3.56,3.44,3.54,3.47,0.0699999999999998,2.0173,62526623.0,220162918.85,3.2116,0
sh.600109,"国金证券",2026-06-01,8.6,8.68,8.55,8.64,8.67,-0.0299999999999994,-0.346,28108772.0,242179798.36,0.7586,0
sh.600110,"诺德股份",2026-06-01,12.61,13.19,12.2,12.37,12.66,-0.290000000000001,-2.2907,312431063.0,3944595530.01,18.0057,0
sh.600111,"北方稀土",2026-06-01,48.0,48.96,47.77,47.86,48.62,-0.759999999999998,-1.5631,68812072.0,3315973182.53,1.9035,0
sh.600113,"浙江东日",2026-06-01,37.79,39.97,37.14,38.83,37.77,1.06,2.8065,9061732.0,353290958.76,2.2025,0
sh.600114,"东睦股份",2026-06-01,36.63,37.54,35.21,35.26,36.62,-1.36,-3.7138,26825929.0,970668617.51,4.3521,0
sh.600115,"中国东航",2026-06-01,4.31,4.36,4.2,4.28,4.39,-0.109999999999999,-2.5057,221489956.0,948228253.38,1.301,0
sh.600116,"三峡水利",2026-06-01,6.94,7.08,6.73,7.04,6.92,0.12,1.7341,62121891.0,432207206.35,3.2488,0
sh.600117,"西宁特钢",2026-06-01,2.34,2.48,2.33,2.44,2.35,0.0899999999999999,3.8298,28295800.0,68742646.0,0.8693,0
sh.600118,"中国卫星",2026-06-01,76.27,78.68,76.27,76.6,76.93,-0.330000000000013,-0.429,32083474.0,2485603938.9,2.7132,0
sh.600119,"*ST长投",2026-06-01,5.69,5.92,5.55,5.9,5.68,0.220000000000001,3.8732,4488300.0,25781122.0,1.2288,1
sh.600120,"浙江东方",2026-06-01,4.83,4.98,4.81,4.93,4.82,0.109999999999999,2.2822,35007698.0,171600229.97,1.025,0
sh.600121,"郑州煤电",2026-06-01,4.27,4.7,4.22,4.7,4.27,0.430000000000001,10.0703,123176749.0,558317781.67,10.1096,0
sh.600123,"兰花科创",2026-06-01,6.9,7.18,6.79,7.12,6.85,0.27,3.9416,67490017.0,476887554.91,4.5811,0
sh.600125,"铁龙物流",2026-06-01,5.67,5.85,5.62,5.83,5.68,0.15,2.6408,15980251.0,92143333.82,1.2241,0
sh.600126,"杭钢股份",2026-06-01,7.84,7.95,7.78,7.87,7.85,0.0200000000000005,0.2548,40510421.0,319153325.65,1.1995,0
sh.600127,"金健米业",2026-06-01,6.06,6.42,5.97,6.33,6.0,0.33,5.5,27265824.0,170565123.22,4.2484,0
sh.600128,"苏豪弘业",2026-06-01,8.95,9.49,8.81,9.41,8.98,0.43,4.7884,6626526.0,61734972.4,2.6853,0
sh.600129,"太极集团",2026-06-01,14.28,14.57,14.25,14.52,14.33,0.19,1.3259,6763157.0,97580691.67,1.2265,0
sh.600130,"波导股份",2026-06-01,4.9,5.1,4.81,5.03,4.93,0.100000000000001,2.0284,32986000.0,164849857.0,4.3981,0
sh.600131,"国网信通",2026-06-01,17.71,18.05,17.53,17.62,17.49,0.130000000000003,0.7433,14468624.0,257172307.87,1.2098,0
sh.600132,"重庆啤酒",2026-06-01,53.02,53.51,52.5,53.51,52.92,0.589999999999996,1.1149,6737836.0,357837797.0,1.3922,0
sh.600133,"东湖高新",2026-06-01,8.54,8.78,8.51,8.71,8.5,0.210000000000001,2.4706,17626858.0,153319633.0,1.6532,0
sh.600135,"乐凯胶片",2026-06-01,9.12,9.32,9.03,9.21,9.15,0.0600000000000005,0.6557,11332927.0,104385409.94,2.0482,0
sh.600136,"ST明诚",2026-06-01,1.61,1.65,1.58,1.65,1.62,0.0299999999999998,1.8519,14127044.0,22984421.16,0.727,1
sh.600137,"浪莎股份",2026-06-01,19.77,21.51,19.77,21.44,20.09,1.35,6.7198,3057300.0,64139549.0,3.1448,0
sh.600138,"中青旅",2026-06-01,7.83,7.98,7.72,7.97,7.82,0.149999999999999,1.9182,8622575.0,68028848.31,1.1912,0
sh.600141,"兴发集团",2026-06-01,31.25,32.3,31.16,31.63,31.26,0.369999999999997,1.1836,19019460.0,605148689.59,1.5827,0
sh.600143,"金发科技",2026-06-01,16.68,17.26,16.32,17.0,16.91,0.0899999999999999,0.5322,54117490.0,910761769.97,2.0539,0
sh.600148,"长春一东",2026-06-01,17.05,17.7,16.75,17.55,16.91,0.640000000000001,3.7847,1951800.0,34041292.0,1.3792,0
sh.600149,"廊坊发展",2026-06-01,5.74,5.93,5.62,5.85,5.78,0.0699999999999994,1.2111,25609900.0,149030139.0,6.7366,0
sh.600150,"中国船舶",2026-06-01,37.38,37.63,36.63,36.74,37.38,-0.640000000000001,-1.7121,75906676.0,2815269653.28,1.0086,0
sh.600151,"航天机电",2026-06-01,13.64,14.3,13.51,13.75,13.77,-0.0199999999999996,-0.1452,67129958.0,931558172.98,4.6805,0
sh.600152,"维科技术",2026-06-01,11.88,12.54,11.62,12.54,11.4,1.14,10.0,44382123.0,547378218.42,8.3886,0
sh.600153,"建发股份",2026-06-01,9.64,10.0,9.51,9.93,9.69,0.24,2.4768,37787388.0,370099901.28,1.3032,0
sh.600155,"华创云信",2026-06-01,5.65,5.77,5.63,5.76,5.69,0.0699999999999994,1.2302,20567199.0,117533697.79,0.9292,0
sh.600156,"华升股份",2026-06-01,10.68,11.28,10.47,11.28,10.25,1.03,10.0488,25535210.0,281823326.8,6.3503,0
sh.600157,"永泰能源",2026-06-01,1.84,1.89,1.79,1.87,1.82,0.05,2.7473,1474482184.0,2721250956.28,6.7582,0
sh.600158,"中体产业",2026-06-01,11.1,11.8,10.9,11.55,11.28,0.270000000000001,2.3936,117724993.0,1354173482.2,12.2692,0
sh.600159,"大龙地产",2026-06-01,2.78,2.94,2.73,2.92,2.77,0.15,5.4152,36318700.0,104765054.0,4.3757,0
sh.600160,"巨化股份",2026-06-01,34.6,36.32,34.6,36.32,33.02,3.3,9.9939,82980000.0,2980028852.05,3.0736,0
sh.600161,"天坛生物",2026-06-01,13.56,13.56,13.28,13.47,13.55,-0.0800000000000001,-0.5904,11101824.0,148832300.44,0.5614,0
sh.600162,"香江控股",2026-06-01,2.75,3.06,2.51,2.92,2.79,0.13,4.6595,503323162.0,1418597743.17,15.3995,0
sh.600163,"中闽能源",2026-06-01,6.91,7.14,6.56,7.14,6.92,0.22,3.1792,104260182.0,720559467.44,5.4787,0
sh.600165,"ST宁科",2026-06-01,3.03,3.06,2.99,3.04,3.03,0.0100000000000002,0.33,3727700.0,11296270.0,0.5086,1
sh.600166,"福田汽车",2026-06-01,2.94,3.0,2.9,2.98,2.93,0.0499999999999998,1.7065,156687720.0,464959074.2,1.979,0
sh.600167,"联美控股",2026-06-01,6.84,6.94,6.64,6.92,6.8,0.12,1.7647,18518583.0,126404249.53,0.8184,0
sh.600168,"武汉控股",2026-06-01,4.92,4.99,4.76,4.98,4.87,0.11,2.2587,12943360.0,63626246.4,1.3029,0
sh.600169,"ST太重",2026-06-01,2.28,2.3,2.26,2.3,2.3,0.0,0.0,16625650.0,37931941.5,0.4988,1
sh.600170,"上海建工",2026-06-01,2.51,2.6,2.5,2.59,2.52,0.0699999999999998,2.7778,171594516.0,441696244.15,1.9311,0
sh.600171,"上海贝岭",2026-06-01,28.31,28.56,27.18,27.19,28.94,-1.75,-6.047,27709634.0,769260660.63,3.9087,0
sh.600172,"黄河旋风",2026-06-01,14.1,14.45,13.31,13.47,14.08,-0.609999999999999,-4.3324,258415048.0,3549402059.51,20.2479,0
sh.600173,"卧龙新能",2026-06-01,6.92,7.23,6.8,7.13,6.98,0.149999999999999,2.149,21397800.0,151128201.0,3.055,0
sh.600176,"中国巨石",2026-06-01,41.29,41.66,37.9,38.32,42.1,-3.78,-8.9786,214685436.0,8382675211.43,5.3629,0
sh.600177,"雅戈尔",2026-06-01,7.49,7.67,7.43,7.66,7.46,0.2,2.681,34340226.0,258779077.36,0.7625,0
sh.600178,"东安动力",2026-06-01,8.93,9.15,8.83,9.13,8.93,0.200000000000001,2.2396,3573800.0,32381713.0,0.7661,0
sh.600179,"安通控股",2026-06-01,4.37,4.46,4.34,4.45,4.38,0.0700000000000003,1.5982,36051822.0,159047388.46,0.9334,0
sh.600180,"*ST瑞茂",2026-06-01,1.3,1.41,1.27,1.41,1.34,0.0699999999999998,5.2239,66356760.0,88398355.83,6.1067,1
sh.600182,"S佳通",2026-06-01,13.5,13.97,13.39,13.95,13.51,0.44,3.2568,2135600.0,29455182.0,1.2562,0
sh.600183,"生益科技",2026-06-01,140.62,147.9,132.3,135.63,140.62,-4.99000000000001,-3.5486,115518912.0,16026839307.08,4.8243,0
sh.600184,"光电股份",2026-06-01,26.71,27.44,25.57,25.7,26.88,-1.18,-4.3899,48997626.0,1300245810.73,8.4083,0
sh.600185,"珠免集团",2026-06-01,5.41,5.52,5.27,5.48,5.46,0.0200000000000005,0.3663,21599765.0,117413940.66,1.1459,0
sh.600186,"莲花控股",2026-06-01,10.0,10.79,9.77,9.84,10.15,-0.31,-3.0542,244293844.0,2479704488.38,13.6543,0
sh.600187,"*ST国中",2026-06-01,1.31,1.4,1.3,1.4,1.33,0.0699999999999998,5.2632,75229006.0,102988407.98,4.6617,1
sh.600188,"兖矿能源",2026-06-01,21.83,23.98,21.6,23.98,21.8,2.18,10.0,103801238.0,2390328664.85,1.7412,0
sh.600189,"泉阳泉",2026-06-01,8.1,8.53,8.07,8.22,8.14,0.0800000000000001,0.9828,16485444.0,136290411.8,2.305,0
sh.600191,"华资实业",2026-06-01,10.38,10.9,10.38,10.84,10.68,0.16,1.4981,3281600.0,35259433.0,0.6767,0
sh.600192,"长城电工",2026-06-01,7.43,7.71,7.33,7.65,7.43,0.220000000000001,2.961,7814542.0,59543995.95,1.769,0
sh.600193,"*ST创兴",2026-06-01,2.17,2.17,2.17,2.17,2.17,0.0,,,,,1
sh.600195,"中牧股份",2026-06-01,6.61,6.86,6.58,6.83,6.6,0.23,3.4848,10294746.0,69701462.58,1.0082,0
sh.600196,"复星医药",2026-06-01,23.26,23.6,22.91,22.99,23.25,-0.260000000000002,-1.1183,25049096.0,581874987.1,1.1824,0
sh.600197,"伊力特",2026-06-01,12.87,12.93,12.61,12.77,13.08,-0.31,-2.37,10269096.0,131205354.87,2.1703,0
sh.600198,"大唐电信",2026-06-01,8.0,8.2,7.92,8.05,8.0,0.0500000000000007,0.625,22385501.0,180783364.27,1.7194,0
sh.600199,"金种子酒",2026-06-01,8.3,8.51,8.12,8.47,8.55,-0.0800000000000001,-0.9357,21656216.0,180794640.56,3.2922,0
sh.600201,"生物股份",2026-06-01,11.75,12.04,11.64,11.79,11.67,0.119999999999999,1.0283,23821522.0,281769089.02,2.1427,0
sh.600202,"哈空调",2026-06-01,5.38,5.7,5.31,5.65,5.43,0.220000000000001,4.0516,12624600.0,70867105.0,3.2933,0
sh.600203,"福日电子",2026-06-01,12.66,13.47,12.66,13.06,12.82,0.24,1.8721,41780773.0,550000918.38,7.0458,0
sh.600206,"有研新材",2026-06-01,28.5,28.77,27.23,27.27,28.5,-1.23,-4.3158,59036597.0,1641974753.7,6.9738,0
sh.600207,"安彩高科",2026-06-01,7.64,7.74,7.13,7.27,7.53,-0.260000000000001,-3.4529,66959608.0,497107396.5,6.147,0
sh.600208,"衢州发展",2026-06-01,2.93,3.04,2.89,3.01,2.96,0.0499999999999998,1.6892,176676403.0,527863042.4,2.0766,0
sh.600210,"紫江企业",2026-06-01,6.66,6.7,6.63,6.69,6.65,0.04,0.6015,14680400.0,97900515.0,0.9679,0
sh.600211,"西藏药业",2026-06-01,38.45,38.68,38.01,38.4,38.54,-0.140000000000001,-0.3633,2628890.0,100694864.0,0.8156,0
sh.600212,"绿能慧充",2026-06-01,6.24,6.42,6.21,6.37,6.24,0.13,2.0833,9581998.0,60845727.27,1.8039,0
sh.600215,"派斯林",2026-06-01,6.38,7.01,6.3,6.81,6.37,0.44,6.9074,19299871.0,129620834.62,4.2242,0
sh.600216,"浙江医药",2026-06-01,12.73,12.94,12.71,12.89,12.76,0.130000000000001,1.0188,10053000.0,129003030.2,1.0567,0
sh.600217,"中再资环",2026-06-01,3.41,3.52,3.41,3.5,3.42,0.0800000000000001,2.3392,14980382.0,52018436.54,0.9037,0
sh.600218,"全柴动力",2026-06-01,8.35,8.7,8.28,8.6,8.32,0.279999999999999,3.3654,8429937.0,72333311.57,1.9352,0
sh.600219,"南山铝业",2026-06-01,5.24,5.37,5.19,5.25,5.2,0.0499999999999998,0.9615,193292926.0,1017908110.34,1.6832,0
sh.600221,"海航控股",2026-06-01,1.49,1.53,1.48,1.52,1.47,0.05,3.4014,593756934.0,894170988.17,1.3858,0
sh.600222,"太龙药业",2026-06-01,7.62,8.1,7.52,7.99,7.79,0.2,2.5674,28498193.0,225215110.83,4.9658,0
sh.600223,"福瑞达",2026-06-01,6.08,6.24,6.0,6.23,6.05,0.180000000000001,2.9752,7923100.0,48646587.0,0.7794,0
sh.600226,"亨通股份",2026-06-01,6.39,6.45,6.07,6.08,6.39,-0.31,-4.8513,135906332.0,843436001.46,4.5692,0
sh.600227,"赤天化",2026-06-01,3.0,3.14,2.99,3.1,3.01,0.0900000000000003,2.99,65571238.0,202838410.8,5.1324,0
sh.600228,"*ST返利",2026-06-01,6.2,6.33,6.13,6.32,6.12,0.2,3.268,5726100.0,35767323.0,1.3763,1
sh.600229,"城市传媒",2026-06-01,5.64,6.0,5.57,5.95,5.61,0.34,6.0606,8179435.0,47882110.09,1.238,0
sh.600230,"沧州大化",2026-06-01,14.96,15.48,14.76,15.34,14.69,0.65,4.4248,13745102.0,209784553.56,3.3204,0
sh.600231,"凌钢股份",2026-06-01,2.02,2.06,1.98,2.04,2.02,0.02,0.9901,13085090.0,26559667.06,0.4613,0
sh.600232,"金鹰股份",2026-06-01,7.61,7.86,7.52,7.8,7.59,0.21,2.7668,7641800.0,59389413.0,2.0953,0
sh.600233,"圆通速递",2026-06-01,18.82,18.97,18.27,18.63,18.75,-0.120000000000001,-0.64,19659894.0,364858938.75,0.5744,0
sh.600234,"科新发展",2026-06-01,25.69,27.1,25.55,25.66,26.12,-0.460000000000001,-1.7611,3117540.0,81521143.2,1.1875,0
sh.600235,"民丰特纸",2026-06-01,5.92,6.18,5.88,6.17,5.98,0.19,3.1773,6601103.0,40138833.08,1.8791,0
sh.600236,"桂冠电力",2026-06-01,11.64,12.3,10.72,12.14,11.64,0.5,4.2955,49354307.0,571415338.93,0.6261,0
sh.600237,"铜峰电子",2026-06-01,10.38,10.84,10.29,10.3,10.6,-0.299999999999999,-2.8302,61789183.0,648535286.8,9.8924,0
sh.600238,"*ST椰岛",2026-06-01,4.95,5.2,4.87,5.2,4.95,0.25,5.0505,7139000.0,36375123.0,1.6033,1
sh.600239,"ST云城",2026-06-01,1.52,1.58,1.46,1.55,1.52,0.03,1.9737,38628735.0,58757795.82,2.4057,1
sh.600241,"时代万恒",2026-06-01,7.66,8.16,7.61,8.08,7.75,0.33,4.2581,5925800.0,47572384.0,2.0135,0
sh.600243,"*ST海华",2026-06-01,3.76,3.91,3.76,3.88,3.72,0.16,4.3011,17635000.0,68169042.0,4.0185,1
sh.600246,"万通发展",2026-06-01,16.0,16.47,15.47,15.84,16.17,-0.330000000000002,-2.0408,170932887.0,2733385682.23,9.0421,0
sh.600248,"陕建股份",2026-06-01,3.26,3.32,3.23,3.31,3.28,0.0300000000000002,0.9146,15269640.0,50085747.6,0.4121,0
sh.600249,"两面针",2026-06-01,5.29,5.48,5.28,5.45,5.34,0.11,2.0599,7962300.0,43069201.0,1.4477,0
sh.600250,"南京商旅",2026-06-01,9.17,9.59,9.09,9.58,9.29,0.290000000000001,3.1216,10285800.0,97365707.0,3.2884,0
sh.600251,"冠农股份",2026-06-01,9.93,10.27,9.84,10.23,9.89,0.34,3.4378,11988786.0,121490450.53,1.543,0
sh.600252,"中恒集团",2026-06-01,2.24,2.29,2.22,2.29,2.22,0.0699999999999998,3.1532,39676074.0,89607466.9,1.246,0
sh.600255,"鑫科材料",2026-06-01,3.51,3.68,3.48,3.63,3.54,0.0899999999999999,2.5424,68480151.0,248801624.92,3.7915,0
sh.600256,"广汇能源",2026-06-01,6.43,6.8,6.36,6.75,6.31,0.44,6.9731,264119291.0,1764199170.05,4.132,0
sh.600257,"大湖股份",2026-06-01,5.49,5.74,5.45,5.6,5.51,0.0899999999999999,1.6334,20343308.0,114337631.3,4.2273,0
sh.600258,"首旅酒店",2026-06-01,13.04,13.64,13.04,13.58,13.2,0.380000000000001,2.8788,18398898.0,247123407.06,1.6478,0
sh.600259,"中稀有色",2026-06-01,82.05,84.64,81.16,81.62,83.39,-1.77,-2.1226,8398214.0,693504766.22,2.4962,0
sh.600261,"阳光照明",2026-06-01,3.28,3.36,3.26,3.36,3.28,0.0800000000000001,2.439,13568800.0,45209485.0,1.0163,0
sh.600262,"北方股份",2026-06-01,22.01,22.79,22.0,22.7,22.16,0.539999999999999,2.4368,3693181.0,83430026.78,2.1725,0
sh.600265,"*ST景谷",2026-06-01,25.67,25.67,25.67,25.67,24.45,1.22,4.9898,1896101.0,48672912.67,1.4608,1
sh.600266,"城建发展",2026-06-01,4.77,4.9,4.69,4.86,4.8,0.0600000000000005,1.25,46270068.0,223547858.56,2.2291,0
sh.600267,"海正药业",2026-06-01,10.25,10.28,10.08,10.15,10.25,-0.0999999999999996,-0.9756,13218221.0,134211919.99,1.1027,0
sh.600268,"国电南自",2026-06-01,13.73,14.3,13.71,14.17,13.67,0.5,3.6576,23688668.0,332259092.34,2.3435,0
sh.600269,"赣粤高速",2026-06-01,4.35,4.43,4.29,4.42,4.35,0.0700000000000003,1.6092,18031740.0,78762957.86,0.7721,0
sh.600271,"航天信息",2026-06-01,7.38,7.58,7.34,7.5,7.38,0.12,1.626,17752236.0,132989739.28,0.9581,0
sh.600272,"开开实业",2026-06-01,11.31,11.62,11.22,11.6,11.35,0.25,2.2026,2465203.0,28363624.72,1.5408,0
sh.600273,"嘉化能源",2026-06-01,7.3,7.49,7.28,7.48,7.3,0.180000000000001,2.4658,26950402.0,199007324.68,2.0552,0
sh.600276,"恒瑞医药",2026-06-01,50.32,51.2,49.0,49.17,50.19,-1.02,-2.0323,94665292.0,4730298019.33,1.484,0
sh.600278,"东方创业",2026-06-01,6.58,6.85,6.55,6.82,6.59,0.23,3.4901,5140397.0,34669436.57,0.5974,0
sh.600279,"重庆港",2026-06-01,4.7,5.16,4.61,5.02,4.69,0.329999999999999,7.0362,21651981.0,106633502.27,1.8243,0
sh.600280,"中央商场",2026-06-01,3.36,3.52,3.29,3.52,3.2,0.32,10.0,84658500.0,293206265.0,7.503,0
sh.600281,"华阳新材",2026-06-01,4.91,5.23,4.9,5.09,4.89,0.2,4.09,13228000.0,67818938.0,2.5715,0
sh.600282,"南钢股份",2026-06-01,4.89,5.04,4.83,5.0,4.92,0.0800000000000001,1.626,42445942.0,211412531.8,0.6885,0
sh.600283,"钱江水利",2026-06-01,8.9,8.98,8.78,8.93,9.01,-0.0800000000000001,-0.8879,7293030.0,64621648.4,1.3402,0
sh.600284,"浦东建设",2026-06-01,6.05,6.27,6.01,6.11,5.99,0.12,2.0033,20314560.0,125004150.63,2.0937,0
sh.600285,"羚锐制药",2026-06-01,21.38,21.95,21.36,21.9,21.38,0.52,2.4322,9894250.0,214660285.58,1.7485,0
sh.600287,"苏豪时尚",2026-06-01,5.08,5.34,5.01,5.32,5.11,0.21,4.1096,5349200.0,28071047.0,1.2246,0
sh.600288,"大恒科技",2026-06-01,13.33,13.49,13.18,13.24,13.27,-0.0299999999999994,-0.2261,6297187.0,83786219.67,1.4417,0
sh.600289,"ST信通",2026-06-01,6.09,6.39,5.85,6.39,6.09,0.3,4.9261,6590100.0,40828279.0,1.1645,1
sh.600292,"电投水电",2026-06-01,14.6,14.75,14.0,14.02,14.51,-0.49,-3.377,21304168.0,302576594.8,4.8498,0
sh.600293,"三峡新材",2026-06-01,3.19,3.5,3.17,3.33,3.2,0.13,4.0625,80260558.0,269445577.38,6.9181,0
sh.600295,"鄂尔多斯",2026-06-01,13.59,13.83,13.4,13.72,13.52,0.200000000000001,1.4793,11110546.0,151676413.74,0.5624,0
sh.600298,"安琪酵母",2026-06-01,36.63,37.08,36.1,36.74,36.6,0.140000000000001,0.3825,9769855.0,357291692.14,1.1398,0
sh.600299,"安迪苏",2026-06-01,10.95,11.21,10.87,11.09,11.0,0.0899999999999999,0.8182,12400522.0,137170811.22,0.4624,0
sh.600300,"维维股份",2026-06-01,3.3,3.31,3.25,3.31,3.28,0.0300000000000002,0.9146,29853300.0,97854465.0,1.8461,0
sh.600301,"华锡有色",2026-06-01,56.1,60.5,56.1,60.5,55.0,5.5,10.0,14169701.0,846416422.49,5.1463,0
sh.600302,"ST标准",2026-06-01,10.75,11.3,10.66,11.3,10.76,0.540000000000001,5.0186,9222215.0,103002200.9,2.6653,1
sh.600303,"曙光股份",2026-06-01,3.22,3.54,3.18,3.37,3.23,0.14,4.3344,63370463.0,214882106.57,9.3534,0
sh.600305,"恒顺醋业",2026-06-01,7.24,7.32,7.2,7.3,7.26,0.04,0.551,7433933.0,54119448.93,0.674,0
sh.600307,"酒钢宏兴",2026-06-01,1.6,1.72,1.59,1.67,1.6,0.0699999999999998,4.375,117435904.0,196631476.65,1.875,0
sh.600308,"华泰股份",2026-06-01,3.5,3.59,3.49,3.58,3.5,0.0800000000000001,2.2857,6866520.0,24382617.63,0.4527,0
sh.600309,"万华化学",2026-06-01,73.41,76.44,72.59,75.85,73.45,2.39999999999999,3.2675,44626321.0,3361836512.55,1.4255,0
sh.600310,"广西能源",2026-06-01,5.98,6.03,5.41,5.84,5.98,-0.140000000000001,-2.3411,188786452.0,1090674908.75,12.8802,0
sh.600312,"平高电气",2026-06-01,21.2,21.91,21.16,21.32,21.23,0.0899999999999999,0.4239,24652800.0,529732039.22,1.8168,0
sh.600313,"农发种业",2026-06-01,6.04,6.2,6.02,6.19,6.06,0.130000000000001,2.1452,26960250.0,165906818.5,2.4912,0
sh.600315,"上海家化",2026-06-01,18.39,18.89,18.24,18.73,18.69,0.0399999999999991,0.214,6643792.0,123339023.35,0.9883,0
sh.600316,"洪都航空",2026-06-01,29.27,29.52,28.85,29.17,29.38,-0.209999999999997,-0.7148,8595701.0,250414697.04,1.1987,0
sh.600318,"新力金融",2026-06-01,6.67,6.91,6.66,6.87,6.74,0.13,1.9288,10411000.0,71181635.96,2.0305,0
sh.600319,"亚星化学",2026-06-01,7.13,7.58,7.09,7.46,7.18,0.28,3.8997,4855300.0,36055497.0,1.2523,0
sh.600320,"振华重工",2026-06-01,4.82,4.85,4.76,4.82,4.8,0.0200000000000005,0.4167,37747145.0,181611076.16,1.1403,0
sh.600322,"津投城开",2026-06-01,2.5,2.77,2.46,2.7,2.52,0.18,7.1429,76081938.0,202387701.85,6.8809,0
sh.600323,"瀚蓝环境",2026-06-01,30.88,31.5,30.58,31.42,30.65,0.770000000000003,2.5122,9933550.0,309017498.0,1.2183,0
sh.600325,"华发股份",2026-06-01,2.9,2.98,2.84,2.96,2.93,0.0299999999999998,1.0239,53223696.0,156159169.16,1.9339,0
sh.600326,"西藏天路",2026-06-01,7.92,8.02,7.81,7.96,7.94,0.0199999999999996,0.2519,14687537.0,116853399.16,1.078,0
sh.600327,"大东方",2026-06-01,3.62,3.85,3.58,3.83,3.62,0.21,5.8011,25341718.0,95362810.14,2.8642,0
sh.600328,"中盐化工",2026-06-01,6.81,7.05,6.79,7.05,6.77,0.28,4.1359,28830129.0,200804491.82,1.9662,0
sh.600329,"达仁堂",2026-06-01,40.3,40.69,39.4,40.09,40.72,-0.629999999999995,-1.5472,5228533.0,208687049.78,0.922,0
sh.600330,"天通股份",2026-06-01,32.14,32.5,29.46,30.6,32.73,-2.13,-6.5078,191972906.0,5844921661.0,15.5641,0
sh.600331,"宏达股份",2026-06-01,14.37,14.5,14.1,14.16,14.36,-0.199999999999999,-1.3928,32340683.0,462017757.31,1.5916,0
sh.600332,"白云山",2026-06-01,21.22,21.75,21.22,21.71,21.52,0.190000000000001,0.8829,12589947.0,270636395.39,0.8955,0
sh.600333,"长春燃气",2026-06-01,5.63,6.01,5.58,5.97,5.63,0.34,6.0391,23464100.0,138126949.0,3.8527,0
sh.600335,"国机汽车",2026-06-01,5.52,5.7,5.46,5.67,5.5,0.17,3.0909,12237323.0,68644574.8,0.8227,0
sh.600336,"澳柯玛",2026-06-01,7.86,8.15,7.77,8.01,7.85,0.16,2.0382,13301360.0,106933276.0,1.6668,0
sh.600337,"ST美克",2026-06-01,3.15,3.29,3.15,3.29,3.13,0.16,5.1118,43615250.0,142413257.5,3.0352,1
sh.600338,"西藏珠峰",2026-06-01,18.15,18.4,17.84,17.88,18.15,-0.27,-1.4876,35564535.0,644501368.36,3.8902,0
sh.600339,"中油工程",2026-06-01,3.54,3.63,3.54,3.61,3.54,0.0699999999999998,1.9774,74641634.0,268037359.74,1.3369,0
sh.600340,"*ST华幸",2026-06-01,1.3,1.33,1.25,1.26,1.28,-0.02,-1.5625,139041075.0,179085375.65,3.5712,1
sh.600343,"航天动力",2026-06-01,26.15,26.59,25.7,25.72,26.15,-0.43,-1.6444,20644485.0,539073328.13,3.2348,0
sh.600345,"长江通信",2026-06-01,50.13,50.72,46.8,47.03,49.25,-2.22,-4.5076,11975466.0,585144543.93,5.6606,0
sh.600346,"恒力石化",2026-06-01,17.49,18.04,17.12,17.76,17.19,0.57,3.3159,55266867.0,978157548.77,0.7851,0
sh.600348,"华阳股份",2026-06-01,9.39,9.8,9.3,9.8,9.29,0.510000000000002,5.4898,82490759.0,793430114.05,2.2866,0
sh.600350,"山东高速",2026-06-01,12.25,12.25,11.5,11.62,12.25,-0.630000000000001,-5.1429,14508606.0,169388487.71,0.3001,0
sh.600351,"亚宝药业",2026-06-01,6.32,6.47,6.31,6.46,6.36,0.0999999999999996,1.5723,9645800.0,61881190.0,1.3939,0
sh.600352,"浙江龙盛",2026-06-01,11.19,11.35,11.13,11.24,11.22,0.0199999999999996,0.1783,33867472.0,380800109.89,1.041,0
sh.600353,"旭光电子",2026-06-01,22.23,23.95,21.5,22.39,22.22,0.170000000000002,0.7651,63939025.0,1453671818.2,7.7145,0
sh.600354,"敦煌种业",2026-06-01,5.49,5.68,5.43,5.67,5.49,0.18,3.2787,19844620.0,111194637.2,3.7599,0
sh.600356,"恒丰纸业",2026-06-01,8.85,9.27,8.84,9.17,8.92,0.25,2.8027,6543100.0,59651384.0,2.1903,0
sh.600358,"国旅联合",2026-06-01,5.97,5.97,5.8,5.89,5.98,-0.0900000000000007,-1.505,9611700.0,56384757.0,1.9035,0
sh.600359,"新农开发",2026-06-01,6.33,6.82,6.32,6.76,6.35,0.41,6.4567,12381900.0,82484920.0,3.2455,0
sh.600360,"*ST华微",2026-06-01,12.05,12.21,11.56,11.61,12.0,-0.390000000000001,-3.25,82575523.0,974255769.19,8.599,0
sh.600361,"创新新材",2026-06-01,4.39,4.62,4.38,4.55,4.43,0.12,2.7088,82621872.0,374960022.68,2.2135,0
sh.600362,"江西铜业",2026-06-01,43.52,44.29,43.05,43.16,43.5,-0.340000000000003,-0.7816,33788766.0,1475817348.94,1.6282,0
sh.600363,"联创光电",2026-06-01,35.62,36.8,35.62,35.75,35.6,0.149999999999999,0.4213,16222969.0,586130803.86,3.598,0
sh.600365,"ST通葡",2026-06-01,2.75,2.83,2.7,2.82,2.74,0.0799999999999996,2.9197,6234100.0,17331643.0,1.459,1
sh.600366,"宁波韵升",2026-06-01,12.29,12.49,12.15,12.16,12.29,-0.129999999999999,-1.0578,19941675.0,245441148.51,1.8145,0
sh.600367,"红星发展",2026-06-01,33.9,35.31,33.71,35.31,32.1,3.21,10.0,15944441.0,558555791.0,4.9521,0
sh.600368,"五洲交通",2026-06-01,3.92,3.99,3.89,3.99,3.92,0.0700000000000003,1.7857,19436797.0,76820371.15,1.2075,0
sh.600369,"西南证券",2026-06-01,3.97,4.04,3.94,4.03,3.98,0.0500000000000003,1.2563,46514519.0,186020189.29,0.7,0
sh.600370,"*ST三房",2026-06-01,1.41,1.49,1.35,1.46,1.42,0.04,2.8169,138320183.0,193586764.1,3.4385,1
sh.600371,"万向德农",2026-06-01,7.38,7.84,7.37,7.78,7.48,0.3,4.0107,5951014.0,45768662.78,2.034,0
sh.600372,"中航机载",2026-06-01,11.16,11.37,11.12,11.35,11.14,0.209999999999999,1.8851,33749769.0,380710875.6,0.6975,0
sh.600373,"中文传媒",2026-06-01,7.61,7.87,7.59,7.84,7.62,0.22,2.8871,9993350.0,77534663.5,0.7417,0
sh.600375,"汉马科技",2026-06-01,4.25,4.35,4.22,4.35,4.26,0.0899999999999999,2.1127,18483734.0,79965100.88,1.2637,0
sh.600376,"首开股份",2026-06-01,4.29,4.51,3.99,4.33,4.43,-0.0999999999999996,-2.2573,147470800.0,623779129.38,5.7169,0
sh.600377,"宁沪高速",2026-06-01,12.8,12.95,12.58,12.93,12.89,0.0399999999999991,0.3103,13590102.0,173605947.15,0.3574,0
sh.600378,"昊华科技",2026-06-01,39.47,42.57,39.47,40.88,38.7,2.18,5.6331,52509713.0,2176613144.52,4.8957,0
sh.600379,"宝光股份",2026-06-01,13.16,14.08,13.08,13.88,13.16,0.720000000000001,5.4711,26054383.0,357121451.61,7.8904,0
sh.600380,"健康元",2026-06-01,10.21,10.28,10.1,10.24,10.2,0.0400000000000009,0.3922,12710034.0,129388176.0,0.6947,0
sh.600381,"*ST春天",2026-06-01,5.7,5.9,5.42,5.5,5.7,-0.2,-3.5088,18335314.0,103826143.5,3.1232,1
sh.600382,"广东明珠",2026-06-01,8.11,8.38,7.99,8.1,8.15,-0.0500000000000007,-0.6135,19339968.0,158066297.73,2.7851,0
sh.600383,"金地集团",2026-06-01,2.72,2.8,2.68,2.78,2.75,0.0299999999999998,1.0909,82696449.0,227669394.02,1.8318,0
sh.600386,"北巴传媒",2026-06-01,3.64,3.86,3.61,3.84,3.66,0.18,4.918,12775000.0,48268733.0,1.5842,0
sh.600388,"龙净环保",2026-06-01,18.62,18.93,18.36,18.5,18.62,-0.120000000000001,-0.6445,12286032.0,227623092.88,0.9674,0
sh.600389,"江山股份",2026-06-01,24.45,25.18,24.36,24.83,24.55,0.279999999999998,1.1405,5819967.0,144175764.17,1.3514,0
sh.600390,"五矿资本",2026-06-01,4.79,4.88,4.73,4.85,4.76,0.0899999999999999,1.8908,33116033.0,159561781.61,0.7362,0
sh.600391,"航发科技",2026-06-01,36.42,36.9,34.87,34.92,35.63,-0.710000000000001,-1.9927,11669212.0,414162263.13,3.5347,0
sh.600392,"盛和资源",2026-06-01,21.75,22.12,21.5,21.69,21.89,-0.199999999999999,-0.9137,29769256.0,650580533.26,1.6984,0
sh.600395,"盘江股份",2026-06-01,5.65,6.06,5.62,6.05,5.61,0.44,7.8431,89967524.0,530717668.55,4.1911,0
sh.600396,"华电辽能",2026-06-01,19.99,20.0,18.03,18.5,20.03,-1.53,-7.6385,299924996.0,5577857592.49,20.3656,0
sh.600397,"江钨装备",2026-06-01,13.93,14.22,13.35,13.38,13.94,-0.559999999999999,-4.0172,37503160.0,513537203.8,3.7884,0
sh.600398,"海澜之家",2026-06-01,5.7,5.87,5.67,5.87,5.7,0.17,2.9825,33811090.0,196234003.26,0.704,0
sh.600399,"抚顺特钢",2026-06-01,4.79,4.87,4.75,4.81,4.8,0.00999999999999979,0.2083,32237362.0,155262633.59,1.6347,0
sh.600400,"红豆股份",2026-06-01,2.92,2.95,2.84,2.88,2.91,-0.0300000000000002,-1.0309,55343673.0,159954632.79,2.4153,0
sh.600403,"大有能源",2026-06-01,5.06,5.56,5.01,5.56,5.05,0.51,10.099,44083400.0,237944300.0,1.8439,0
sh.600405,"动力源",2026-06-01,4.44,4.6,4.36,4.57,4.41,0.16,3.6281,12740553.0,57620242.04,2.079,0
sh.600406,"国电南瑞",2026-06-01,24.96,25.46,24.92,25.22,24.9,0.32,1.2851,94146752.0,2369917653.76,1.1756,0
sh.600408,"安泰集团",2026-06-01,2.97,3.28,2.91,3.2,3.0,0.2,6.6667,114068534.0,357409855.66,11.3298,0
sh.600409,"三友化工",2026-06-01,6.22,6.56,6.22,6.5,6.22,0.28,4.5016,41970718.0,270246910.09,2.0331,0
sh.600410,"华胜天成",2026-06-01,19.03,19.48,18.75,19.01,18.96,0.0500000000000007,0.2637,63547753.0,1214265883.93,5.7955,0
sh.600415,"小商品城",2026-06-01,12.62,13.03,12.48,12.96,12.81,0.15,1.171,66456762.0,850962966.91,1.2119,0
sh.600416,"湘电股份",2026-06-01,11.58,11.86,11.4,11.56,11.53,0.0300000000000011,0.2602,30435954.0,353026081.42,2.0624,0
sh.600418,"江淮汽车",2026-06-01,36.69,37.9,36.0,36.58,37.02,-0.440000000000005,-1.1885,43417164.0,1599695849.34,1.988,0
sh.600419,"天润乳业",2026-06-01,8.51,8.89,8.39,8.79,8.57,0.219999999999999,2.5671,9654360.0,84306371.8,3.0599,0
sh.600420,"国药现代",2026-06-01,9.22,9.3,9.15,9.27,9.28,-0.00999999999999979,-0.1078,6626500.0,61202553.51,0.4941,0
sh.600421,"*ST华嵘",2026-06-01,2.04,2.04,0.35,0.39,4.08,-3.69,-90.4412,50343416.0,19861095.44,25.7379,0
sh.600422,"昆药集团",2026-06-01,8.91,9.47,8.82,9.47,8.93,0.540000000000001,6.047,23751092.0,219848134.69,3.1376,0
sh.600423,"*ST柳化",2026-06-01,2.75,2.82,2.74,2.82,2.75,0.0699999999999998,2.5455,10144942.0,28355126.02,1.2702,1
sh.600425,"青松建化",2026-06-01,3.73,3.8,3.67,3.78,3.71,0.0699999999999998,1.8868,18047300.0,67840076.0,1.1246,0
sh.600426,"华鲁恒升",2026-06-01,29.42,30.42,29.02,29.8,29.43,0.370000000000001,1.2572,33046730.0,985592233.1,1.5624,0
sh.600428,"中远海特",2026-06-01,7.76,8.1,7.76,8.07,7.8,0.27,3.4615,63164840.0,504257092.4,2.5831,0
sh.600429,"三元股份",2026-06-01,4.91,4.99,4.84,4.98,4.9,0.0800000000000001,1.6327,12916570.0,63956238.2,0.8625,0
sh.600433,"冠豪高新",2026-06-01,4.12,4.23,4.03,4.15,4.11,0.04,0.9732,37681282.0,156483476.82,2.1529,0
sh.600435,"北方导航",2026-06-01,11.88,12.05,11.83,11.96,11.88,0.0800000000000001,0.6734,12954122.0,154889401.96,0.8566,0
sh.600436,"片仔癀",2026-06-01,126.63,128.98,125.58,128.91,128.41,0.5,0.3894,5126536.0,653910970.46,0.8497,0
sh.600438,"通威股份",2026-06-01,14.6,14.88,14.5,14.53,14.77,-0.24,-1.6249,40342011.0,592116461.93,0.8961,0
sh.600439,"瑞贝卡",2026-06-01,2.34,2.46,2.28,2.45,2.35,0.1,4.2553,25267681.0,60988525.59,2.2322,0
sh.600444,"国机通用",2026-06-01,15.15,15.69,14.96,15.52,15.11,0.41,2.7134,2661100.0,41093025.0,1.8174,0
sh.600446,"金证股份",2026-06-01,13.08,13.93,13.08,13.42,13.08,0.34,2.5994,23610490.0,319594891.69,2.5084,0
sh.600448,"华纺股份",2026-06-01,2.96,3.15,2.94,3.14,2.99,0.15,5.0167,28021585.0,86854502.74,4.4491,0
sh.600449,"宁夏建材",2026-06-01,14.46,14.65,14.33,14.5,14.44,0.0600000000000005,0.4155,5772396.0,83516726.64,1.2072,0
sh.600452,"涪陵电力",2026-06-01,13.72,13.77,12.88,13.35,13.79,-0.44,-3.1907,104111669.0,1384628933.83,6.7757,0
sh.600455,"博通股份",2026-06-01,26.61,27.66,25.8,27.42,26.49,0.930000000000003,3.5108,2340000.0,63449153.0,3.7465,0
sh.600456,"宝钛股份",2026-06-01,31.77,32.18,31.66,31.93,31.91,0.0199999999999996,0.0627,5792359.0,184804338.57,1.2124,0
sh.600458,"时代新材",2026-06-01,12.58,12.85,12.45,12.69,12.66,0.0299999999999994,0.237,17595164.0,222808522.9,2.0259,0
sh.600459,"贵研铂业",2026-06-01,21.71,22.38,21.25,21.32,21.49,-0.169999999999998,-0.7911,33455147.0,729885242.6,4.4037,0
sh.600460,"士兰微",2026-06-01,34.17,34.6,32.75,32.8,34.6,-1.8,-5.2023,125171233.0,4188880602.18,7.522,0
sh.600461,"洪城环境",2026-06-01,10.45,10.58,10.14,10.31,10.49,-0.18,-1.7159,14045300.0,145043268.02,1.0937,0
sh.600463,"空港股份",2026-06-01,9.31,10.41,9.31,10.41,9.46,0.949999999999999,10.0423,5269700.0,53285574.0,1.7566,0
sh.600467,"好当家",2026-06-01,2.28,2.35,2.26,2.35,2.28,0.0700000000000003,3.0702,36594020.0,85162062.6,2.5047,0
sh.600468,"百利电气",2026-06-01,6.53,6.72,6.52,6.66,6.6,0.0600000000000005,0.9091,16378041.0,108838561.6,1.5057,0
sh.600469,"风神股份",2026-06-01,5.92,6.13,5.82,6.09,5.88,0.21,3.5714,8068663.0,48629158.68,1.1061,0
sh.600470,"六国化工",2026-06-01,5.4,5.68,5.36,5.66,5.36,0.3,5.597,21571702.0,120795684.86,4.1357,0
sh.600475,"华光环能",2026-06-01,15.72,16.33,15.48,16.16,15.71,0.449999999999999,2.8644,13949825.0,223070898.8,1.4795,0
sh.600476,"*ST湘邮",2026-06-01,11.2,11.76,11.0,11.76,11.2,0.56,5.0,2985000.0,34601031.0,1.8532,1
sh.600477,"杭萧钢构",2026-06-01,2.73,2.81,2.71,2.8,2.73,0.0699999999999998,2.5641,33430879.0,93031265.17,1.4172,0
sh.600478,"科力远",2026-06-01,5.99,6.25,5.95,6.11,5.9,0.21,3.5593,40480767.0,247849730.08,2.4305,0
sh.600479,"千金药业",2026-06-01,10.33,10.34,10.25,10.34,10.38,-0.0400000000000009,-0.3854,6672514.0,68676775.98,1.5944,0
sh.600480,"凌云股份",2026-06-01,11.02,11.2,10.93,10.99,11.02,-0.0299999999999994,-0.2722,17563687.0,194195124.55,1.4481,0
sh.600481,"双良节能",2026-06-01,5.46,5.58,5.34,5.35,5.43,-0.0800000000000001,-1.4733,105276007.0,573582846.78,5.1001,0
sh.600482,"中国动力",2026-06-01,37.03,38.2,36.3,36.53,37.04,-0.509999999999998,-1.3769,31049022.0,1148901958.7,1.3689,0
sh.600483,"福能股份",2026-06-01,11.5,11.65,11.14,11.56,11.49,0.0700000000000003,0.6092,55436715.0,634512112.08,1.994,0
sh.600486,"扬农化工",2026-06-01,56.96,59.29,56.66,58.57,57.16,1.41,2.4668,6885598.0,401966761.98,1.7044,0
sh.600487,"亨通光电",2026-06-01,75.24,80.81,73.4,75.56,77.12,-1.56,-2.0228,237217082.0,18218873692.91,9.7014,0
sh.600488,"津药药业",2026-06-01,5.51,5.81,5.45,5.66,5.54,0.12,2.1661,137755932.0,782751632.12,12.6163,0
sh.600489,"中金黄金",2026-06-01,22.39,22.88,22.39,22.56,22.42,0.139999999999997,0.6244,50967685.0,1154666433.08,1.0515,0
sh.600490,"鹏欣资源",2026-06-01,7.35,7.5,7.33,7.41,7.35,0.0600000000000005,0.8163,26816496.0,199075809.57,1.3458,0
sh.600491,"ST龙元",2026-06-01,1.33,1.4,1.29,1.4,1.33,0.0699999999999998,5.2632,66585160.0,90791237.72,4.3527,1
sh.600493,"凤竹纺织",2026-06-01,6.48,6.76,6.28,6.71,6.44,0.27,4.1925,7068100.0,46931835.0,2.5986,0
sh.600495,"晋西车轴",2026-06-01,4.1,4.2,4.05,4.2,4.14,0.0600000000000005,1.4493,12078720.0,50008268.6,0.9997,0
sh.600496,"精工钢构",2026-06-01,4.02,4.09,3.92,4.06,4.04,0.0199999999999996,0.495,45133200.0,180975329.0,2.2679,0
sh.600497,"驰宏锌锗",2026-06-01,9.38,9.79,9.35,9.42,9.52,-0.0999999999999996,-1.0504,135746505.0,1298661912.31,2.6932,0
sh.600498,"烽火通信",2026-06-01,50.9,50.96,47.54,47.55,51.89,-4.34,-8.3638,69042871.0,3386889950.96,5.4295,0
sh.600499,"科达制造",2026-06-01,16.19,16.3,15.85,15.99,16.34,-0.35,-2.142,24933919.0,399844709.8,1.3001,0
sh.600500,"中化国际",2026-06-01,5.36,5.9,5.3,5.7,5.38,0.32,5.948,103825795.0,590050086.1,2.8934,0
sh.600501,"航天晨光",2026-06-01,18.21,18.84,18.15,18.66,18.3,0.359999999999999,1.9672,5534201.0,103161931.65,1.2936,0
sh.600502,"安徽建工",2026-06-01,5.2,5.35,5.12,5.34,5.29,0.0499999999999998,0.9452,41440508.0,218386833.6,2.4142,0
sh.600503,"华丽家族",2026-06-01,2.66,2.92,2.55,2.92,2.65,0.27,10.1887,79569453.0,223182870.25,4.966,0
sh.600505,"西昌电力",2026-06-01,13.29,13.38,12.5,13.12,13.42,-0.300000000000001,-2.2355,18502041.0,240718680.99,5.0751,0
sh.600506,"统一股份",2026-06-01,18.37,18.47,18.0,18.14,18.5,-0.359999999999999,-1.9459,9187397.0,167411305.01,3.6805,0
sh.600507,"方大特钢",2026-06-01,4.8,4.93,4.73,4.84,4.83,0.00999999999999979,0.207,26823835.0,129643948.69,1.1596,0
sh.600508,"上海能源",2026-06-01,14.18,14.9,14.0,14.9,14.31,0.59,4.123,30149964.0,438313610.14,4.1717,0
sh.600509,"天富能源",2026-06-01,9.8,9.94,9.42,9.8,9.74,0.0600000000000005,0.616,85013148.0,828449408.42,6.1855,0
sh.600510,"黑牡丹",2026-06-01,8.66,8.7,8.37,8.46,8.57,-0.109999999999999,-1.2835,10813500.0,92201673.0,1.0478,0
sh.600511,"国药股份",2026-06-01,27.47,27.48,27.1,27.38,27.57,-0.190000000000001,-0.6892,5054200.0,137787477.66,0.9134,0
sh.600512,"腾达建设",2026-06-01,2.21,2.25,2.16,2.24,2.21,0.0300000000000002,1.3575,33485101.0,74080488.22,2.1094,0
sh.600513,"联环药业",2026-06-01,17.42,17.95,17.33,17.66,17.58,0.0800000000000018,0.4551,8947050.0,158129121.5,3.1343,0
sh.600515,"海南机场",2026-06-01,3.2,3.21,3.15,3.2,3.21,-0.00999999999999979,-0.3115,88612974.0,282319373.09,0.9657,0
sh.600516,"方大炭素",2026-06-01,5.0,5.16,4.98,5.09,5.03,0.0599999999999996,1.1928,40643630.0,207376373.34,1.0095,0
sh.600517,"国网英大",2026-06-01,5.4,5.44,5.33,5.41,5.39,0.0200000000000005,0.3711,24142001.0,130378462.39,0.4222,0
sh.600518,"康美药业",2026-06-01,1.54,1.56,1.53,1.55,1.55,0.0,0.0,142061816.0,219706528.82,1.0278,0
sh.600519,"贵州茅台",2026-06-01,1327.0,1327.0,1301.31,1309.6,1326.0,-16.4000000000001,-1.2368,4384460.0,5741133268.45,0.3507,0
sh.600520,"三佳科技",2026-06-01,30.72,31.99,30.17,30.22,31.22,-1.0,-3.2031,17666933.0,546020595.71,11.1513,0
sh.600521,"华海药业",2026-06-01,16.3,16.5,15.9,16.07,15.96,0.109999999999999,0.6892,20065281.0,323680717.1,1.3401,0
sh.600522,"中天科技",2026-06-01,42.0,42.15,39.07,39.39,42.19,-2.8,-6.6366,246232465.0,9947637679.97,7.2147,0
sh.600523,"贵航股份",2026-06-01,11.82,12.25,11.82,12.15,11.91,0.24,2.0151,3431569.0,41512892.07,0.8493,0
sh.600525,"ST长园",2026-06-01,5.26,5.44,5.25,5.3,5.28,0.0199999999999996,0.3788,9768800.0,52356980.8,0.7407,1
sh.600526,"菲达环保",2026-06-01,4.76,4.92,4.67,4.88,4.76,0.12,2.521,13134400.0,63293105.0,1.5045,0
sh.600527,"江南高纤",2026-06-01,2.63,2.65,2.57,2.6,2.59,0.0100000000000002,0.3861,85822060.0,223255307.2,4.9558,0
sh.600528,"中铁工业",2026-06-01,7.4,7.54,7.36,7.53,7.44,0.0899999999999999,1.2097,12615654.0,94176778.36,0.5679,0
sh.600529,"山东药玻",2026-06-01,19.12,19.47,18.89,19.16,19.18,-0.0199999999999996,-0.1043,13142800.0,251013813.12,1.9805,0
sh.600530,"交大昂立",2026-06-01,7.56,7.56,7.05,7.32,7.37,-0.0499999999999998,-0.6784,36227200.0,266265606.0,4.675,0
sh.600531,"豫光金铅",2026-06-01,13.23,13.46,13.07,13.09,13.23,-0.140000000000001,-1.0582,40094930.0,530125099.59,3.3157,0
sh.600533,"栖霞建设",2026-06-01,2.24,2.38,2.19,2.37,2.25,0.12,5.3333,28967788.0,67321521.69,2.7588,0
sh.600535,"天士力",2026-06-01,14.23,14.41,13.97,14.34,14.07,0.27,1.919,10797942.0,154453930.64,0.7228,0
sh.600536,"中国软件",2026-06-01,37.0,39.39,37.0,38.27,36.16,2.11000000000001,5.8352,25394968.0,972674455.8,3.0101,0
sh.600537,"*ST亿晶",2026-06-01,3.1,3.18,3.05,3.1,3.06,0.04,1.3072,33257961.0,103635876.0,2.8096,1
sh.600538,"国发股份",2026-06-01,6.43,6.51,6.26,6.43,6.43,0.0,0.0,11245600.0,71943611.0,2.1453,0
sh.600539,"狮头股份",2026-06-01,13.36,16.02,13.36,16.02,14.56,1.46,10.0275,24426064.0,371872230.9,10.62,0
sh.600540,"新赛股份",2026-06-01,4.49,4.99,4.48,4.99,4.54,0.45,9.9119,29662469.0,141393757.31,5.1021,0
sh.600543,"*ST莫高",2026-06-01,4.52,4.7,4.45,4.69,4.51,0.180000000000001,3.9911,4339894.0,19967512.52,1.3515,1
sh.600545,"卓郎智能",2026-06-01,7.83,8.18,7.31,7.42,7.88,-0.46,-5.8376,216591750.0,1650041052.56,12.1142,0
sh.600546,"山煤国际",2026-06-01,13.88,15.27,13.55,15.27,13.88,1.39,10.0144,78612218.0,1133101838.67,3.9654,0
sh.600547,"山东黄金",2026-06-01,28.95,29.88,28.87,29.41,28.87,0.539999999999999,1.8705,57625015.0,1695971685.07,1.5943,0
sh.600548,"深高速",2026-06-01,8.95,9.1,8.83,9.03,8.92,0.109999999999999,1.2332,3877500.0,34734268.0,0.2262,0
sh.600549,"厦门钨业",2026-06-01,55.56,57.07,52.75,52.85,54.37,-1.52,-2.7957,68319201.0,3721325767.37,4.3965,0
sh.600550,"保变电气",2026-06-01,13.5,13.98,13.49,13.82,13.39,0.43,3.2114,46770327.0,644364228.99,2.5398,0
sh.600551,"时代出版",2026-06-01,7.26,7.62,7.23,7.54,7.28,0.26,3.5714,5980641.0,44632959.63,0.882,0
sh.600552,"凯盛科技",2026-06-01,17.89,19.3,17.89,18.34,17.93,0.41,2.2867,89737165.0,1677710025.84,9.4999,0
sh.600556,"天下秀",2026-06-01,5.21,5.59,5.17,5.43,5.2,0.23,4.4231,85271331.0,461245951.98,4.717,0
sh.600557,"康缘药业",2026-06-01,12.86,12.98,12.73,12.86,12.91,-0.0500000000000007,-0.3873,4468517.0,57407246.65,0.7893,0
sh.600558,"大西洋",2026-06-01,5.58,5.83,5.45,5.78,5.53,0.25,4.5208,26411672.0,151195849.66,2.9425,0
sh.600559,"老白干酒",2026-06-01,12.86,13.19,12.72,13.14,13.02,0.120000000000001,0.9217,16405774.0,213654406.18,1.8038,0
sh.600560,"金自天正",2026-06-01,12.81,13.3,12.66,13.2,12.84,0.359999999999999,2.8037,3645500.0,47888603.0,1.63,0
sh.600561,"江西长运",2026-06-01,5.99,6.34,5.91,6.3,6.06,0.24,3.9604,8454761.0,52677996.03,2.972,0
sh.600562,"国睿科技",2026-06-01,23.89,23.98,23.38,23.48,23.88,-0.399999999999999,-1.675,5610940.0,132674578.4,0.4518,0
sh.600563,"法拉电子",2026-06-01,164.31,165.88,153.99,154.4,165.88,-11.48,-6.9207,12401457.0,1970932899.49,5.5118,0
sh.600566,"济川药业",2026-06-01,27.3,27.85,26.6,27.73,27.53,0.199999999999999,0.7265,7263912.0,199381238.98,0.7908,0
sh.600567,"山鹰国际",2026-06-01,1.34,1.38,1.33,1.37,1.35,0.02,1.4815,77979304.0,106153592.3,1.2363,0
sh.600568,"ST中珠",2026-06-01,2.51,2.64,2.5,2.64,2.51,0.13,5.1793,11920660.0,31206736.4,0.7142,1
sh.600569,"安阳钢铁",2026-06-01,1.88,1.95,1.87,1.94,1.89,0.05,2.6455,20688510.0,39860909.4,0.7202,0
sh.600570,"恒生电子",2026-06-01,24.03,25.18,24.03,24.65,24.27,0.379999999999999,1.5657,32798575.0,811165529.51,1.732,0
sh.600571,"信雅达",2026-06-01,11.53,12.06,11.5,11.86,11.68,0.18,1.5411,8205963.0,97557531.96,1.7927,0
sh.600572,"康恩贝",2026-06-01,4.24,4.27,4.2,4.26,4.23,0.0299999999999994,0.7092,32260897.0,136547272.41,1.275,0
sh.600573,"惠泉啤酒",2026-06-01,13.4,13.93,13.23,13.58,13.33,0.25,1.8755,24987600.0,339925738.0,9.995,0
sh.600575,"淮河能源",2026-06-01,4.25,4.27,3.97,4.16,4.18,-0.0199999999999996,-0.4785,125010984.0,515898749.96,3.2167,0
sh.600576,"祥源文旅",2026-06-01,5.94,6.13,5.9,6.11,5.9,0.21,3.5593,23363122.0,141579449.32,3.5378,0
sh.600577,"精达股份",2026-06-01,12.88,13.11,12.56,12.58,13.0,-0.42,-3.2308,67415937.0,861917551.49,3.134,0
sh.600578,"京能电力",2026-06-01,9.33,9.38,8.44,8.44,9.38,-0.940000000000001,-10.0213,364317556.0,3152132932.14,5.4419,0
sh.600579,"中化装备",2026-06-01,6.58,6.79,6.55,6.72,6.61,0.109999999999999,1.6641,4238500.0,28464568.0,0.8587,0
sh.600580,"卧龙电驱",2026-06-01,39.46,40.93,37.47,40.19,39.46,0.729999999999997,1.85,61373397.0,2425173132.95,3.9402,0
sh.600581,"*ST八钢",2026-06-01,2.52,2.66,2.5,2.66,2.53,0.13,5.1383,17920804.0,47038578.64,1.1691,1
sh.600582,"天地科技",2026-06-01,5.41,5.55,5.4,5.53,5.42,0.11,2.0295,26005400.0,142860023.0,0.6284,0
sh.600583,"海油工程",2026-06-01,5.62,5.74,5.61,5.73,5.61,0.12,2.139,34990100.0,198956066.0,0.7914,0
sh.600584,"长电科技",2026-06-01,80.1,83.51,75.0,75.65,82.05,-6.39999999999999,-7.8001,295336496.0,23173514634.42,16.5046,0
sh.600585,"海螺水泥",2026-06-01,20.03,20.33,19.9,20.31,20.15,0.16,0.794,32831670.0,660660090.16,0.8209,0
sh.600586,"金晶科技",2026-06-01,5.19,5.23,5.06,5.12,5.19,-0.0700000000000003,-1.3487,34442605.0,177207560.17,2.4301,0
sh.600587,"新华医疗",2026-06-01,13.49,13.61,13.4,13.6,13.47,0.129999999999999,0.9651,5106335.0,69090528.17,0.8417,0
sh.600588,"用友网络",2026-06-01,10.5,11.41,10.3,11.41,10.37,1.04,10.0289,100472257.0,1107603651.62,2.9404,0
sh.600589,"大位科技",2026-06-01,10.85,11.09,10.41,10.44,10.85,-0.41,-3.7788,142960174.0,1528445267.51,9.6695,0
sh.600590,"泰豪科技",2026-06-01,12.81,13.48,12.6,12.9,12.75,0.15,1.1765,56593877.0,741988219.4,6.7089,0
sh.600592,"龙溪股份",2026-06-01,20.18,20.2,19.39,19.85,20.17,-0.32,-1.5865,10007188.0,197245664.42,2.5046,0
sh.600593,"大连圣亚",2026-06-01,37.61,38.5,37.31,37.73,37.6,0.129999999999995,0.3457,5461800.0,206776181.0,4.2405,0
sh.600594,"益佰制药",2026-06-01,3.54,3.66,3.49,3.66,3.54,0.12,3.3898,19986301.0,72219577.64,2.5238,0
sh.600595,"中孚实业",2026-06-01,7.1,7.42,7.1,7.31,7.0,0.31,4.4286,127699383.0,932327733.4,3.1862,0
sh.600596,"新安股份",2026-06-01,12.08,13.26,12.07,13.26,12.05,1.21,10.0415,58191497.0,759232446.53,4.3118,0
sh.600597,"光明乳业",2026-06-01,6.96,7.13,6.9,7.12,6.95,0.17,2.446,9163600.0,64439650.4,0.6648,0
sh.600598,"北大荒",2026-06-01,14.2,14.65,14.16,14.61,14.25,0.359999999999999,2.5263,22218533.0,322401314.94,1.2499,0
sh.600599,"*ST熊猫",2026-06-01,1.98,1.98,0.48,0.57,3.95,-3.38,-85.5696,24603085.0,13716041.8,14.8211,0
sh.600600,"青岛啤酒",2026-06-01,61.3,61.59,60.88,61.47,61.14,0.329999999999998,0.5397,7951387.0,486561299.49,1.1213,0
sh.600601,"方正科技",2026-06-01,13.25,13.45,12.29,12.43,13.43,-1.0,-7.446,350602433.0,4448936345.99,8.4071,0
sh.600602,"云赛智联",2026-06-01,18.42,18.95,18.4,18.63,18.48,0.149999999999999,0.8117,21840676.0,408976380.63,2.033,0
sh.600603,"广汇物流",2026-06-01,4.74,5.07,4.67,4.97,4.74,0.23,4.8523,28925629.0,142247744.03,2.4598,0
sh.600604,"市北高新",2026-06-01,4.44,4.56,4.25,4.56,4.47,0.0899999999999999,2.0134,20288941.0,90168122.4,1.4415,0
sh.600605,"汇通能源",2026-06-01,30.5,31.0,29.95,30.03,30.49,-0.459999999999997,-1.5087,3987100.0,120942254.0,1.9328,0
sh.600606,"绿地控股",2026-06-01,1.45,1.52,1.44,1.5,1.47,0.03,2.0408,238467701.0,355307567.86,1.6968,0
sh.600608,"*ST沪科",2026-06-01,2.07,2.07,2.07,2.07,2.07,0.0,,,,,1
sh.600609,"金杯汽车",2026-06-01,3.61,3.71,3.59,3.69,3.61,0.0800000000000001,2.2161,15103755.0,55511982.39,1.1578,0
sh.600610,"中毅达",2026-06-01,7.71,8.05,7.7,7.97,7.78,0.19,2.4422,14928804.0,118800193.0,2.1064,0
sh.600611,"大众交通",2026-06-01,4.68,4.88,4.61,4.77,4.73,0.0399999999999991,0.8457,87404569.0,416072033.66,5.591,0
sh.600612,"老凤祥",2026-06-01,35.86,36.84,35.71,36.8,35.95,0.849999999999994,2.3644,1723000.0,62660582.0,0.5433,0
sh.600613,"神奇制药",2026-06-01,5.16,5.31,5.1,5.28,5.15,0.13,2.5243,7499301.0,39345022.1,1.5646,0
sh.600615,"鑫源智造",2026-06-01,10.2,10.77,10.14,10.54,10.31,0.229999999999999,2.2308,3611375.0,38051053.65,1.6032,0
sh.600616,"金枫酒业",2026-06-01,4.51,4.64,4.46,4.64,4.51,0.13,2.8825,8011251.0,36710286.5,1.1975,0
sh.600617,"国新能源",2026-06-01,3.31,3.67,3.31,3.67,3.34,0.33,9.8802,46010787.0,163027772.8,2.5914,0
sh.600618,"氯碱化工",2026-06-01,10.4,10.7,10.35,10.67,10.39,0.279999999999999,2.6949,8311600.0,88058053.0,1.1084,0
sh.600619,"海立股份",2026-06-01,15.2,15.46,15.17,15.25,15.27,-0.0199999999999996,-0.131,16599460.0,254541727.16,2.1034,0
sh.600620,"天宸股份",2026-06-01,4.75,4.99,4.73,4.95,4.78,0.17,3.5565,7310000.0,35933582.0,1.0645,0
sh.600621,"华鑫股份",2026-06-01,13.15,13.25,13.05,13.21,13.15,0.0600000000000005,0.4563,7271600.0,95825390.0,0.6854,0
sh.600622,"光大嘉宝",2026-06-01,2.57,2.78,2.52,2.65,2.67,-0.02,-0.7491,104649078.0,274856617.38,6.9781,0
sh.600623,"华谊集团",2026-06-01,8.78,8.96,8.71,8.94,8.74,0.199999999999999,2.2883,17763830.0,157225111.72,0.9469,0
sh.600624,"ST复华",2026-06-01,4.2,4.33,4.17,4.29,4.2,0.0899999999999999,2.1429,4385399.0,18687667.01,0.6455,1
sh.600626,"申达股份",2026-06-01,3.65,3.82,3.6,3.77,3.68,0.0899999999999999,2.4457,17653904.0,66497083.04,1.5933,0
sh.600628,"新世界",2026-06-01,6.4,6.56,6.33,6.55,6.42,0.13,2.0249,8136042.0,52818494.86,1.2577,0
sh.600629,"华建集团",2026-06-01,17.52,17.87,17.05,17.17,17.65,-0.479999999999997,-2.7195,16329238.0,285343040.12,1.7042,0
sh.600630,"龙头股份",2026-06-01,7.69,7.86,7.59,7.82,7.71,0.11,1.4267,5456800.0,42423902.0,1.2844,0
sh.600633,"浙数文化",2026-06-01,12.2,12.52,12.2,12.49,12.2,0.290000000000001,2.377,18589466.0,230750118.17,1.466,0
sh.600635,"大众公用",2026-06-01,5.28,5.38,5.19,5.36,5.25,0.11,2.0952,63153977.0,336617299.94,2.611,0
sh.600636,"*ST国化",2026-06-01,2.3,2.75,2.22,2.5,4.51,-2.01,-44.5676,87042202.0,206621220.8,19.8438,0
sh.600637,"东方明珠",2026-06-01,9.7,9.9,9.63,9.73,9.73,0.0,0.0,51505114.0,503458439.37,1.532,0
sh.600638,"新黄浦",2026-06-01,5.62,5.93,5.51,5.85,5.65,0.199999999999999,3.5398,14264191.0,82405243.79,2.1182,0
sh.600639,"浦东金桥",2026-06-01,9.9,10.06,9.78,10.02,9.94,0.0800000000000001,0.8048,6395803.0,63752453.5,0.7522,0
sh.600640,"国脉文化",2026-06-01,11.6,12.24,11.6,12.0,11.59,0.41,3.5375,14453497.0,173775350.22,1.8165,0
sh.600641,"先导基电",2026-06-01,27.0,27.3,26.0,26.05,26.9,-0.849999999999998,-3.1599,37934596.0,1005422782.51,4.0762,0
sh.600642,"申能股份",2026-06-01,10.3,10.76,10.18,10.76,10.32,0.44,4.2636,81369432.0,852917395.53,1.6627,0
sh.600643,"爱建集团",2026-06-01,4.33,4.42,4.29,4.4,4.29,0.11,2.5641,13143062.0,57585200.66,0.8264,0
sh.600644,"乐山电力",2026-06-01,11.66,11.66,11.03,11.48,11.68,-0.199999999999999,-1.7123,27385553.0,311732386.11,4.7354,0
sh.600645,"中源协和",2026-06-01,19.91,20.24,19.71,20.13,19.9,0.23,1.1558,8485855.0,170111093.3,1.8141,0
sh.600648,"外高桥",2026-06-01,9.64,9.78,9.51,9.78,9.66,0.119999999999999,1.2422,2233801.0,21698090.67,0.1963,0
sh.600649,"城投控股",2026-06-01,3.88,4.02,3.85,3.98,3.92,0.0600000000000001,1.5306,25013609.0,99045090.44,0.9987,0
sh.600650,"锦江在线",2026-06-01,11.38,11.6,11.33,11.59,11.47,0.119999999999999,1.0462,2998377.0,34521419.27,0.7677,0
sh.600651,"飞乐音响",2026-06-01,6.34,6.75,6.31,6.63,6.41,0.22,3.4321,31284598.0,206670994.35,1.2479,0
sh.600653,"申华控股",2026-06-01,1.7,1.76,1.68,1.75,1.71,0.04,2.3392,32413198.0,56351430.36,1.6653,0
sh.600654,"中安科",2026-06-01,3.29,3.36,3.25,3.33,3.28,0.0500000000000003,1.5244,63227008.0,210796825.8,2.7283,0
sh.600655,"豫园股份",2026-06-01,4.71,4.74,4.62,4.73,4.74,-0.00999999999999979,-0.211,14604600.0,68616057.0,0.3755,0
sh.600657,"信达地产",2026-06-01,2.86,2.92,2.77,2.91,2.85,0.0600000000000001,2.1053,27348700.0,78621949.0,0.959,0
sh.600658,"电子城",2026-06-01,4.62,4.83,4.53,4.77,4.71,0.0599999999999996,1.2739,19076802.0,89743888.7,1.7054,0
sh.600660,"福耀玻璃",2026-06-01,52.66,53.08,52.06,52.48,52.66,-0.18,-0.3418,11324967.0,593692952.95,0.5654,0
sh.600661,"昂立教育",2026-06-01,8.36,8.82,8.26,8.74,8.42,0.32,3.8005,5609969.0,48552619.57,1.9578,0
sh.600662,"外服控股",2026-06-01,4.5,4.6,4.43,4.59,4.48,0.109999999999999,2.4554,18061010.0,81624967.5,0.7934,0
sh.600663,"陆家嘴",2026-06-01,7.35,7.63,7.13,7.53,7.25,0.28,3.8621,23114921.0,173006515.7,0.7325,0
sh.600664,"哈药股份",2026-06-01,3.35,3.39,3.3,3.39,3.37,0.02,0.5935,43536081.0,146192198.48,1.7286,0
sh.600665,"天地源",2026-06-01,3.19,3.58,3.13,3.5,3.25,0.25,7.6923,41584590.0,143480055.88,4.8123,0
sh.600666,"奥瑞德",2026-06-01,4.52,4.65,4.45,4.56,4.56,0.0,0.0,104754420.0,480288800.8,4.1864,0
sh.600667,"太极实业",2026-06-01,12.99,14.15,12.99,13.58,12.86,0.720000000000001,5.5988,378086512.0,5217894745.12,18.0769,0
sh.600668,"尖峰集团",2026-06-01,7.9,8.12,7.84,8.1,7.93,0.17,2.1438,6635700.0,53307447.0,1.6071,0
sh.600671,"天目药业",2026-06-01,17.31,17.97,17.02,17.82,17.46,0.359999999999999,2.0619,1632000.0,29016383.0,1.3408,0
sh.600673,"东阳光",2026-06-01,34.71,37.32,33.96,35.75,35.62,0.130000000000003,0.365,92378437.0,3272427528.99,3.0777,0
sh.600674,"川投能源",2026-06-01,15.44,15.93,15.34,15.74,15.5,0.24,1.5484,75282566.0,1180683134.54,1.5444,0
sh.600675,"中华企业",2026-06-01,2.42,2.48,2.38,2.47,2.43,0.04,1.6461,24482108.0,59770922.5,0.4049,0
sh.600676,"交运股份",2026-06-01,6.75,6.77,6.47,6.54,6.71,-0.17,-2.5335,13342883.0,87934563.24,1.2973,0
sh.600678,"ST金顶",2026-06-01,6.56,7.02,6.56,7.02,6.69,0.329999999999999,4.9327,32863811.0,223207955.46,9.4168,1
sh.600679,"上海凤凰",2026-06-01,9.81,10.05,9.67,10.01,9.76,0.25,2.5615,4061700.0,40349272.0,1.1818,0
sh.600681,"百川能源",2026-06-01,3.72,3.94,3.67,3.91,3.74,0.17,4.5455,31570320.0,121672983.8,2.3563,0
sh.600682,"南京新百",2026-06-01,5.74,6.14,5.71,5.97,5.76,0.21,3.6458,32890681.0,195706996.18,2.8255,0
sh.600683,"京投发展",2026-06-01,14.96,15.07,14.31,14.43,15.2,-0.77,-5.0658,25903573.0,378035360.06,3.4968,0
sh.600684,"珠江股份",2026-06-01,3.7,3.79,3.58,3.77,3.7,0.0699999999999998,1.8919,17143400.0,64149138.0,2.0087,0
sh.600685,"中船防务",2026-06-01,28.12,28.48,27.95,28.09,28.23,-0.140000000000001,-0.4959,8360791.0,235643056.57,1.0178,0
sh.600686,"金龙汽车",2026-06-01,13.4,13.76,13.33,13.55,13.43,0.120000000000001,0.8935,14288456.0,194615604.99,1.9927,0
sh.600688,"上海石化",2026-06-01,2.72,2.77,2.7,2.76,2.72,0.0399999999999996,1.4706,50782151.0,139291010.73,0.6929,0
sh.600689,"上海三毛",2026-06-01,11.68,12.08,11.48,11.98,11.61,0.370000000000001,3.1869,3568800.0,42628813.0,2.3447,0
sh.600690,"海尔智家",2026-06-01,20.88,21.17,20.71,21.08,20.88,0.199999999999999,0.9579,55596733.0,1166834236.84,0.8891,0
sh.600691,"潞化科技",2026-06-01,2.68,2.8,2.68,2.79,2.7,0.0899999999999999,3.3333,33117576.0,91661617.2,1.3941,0
sh.600692,"亚通股份",2026-06-01,6.79,7.12,6.71,7.08,6.79,0.29,4.271,8763601.0,61380841.02,3.4366,0
sh.600693,"东百集团",2026-06-01,9.9,11.05,9.8,10.73,10.08,0.65,6.4484,135585774.0,1428982734.54,15.6034,0
sh.600694,"大商股份",2026-06-01,15.06,15.66,14.81,15.62,15.06,0.559999999999999,3.7185,7530974.0,116212665.07,1.9881,0
sh.600696,"*ST岩石",2026-06-01,0.66,0.86,0.42,0.55,1.31,-0.76,-58.0153,28082533.0,17741218.45,8.3961,0
sh.600697,"欧亚集团",2026-06-01,11.35,12.0,11.25,11.9,11.52,0.380000000000001,3.2986,4965800.0,58357356.87,3.196,0
sh.600698,"湖南天雁",2026-06-01,6.82,6.84,6.71,6.79,6.78,0.00999999999999979,0.1475,4723295.0,32092262.95,0.5688,0
sh.600699,"均胜电子",2026-06-01,26.38,26.8,25.85,26.17,26.22,-0.0499999999999972,-0.1907,38086292.0,1005614422.32,2.8107,0
sh.600702,"舍得酒业",2026-06-01,43.41,44.68,43.41,44.32,44.06,0.259999999999998,0.5901,12061711.0,530285634.01,3.6263,0
sh.600703,"三安光电",2026-06-01,15.64,15.96,15.09,15.16,15.64,-0.48,-3.0691,211875957.0,3283259303.87,4.2468,0
sh.600704,"物产中大",2026-06-01,4.94,5.02,4.89,5.0,4.97,0.0300000000000002,0.6036,52880465.0,262255943.37,1.0226,0
sh.600706,"曲江文旅",2026-06-01,8.04,8.46,7.95,8.41,8.16,0.25,3.0637,6426900.0,53475353.8,2.53,0
sh.600707,"彩虹股份",2026-06-01,9.77,10.59,9.76,9.88,9.77,0.110000000000001,1.1259,178849126.0,1817936339.28,4.9851,0
sh.600708,"光明地产",2026-06-01,3.27,3.31,3.14,3.25,3.29,-0.04,-1.2158,38067213.0,123293183.28,1.7107,0
sh.600710,"苏美达",2026-06-01,11.69,11.75,11.55,11.55,11.7,-0.149999999999999,-1.2821,11148900.0,129663169.0,0.8532,0
sh.600711,"盛屯矿业",2026-06-01,12.29,12.48,12.11,12.2,12.2,0.0,0.0,70602841.0,868414263.31,2.2844,0
sh.600712,"南宁百货",2026-06-01,5.8,6.08,5.76,6.03,5.89,0.140000000000001,2.3769,10087957.0,60526958.62,1.8728,0
sh.600713,"南京医药",2026-06-01,5.04,5.12,4.98,5.12,5.01,0.11,2.1956,11297700.0,57239320.0,0.8759,0
sh.600714,"金瑞矿业",2026-06-01,28.7,31.82,28.7,29.71,29.36,0.350000000000001,1.1921,18329446.0,558830729.08,6.3605,0
sh.600715,"文投控股",2026-06-01,1.91,1.97,1.89,1.94,1.91,0.03,1.5707,27389409.0,52981086.46,0.9569,0
sh.600716,"凤凰股份",2026-06-01,3.67,3.8,3.66,3.77,3.7,0.0699999999999998,1.8919,6222600.0,23335766.0,0.6648,0
sh.600717,"天津港",2026-06-01,4.49,4.56,4.43,4.55,4.49,0.0599999999999996,1.3363,30464263.0,137099570.31,1.0527,0
sh.600718,"东软集团",2026-06-01,8.2,8.48,8.18,8.43,8.17,0.26,3.1824,13857000.0,116126980.0,1.1582,0
sh.600719,"大连热电",2026-06-01,9.48,9.76,8.92,9.72,9.64,0.0800000000000001,0.8299,51578641.0,487160674.2,12.7481,0
sh.600720,"中交设计",2026-06-01,6.09,6.24,5.98,6.22,6.04,0.18,2.9801,10834471.0,66397371.0,1.0737,0
sh.600721,"百花医药",2026-06-01,7.27,7.48,7.24,7.46,7.3,0.16,2.1918,6712700.0,49663529.0,1.7456,0
sh.600722,"金牛化工",2026-06-01,10.33,10.59,10.33,10.52,10.33,0.19,1.8393,28527910.0,299920078.62,4.1933,0
sh.600724,"宁波富达",2026-06-01,6.86,6.93,6.68,6.88,6.93,-0.0499999999999998,-0.7215,9533000.0,65157208.0,0.6597,0
sh.600725,"云维股份",2026-06-01,3.86,3.97,3.78,3.96,3.87,0.0899999999999999,2.3256,16683696.0,65310246.24,1.3537,0
sh.600726,"华电能源",2026-06-01,10.38,10.89,9.13,9.5,10.13,-0.630000000000001,-6.2192,510566215.0,4982804742.81,6.83,0
sh.600727,"鲁北化工",2026-06-01,8.03,8.84,8.01,8.84,8.04,0.800000000000001,9.9502,40333274.0,348197878.3,7.6305,0
sh.600728,"佳都科技",2026-06-01,4.85,5.01,4.84,4.96,4.83,0.13,2.6915,31374091.0,155212842.99,1.4712,0
sh.600729,"重百集团",2026-06-01,19.81,20.62,19.68,20.51,20.05,0.460000000000001,2.2943,5853274.0,118374358.01,3.0409,0
sh.600730,"*ST高科",2026-06-01,14.74,15.28,14.42,15.28,14.75,0.529999999999999,3.5932,26991866.0,402026027.28,4.601,1
sh.600731,"湖南海利",2026-06-01,5.62,5.88,5.59,5.85,5.64,0.21,3.7234,11644710.0,67431283.4,2.1497,0
sh.600732,"爱旭股份",2026-06-01,12.28,12.79,12.05,12.28,12.1,0.18,1.4876,36722608.0,459081843.27,1.7491,0
sh.600733,"北汽蓝谷",2026-06-01,6.1,6.17,6.01,6.13,6.11,0.0199999999999996,0.3273,49076833.0,299952905.6,0.8834,0
sh.600734,"*ST实达",2026-06-01,2.16,2.23,2.12,2.23,2.12,0.11,5.1887,87622950.0,193455186.5,4.0234,1
sh.600735,"ST新华锦",2026-06-01,7.14,7.19,6.85,7.01,7.2,-0.19,-2.6389,13252319.0,92934812.9,3.1149,1
sh.600736,"苏州高新",2026-06-01,7.0,7.26,6.95,7.16,7.05,0.11,1.5603,49514760.0,354216260.64,4.3008,0
sh.600737,"中粮糖业",2026-06-01,13.15,14.19,13.06,14.19,12.9,1.29,10.0,65325712.0,899820020.92,3.0542,0
sh.600738,"丽尚国潮",2026-06-01,4.36,4.51,4.31,4.48,4.38,0.100000000000001,2.2831,12267600.0,54602356.0,1.6127,0
sh.600739,"辽宁成大",2026-06-01,10.76,10.91,10.67,10.86,10.76,0.0999999999999996,0.9294,9175650.0,99131893.5,0.6027,0
sh.600740,"山西焦化",2026-06-01,3.85,4.05,3.84,4.03,3.85,0.18,4.6753,66033607.0,262648912.52,2.5773,0
sh.600741,"华域汽车",2026-06-01,16.73,17.14,16.66,16.98,16.71,0.27,1.6158,35782331.0,604044072.73,1.135,0
sh.600742,"富维股份",2026-06-01,8.1,8.27,8.06,8.25,8.09,0.16,1.9778,4066100.0,33309485.6,0.5472,0
sh.600743,"华远控股",2026-06-01,2.4,2.71,2.33,2.58,2.46,0.12,4.878,189173690.0,488392505.57,8.0633,0
sh.600744,"华银电力",2026-06-01,8.97,8.97,8.15,8.63,9.06,-0.43,-4.7461,229974321.0,1960027717.81,11.3225,0
sh.600745,"*ST闻泰",2026-06-01,21.7,21.7,21.7,21.7,20.67,1.03,4.9831,2274201.0,49350161.7,0.1827,1
sh.600746,"江苏索普",2026-06-01,6.43,6.67,6.38,6.64,6.41,0.23,3.5881,12393400.0,81645708.0,1.0612,0
sh.600748,"上实发展",2026-06-01,4.57,4.67,4.41,4.56,4.7,-0.140000000000001,-2.9787,29626962.0,135093845.07,1.6062,0
sh.600749,"西藏旅游",2026-06-01,14.8,15.08,14.61,15.02,14.82,0.199999999999999,1.3495,5837020.0,87341928.4,2.5718,0
sh.600750,"华润江中",2026-06-01,25.05,26.01,24.62,25.88,25.05,0.829999999999998,3.3134,7920394.0,201772763.41,1.2596,0
sh.600751,"海航科技",2026-06-01,3.31,3.36,3.3,3.34,3.31,0.0299999999999998,0.9063,25362057.0,84646635.74,0.9856,0
sh.600753,"*ST海钦",2026-06-01,13.25,13.62,13.18,13.43,13.15,0.279999999999999,2.1293,2369400.0,31908027.0,1.0288,1
sh.600754,"锦江酒店",2026-06-01,20.3,20.84,20.11,20.84,20.41,0.43,2.1068,14457340.0,297906911.0,1.5957,0
sh.600755,"厦门国贸",2026-06-01,5.91,6.07,5.88,6.04,5.93,0.11,1.855,19902542.0,119481542.9,0.9334,0
sh.600756,"浪潮软件",2026-06-01,13.88,14.95,13.88,14.75,14.06,0.69,4.9075,11956511.0,174888372.09,3.6892,0
sh.600757,"长江传媒",2026-06-01,8.03,8.16,7.96,8.13,8.08,0.0500000000000007,0.6188,15890855.0,128092599.06,1.3095,0
sh.600758,"辽宁能源",2026-06-01,4.69,5.16,4.44,5.16,4.69,0.47,10.0213,207045070.0,1000493189.25,15.6764,0
sh.600759,"ST洲际",2026-06-01,2.9,2.9,2.9,2.9,2.76,0.14,5.0725,10348424.0,30010429.6,0.2497,1
sh.600760,"中航沈飞",2026-06-01,42.87,43.88,42.8,43.8,42.98,0.82,1.9079,15462148.0,671651962.77,0.5465,0
sh.600761,"安徽合力",2026-06-01,17.75,18.13,17.41,17.97,17.8,0.169999999999998,0.9551,13933290.0,248646944.2,1.5643,0
sh.600763,"通策医疗",2026-06-01,37.25,37.56,36.85,37.55,37.41,0.140000000000001,0.3742,5942472.0,221157639.38,1.3286,0
sh.600764,"中国海防",2026-06-01,20.39,21.19,20.39,21.1,20.45,0.650000000000002,3.1785,4494378.0,94060124.04,0.6325,0
sh.600765,"中航重机",2026-06-01,14.26,14.35,14.21,14.32,14.26,0.0600000000000005,0.4208,12348524.0,176425063.91,0.7954,0
sh.600768,"宁波富邦",2026-06-01,16.28,16.9,16.01,16.73,16.29,0.440000000000001,2.701,5231900.0,86955447.99,3.9118,0
sh.600769,"祥龙电业",2026-06-01,15.35,16.56,14.9,16.56,15.05,1.51,10.0332,19710101.0,316611688.56,5.2563,0
sh.600770,"综艺股份",2026-06-01,6.18,6.31,6.12,6.15,6.18,-0.0299999999999994,-0.4854,29323795.0,181897814.01,2.2557,0
sh.600771,"广誉远",2026-06-01,15.15,15.23,15.02,15.09,15.23,-0.140000000000001,-0.9192,5816965.0,87875042.45,1.1884,0
sh.600773,"西藏城投",2026-06-01,16.82,17.47,16.52,17.0,16.82,0.18,1.0702,28646350.0,489247631.68,3.0104,0
sh.600774,"汉商集团",2026-06-01,7.55,7.82,7.44,7.77,7.48,0.289999999999999,3.877,4751001.0,36638806.78,1.6112,0
sh.600775,"南京熊猫",2026-06-01,10.78,11.03,10.68,10.89,10.78,0.110000000000001,1.0204,11974235.0,130515580.2,1.7823,0
sh.600776,"东方通信",2026-06-01,14.57,14.8,14.5,14.59,14.58,0.00999999999999979,0.0686,13635902.0,199974243.32,1.4263,0
sh.600777,"*ST新潮",2026-06-01,5.41,5.45,5.31,5.35,5.38,-0.0300000000000002,-0.5576,12394740.0,66285337.6,0.1947,1
sh.600778,"友好集团",2026-06-01,6.14,6.45,6.05,6.37,6.21,0.16,2.5765,9671085.0,61233683.58,3.1075,0
sh.600779,"水井坊",2026-06-01,34.1,34.5,32.35,33.72,35.8,-2.08,-5.8101,14667723.0,493941692.11,3.0087,0
sh.600780,"通宝能源",2026-06-01,7.65,7.89,7.38,7.86,7.72,0.140000000000001,1.8135,66025356.0,507577104.83,5.7588,0
sh.600782,"新钢股份",2026-06-01,2.84,2.89,2.81,2.88,2.81,0.0699999999999998,2.4911,52689438.0,150977328.14,1.675,0
sh.600783,"鲁信创投",2026-06-01,20.82,21.66,20.68,20.92,21.08,-0.159999999999997,-0.759,17135050.0,360861483.81,2.302,0
sh.600784,"鲁银投资",2026-06-01,7.5,7.68,7.42,7.65,7.57,0.0800000000000001,1.0568,11112444.0,84343810.28,1.6447,0
sh.600785,"新华百货",2026-06-01,15.86,16.75,15.86,16.54,16.31,0.23,1.4102,7952000.0,131135184.0,3.5243,0
sh.600787,"中储股份",2026-06-01,4.78,4.89,4.74,4.89,4.78,0.109999999999999,2.3013,23935800.0,115702464.0,1.103,0
sh.600789,"鲁抗医药",2026-06-01,7.85,7.94,7.8,7.92,7.88,0.04,0.5076,7909020.0,62302507.1,0.8801,0
sh.600790,"轻纺城",2026-06-01,4.09,4.19,3.99,4.17,4.08,0.0899999999999999,2.2059,24985279.0,102980441.58,1.7046,0
sh.600791,"京能置业",2026-06-01,15.5,15.72,13.86,14.3,15.38,-1.08,-7.0221,23119701.0,335029533.15,5.1114,0
sh.600792,"云煤能源",2026-06-01,4.03,4.35,3.98,4.3,4.06,0.24,5.9113,47656402.0,201769973.08,4.2937,0
sh.600793,"宜宾纸业",2026-06-01,14.13,14.72,14.01,14.57,14.15,0.42,2.9682,3786600.0,54924196.0,2.1405,0
sh.600794,"保税科技",2026-06-01,3.21,3.33,3.18,3.33,3.22,0.11,3.4161,14024700.0,46110882.0,1.1686,0
sh.600795,"国电电力",2026-06-01,5.2,5.33,5.09,5.25,5.15,0.0999999999999996,1.9417,578984637.0,3024605318.8,3.2462,0
sh.600796,"钱江生化",2026-06-01,5.37,5.57,5.29,5.55,5.35,0.2,3.7383,10258010.0,56166795.9,3.2933,0
sh.600797,"浙大网新",2026-06-01,7.47,7.77,7.47,7.77,7.06,0.71,10.0567,23640184.0,182304036.92,2.3007,0
sh.600798,"宁波海运",2026-06-01,3.46,3.81,3.45,3.81,3.46,0.35,10.1156,70759346.0,263703584.01,5.8647,0
sh.600800,"渤海化学",2026-06-01,3.88,4.0,3.83,3.95,3.9,0.0500000000000003,1.2821,19974877.0,79015636.46,1.8,0
sh.600801,"华新建材",2026-06-01,18.77,19.06,18.63,18.85,18.64,0.210000000000001,1.1266,13652340.0,257548648.6,1.0175,0
sh.600802,"福建水泥",2026-06-01,5.02,5.26,4.95,5.23,5.07,0.16,3.1558,7975440.0,41305632.0,1.7404,0
sh.600803,"新奥股份",2026-06-01,19.52,19.84,19.18,19.83,19.55,0.279999999999998,1.4322,9415288.0,184717918.58,0.3065,0
sh.600805,"悦达投资",2026-06-01,4.72,4.86,4.69,4.82,4.69,0.13,2.7719,9757499.0,46897560.17,1.1476,0
sh.600807,"济高发展",2026-06-01,2.75,2.88,2.7,2.83,2.77,0.0600000000000001,2.1661,26049900.0,73513688.0,3.3099,0
sh.600808,"马钢股份",2026-06-01,2.95,2.99,2.92,2.98,2.95,0.0299999999999998,1.0169,53594000.0,158863129.0,0.8981,0
sh.600809,"山西汾酒",2026-06-01,127.0,128.97,125.91,128.13,128.3,-0.170000000000016,-0.1325,9270956.0,1180605934.33,0.7599,0
sh.600810,"神马股份",2026-06-01,5.99,6.09,5.95,6.04,5.95,0.0899999999999999,1.5126,14535280.0,87638113.4,1.3449,0
sh.600812,"华北制药",2026-06-01,4.54,4.64,4.51,4.63,4.54,0.0899999999999999,1.9824,15667601.0,71804663.57,0.9132,0
sh.600814,"杭州解百",2026-06-01,7.22,7.44,7.06,7.4,7.27,0.130000000000001,1.7882,11981116.0,87466631.12,1.6299,0
sh.600815,"厦工股份",2026-06-01,3.28,3.44,3.28,3.4,3.33,0.0699999999999998,2.1021,42547300.0,144089994.0,2.3983,0
sh.600816,"建元信托",2026-06-01,3.08,3.1,3.02,3.06,3.09,-0.0299999999999998,-0.9709,64921984.0,199076498.04,1.1871,0
sh.600817,"宇通重工",2026-06-01,10.1,10.41,10.01,10.34,10.08,0.26,2.5794,4186600.0,42898864.0,0.7911,0
sh.600818,"ST中路",2026-06-01,5.91,6.12,5.73,6.08,6.0,0.0800000000000001,1.3333,9274905.0,55216258.33,3.8977,1
sh.600819,"耀皮玻璃",2026-06-01,6.71,6.88,6.6,6.78,6.78,0.0,0.0,9563700.0,64641734.0,1.2796,0
sh.600820,"隧道股份",2026-06-01,5.78,5.79,5.71,5.78,5.75,0.0300000000000002,0.5217,18676313.0,107594376.61,0.594,0
sh.600821,"金开新能",2026-06-01,8.23,8.26,7.61,8.15,8.11,0.0400000000000009,0.4932,146181622.0,1173896739.87,7.4305,0
sh.600822,"上海物贸",2026-06-01,8.81,9.11,8.7,9.06,8.8,0.26,2.9545,3263139.0,29391271.95,0.8237,0
sh.600824,"益民集团",2026-06-01,3.82,3.92,3.78,3.92,3.82,0.1,2.6178,11523255.0,44727804.5,1.0933,0
sh.600825,"新华传媒",2026-06-01,5.2,5.34,5.16,5.31,5.17,0.14,2.7079,6738221.0,35638568.53,0.6449,0
sh.600826,"兰生股份",2026-06-01,8.65,9.0,8.5,8.98,8.65,0.33,3.815,7231200.0,63925836.6,0.9831,0
sh.600827,"百联股份",2026-06-01,8.39,8.55,8.3,8.54,8.49,0.0499999999999989,0.5889,17676377.0,149333092.34,1.1017,0
sh.600828,"茂业商业",2026-06-01,4.66,4.83,4.49,4.74,4.63,0.11,2.3758,67087925.0,317181674.83,3.8749,0
sh.600829,"人民同泰",2026-06-01,8.68,8.9,8.6,8.87,8.71,0.159999999999998,1.837,5287321.0,46609868.85,0.9118,0
sh.600830,"香溢融通",2026-06-01,8.32,8.41,8.1,8.41,8.32,0.0899999999999999,1.0817,8626329.0,71720537.99,1.8987,0
sh.600831,"广电网络",2026-06-01,3.79,3.8,3.61,3.74,3.78,-0.0399999999999996,-1.0582,25022375.0,92699326.68,3.5196,0
sh.600833,"第一医药",2026-06-01,10.32,10.99,10.31,10.92,10.57,0.35,3.3113,4461479.0,48131294.41,1.9999,0
sh.600834,"申通地铁",2026-06-01,7.65,7.76,7.62,7.75,7.67,0.0800000000000001,1.043,2574510.0,19826125.9,0.5393,0
sh.600835,"上海机电",2026-06-01,21.97,22.35,21.86,21.99,21.91,0.0799999999999983,0.3651,6245600.0,137874457.0,0.7744,0
sh.600838,"上海九百",2026-06-01,8.43,8.67,8.2,8.62,8.5,0.119999999999999,1.4118,13788601.0,118001590.58,3.4396,0
sh.600839,"四川长虹",2026-06-01,7.12,7.35,7.07,7.3,7.2,0.0999999999999996,1.3889,69156713.0,502686188.39,1.4985,0
sh.600841,"动力新科",2026-06-01,7.3,7.99,7.29,7.99,7.26,0.73,10.0551,19179092.0,149980362.64,1.8388,0
sh.600843,"上工申贝",2026-06-01,7.69,7.88,7.6,7.82,7.7,0.12,1.5584,8533300.0,66536294.0,1.8186,0
sh.600844,"金煤科技",2026-06-01,2.98,3.09,2.96,3.07,2.98,0.0899999999999999,3.0201,24608817.0,75106347.02,2.9911,0
sh.600845,"宝信软件",2026-06-01,20.18,20.7,20.18,20.46,20.15,0.310000000000002,1.5385,15452338.0,316753048.3,0.7241,0
sh.600846,"同济科技",2026-06-01,10.9,11.32,10.85,11.25,10.97,0.279999999999999,2.5524,3942301.0,44190399.23,0.631,0
sh.600847,"万里股份",2026-06-01,14.52,15.98,14.04,15.98,14.53,1.45,9.9794,2693200.0,41944260.0,1.757,0
sh.600848,"上海临港",2026-06-01,8.96,9.19,8.84,9.14,8.96,0.18,2.0089,20225801.0,182950205.31,0.8449,0
sh.600850,"电科数字",2026-06-01,23.96,25.68,23.93,25.59,24.33,1.26,5.1788,46617550.0,1171540885.22,6.8535,0
sh.600851,"海欣股份",2026-06-01,8.14,8.18,7.9,8.08,8.16,-0.0800000000000001,-0.9804,12886813.0,103749463.33,1.7457,0
sh.600853,"龙建股份",2026-06-01,3.6,3.71,3.6,3.68,3.6,0.0800000000000001,2.2222,9822142.0,35972343.24,0.9689,0
sh.600854,"春兰股份",2026-06-01,4.94,5.12,4.84,5.1,4.99,0.109999999999999,2.2044,13785700.0,69388908.0,2.6539,0
sh.600855,"航天长峰",2026-06-01,16.02,16.17,15.86,15.93,15.89,0.0399999999999991,0.2517,7763478.0,124207760.9,1.6601,0
sh.600857,"宁波中百",2026-06-01,14.94,16.68,14.94,15.72,15.47,0.25,1.616,30173447.0,480949695.57,13.4511,0
sh.600858,"银座股份",2026-06-01,5.18,5.44,5.09,5.39,5.23,0.159999999999999,3.0593,14450454.0,76855938.96,2.7921,0
sh.600859,"王府井",2026-06-01,11.12,11.27,10.9,11.24,11.18,0.0600000000000005,0.5367,19591545.0,218121851.01,1.7433,0
sh.600860,"京城股份",2026-06-01,9.2,9.44,9.03,9.39,9.22,0.17,1.8438,5377500.0,50386347.0,1.211,0
sh.600861,"北京人力",2026-06-01,14.22,14.57,14.05,14.57,14.22,0.35,2.4613,3584900.0,51483291.0,0.9779,0
sh.600862,"中航高科",2026-06-01,17.82,17.96,17.68,17.86,17.82,0.0399999999999991,0.2245,14163805.0,252343499.69,1.0167,0
sh.600863,"华能蒙电",2026-06-01,7.66,8.03,7.0,7.92,7.3,0.62,8.4932,779038116.0,5838420893.37,11.9358,0
sh.600864,"哈投股份",2026-06-01,5.56,5.66,5.5,5.66,5.59,0.0700000000000003,1.2522,29363011.0,164314600.55,1.4113,0
sh.600865,"百大集团",2026-06-01,10.96,11.38,10.55,11.28,10.87,0.41,3.7718,38034835.0,420909929.2,10.1092,0
sh.600866,"星湖科技",2026-06-01,5.0,5.13,4.99,5.12,5.01,0.11,2.1956,18750100.0,95332170.93,1.4931,0
sh.600867,"通化东宝",2026-06-01,8.48,8.6,8.45,8.6,8.41,0.19,2.2592,28103214.0,239790099.77,1.4349,0
sh.600868,"梅雁吉祥",2026-06-01,3.51,3.57,3.32,3.48,3.5,-0.02,-0.5714,117619900.0,407990131.0,6.1966,0
sh.600869,"远东股份",2026-06-01,24.0,24.49,22.98,22.98,24.1,-1.12,-4.6473,122416755.0,2888067846.08,5.5159,0
sh.600871,"石化油服",2026-06-01,2.33,2.4,2.32,2.38,2.32,0.0600000000000001,2.5862,132363234.0,314091817.34,0.9771,0
sh.600872,"中炬高新",2026-06-01,19.64,19.69,19.3,19.61,19.63,-0.0199999999999996,-0.1019,11337112.0,221127008.94,1.4705,0
sh.600873,"梅花生物",2026-06-01,9.38,9.45,9.28,9.41,9.42,-0.00999999999999979,-0.1062,19384574.0,181381477.6,0.6913,0
sh.600874,"创业环保",2026-06-01,5.77,5.91,5.73,5.89,5.77,0.12,2.0797,11405291.0,66598320.78,0.9269,0
sh.600875,"东方电气",2026-06-01,35.08,36.33,34.36,35.3,35.23,0.0700000000000003,0.1987,51132841.0,1812305851.51,2.2591,0
sh.600876,"凯盛新能",2026-06-01,8.71,8.94,8.65,8.78,8.77,0.00999999999999979,0.114,3919800.0,34589180.0,0.9907,0
sh.600877,"电科芯片",2026-06-01,14.55,14.67,14.19,14.2,14.54,-0.34,-2.3384,19764648.0,283896919.33,1.6692,0
sh.600879,"航天电子",2026-06-01,19.5,19.69,19.2,19.2,19.51,-0.310000000000002,-1.5889,79726313.0,1549466302.79,2.4165,0
sh.600880,"博瑞传播",2026-06-01,4.34,4.52,4.31,4.49,4.33,0.16,3.6952,22323487.0,99413063.24,2.0423,0
sh.600881,"亚泰集团",2026-06-01,1.5,1.55,1.48,1.54,1.5,0.04,2.6667,55570511.0,84824946.39,1.7193,0
sh.600882,"妙可蓝多",2026-06-01,18.9,20.56,18.81,20.0,19.18,0.82,4.2753,19673078.0,393623002.36,3.8571,0
sh.600883,"博闻科技",2026-06-01,8.42,8.87,8.27,8.82,8.47,0.35,4.1322,6355843.0,55327459.22,2.6921,0
sh.600884,"杉杉股份",2026-06-01,14.52,14.88,14.18,14.23,14.65,-0.42,-2.8669,79131063.0,1148753741.05,4.3121,0
sh.600885,"宏发股份",2026-06-01,33.84,35.8,33.7,34.89,33.84,1.05,3.1028,27300228.0,952126223.97,1.764,0
sh.600886,"国投电力",2026-06-01,14.39,14.57,14.14,14.51,14.3,0.209999999999999,1.4685,64997379.0,935897298.09,0.872,0
sh.600887,"伊利股份",2026-06-01,26.7,27.03,26.58,27.0,26.92,0.0799999999999983,0.2972,68461666.0,1839883295.88,1.0877,0
sh.600888,"新疆众和",2026-06-01,11.4,12.34,11.39,11.82,11.58,0.24,2.0725,111751305.0,1337970214.53,7.1954,0
sh.600889,"*ST京化",2026-06-01,15.8,16.48,15.8,16.19,15.95,0.240000000000002,1.5047,3634900.0,58827859.0,0.9922,1
sh.600892,"*ST大晟",2026-06-01,3.96,4.02,3.91,3.99,3.97,0.02,0.5038,4881100.0,19439031.0,0.8727,1
sh.600893,"航发动力",2026-06-01,41.52,42.69,41.22,41.52,41.52,0.0,0.0,30364694.0,1269785647.96,1.1393,0
sh.600894,"广日股份",2026-06-01,8.66,8.86,8.59,8.86,8.62,0.24,2.7842,7565704.0,65994496.1,0.8973,0
sh.600895,"张江高科",2026-06-01,35.0,35.14,33.78,33.78,34.74,-0.960000000000001,-2.7634,35944505.0,1233770713.77,2.321,0
sh.600897,"厦门空港",2026-06-01,15.0,15.19,14.9,15.11,14.43,0.68,4.7124,4425325.0,66670716.7,1.0614,0
sh.600900,"长江电力",2026-06-01,27.74,27.87,27.55,27.77,27.75,0.0199999999999996,0.0721,139278066.0,3861503134.09,0.5692,0
sh.600901,"江苏金租",2026-06-01,6.28,6.5,6.22,6.49,6.25,0.24,3.84,47442739.0,304879623.15,0.8193,0
sh.600903,"贵州燃气",2026-06-01,9.38,10.28,9.24,9.82,9.35,0.470000000000001,5.0267,62730207.0,616562070.44,5.4548,0
sh.600905,"三峡能源",2026-06-01,4.25,4.43,4.25,4.38,4.17,0.21,5.036,613377027.0,2658467126.77,2.1456,0
sh.600906,"财达证券",2026-06-01,6.62,6.72,6.51,6.71,6.67,0.04,0.5997,48105749.0,319672509.45,2.2646,0
sh.600908,"无锡银行",2026-06-01,5.47,5.6,5.42,5.59,5.45,0.14,2.5688,18032259.0,99405055.41,0.9019,0
sh.600909,"华安证券",2026-06-01,7.23,7.56,7.2,7.23,7.17,0.0600000000000005,0.8368,177513926.0,1301218199.39,3.5332,0
sh.600916,"中国黄金",2026-06-01,7.88,8.04,7.87,8.01,7.94,0.0699999999999994,0.8816,21843200.0,174331006.0,1.3002,0
sh.600917,"重庆燃气",2026-06-01,5.11,5.28,5.09,5.28,5.12,0.16,3.125,7553200.0,39347151.0,0.4839,0
sh.600918,"中泰证券",2026-06-01,5.43,5.51,5.39,5.5,5.44,0.0599999999999996,1.1029,48005237.0,261957532.89,1.0521,0
sh.600919,"江苏银行",2026-06-01,11.26,11.42,11.17,11.39,11.29,0.100000000000001,0.8857,117430449.0,1328266884.9,0.6399,0
sh.600925,"苏能股份",2026-06-01,4.71,4.85,4.65,4.85,4.7,0.149999999999999,3.1915,41568653.0,199201158.66,2.5883,0
sh.600926,"杭州银行",2026-06-01,16.06,16.37,15.92,16.37,16.01,0.359999999999999,2.2486,62522044.0,1010867565.72,0.8625,0
sh.600927,"永安期货",2026-06-01,13.91,14.02,13.72,13.92,13.91,0.00999999999999979,0.0719,5619500.0,78030728.0,0.3861,0
sh.600928,"西安银行",2026-06-01,3.5,3.59,3.48,3.59,3.51,0.0800000000000001,2.2792,27978063.0,99125440.59,0.6325,0
sh.600929,"雪天盐业",2026-06-01,5.56,5.62,5.52,5.59,5.55,0.04,0.7207,16139300.0,90072695.0,0.984,0
sh.600930,"华电新能",2026-06-01,6.43,6.49,6.21,6.41,6.43,-0.0199999999999996,-0.311,248097333.0,1582257282.49,7.6815,0
sh.600933,"爱柯迪",2026-06-01,15.81,16.09,15.64,15.76,15.96,-0.200000000000001,-1.2531,11962945.0,189535278.75,1.2194,0
sh.600935,"华塑股份",2026-06-01,2.42,2.5,2.41,2.5,2.43,0.0699999999999998,2.8807,23467200.0,57942566.0,0.6691,0
sh.600936,"北投科技",2026-06-01,5.26,5.5,5.14,5.38,5.31,0.0700000000000003,1.3183,82897735.0,442383954.08,4.9609,0
sh.600938,"中国海油",2026-06-01,34.53,34.98,34.3,34.82,34.4,0.420000000000002,1.2209,37576693.0,1305486316.47,1.2567,0
sh.600939,"重庆建工",2026-06-01,2.78,2.9,2.74,2.89,2.8,0.0900000000000003,3.2143,20628557.0,58550105.18,1.0843,0
sh.600941,"中国移动",2026-06-01,98.8,99.1,98.2,98.9,99.1,-0.199999999999989,-0.2018,7580179.0,748444935.73,0.8397,0
sh.600955,"维远股份",2026-06-01,16.23,16.57,16.22,16.49,16.17,0.319999999999997,1.979,4186200.0,68854546.0,0.7611,0
sh.600956,"新天绿能",2026-06-01,9.18,9.91,9.1,9.85,9.09,0.76,8.3608,59152861.0,564711826.44,2.5192,0
sh.600958,"东方证券",2026-06-01,9.3,9.32,9.15,9.3,9.31,-0.00999999999999979,-0.1074,41355467.0,383176529.29,0.5537,0
sh.600959,"江苏有线",2026-06-01,3.53,3.61,3.52,3.58,3.53,0.0500000000000003,1.4164,38935014.0,138995421.54,0.7786,0
sh.600960,"渤海汽车",2026-06-01,4.34,4.55,4.27,4.48,4.5,-0.0199999999999996,-0.4444,17583500.0,78405827.0,1.8499,0
sh.600961,"株冶集团",2026-06-01,25.0,25.88,24.85,24.94,25.34,-0.399999999999999,-1.5785,31514645.0,797763894.6,4.1918,0
sh.600962,"国投中鲁",2026-06-01,25.25,26.49,25.23,25.66,25.18,0.48,1.9063,6572200.0,169431646.0,2.5065,0
sh.600963,"岳阳林纸",2026-06-01,4.08,4.17,3.98,4.08,4.06,0.0200000000000005,0.4926,35570556.0,145010230.52,2.0239,0
sh.600965,"*ST福成",2026-06-01,3.21,3.28,3.07,3.26,3.21,0.0499999999999998,1.5576,9930472.0,31752845.0,1.213,1
sh.600966,"博汇纸业",2026-06-01,5.86,6.07,5.84,5.96,5.91,0.0499999999999998,0.846,12662800.0,75917013.0,0.9472,0
sh.600967,"内蒙一机",2026-06-01,12.67,12.81,12.67,12.75,12.67,0.0800000000000001,0.6314,8042968.0,102425492.6,0.4726,0
sh.600968,"海油发展",2026-06-01,3.91,4.08,3.91,4.05,3.92,0.13,3.3163,70260933.0,282009837.65,0.6912,0
sh.600969,"郴电国际",2026-06-01,11.66,11.83,11.0,11.41,11.83,-0.42,-3.5503,23778995.0,270732199.8,6.4259,0
sh.600970,"中材国际",2026-06-01,8.87,9.02,8.79,8.98,8.87,0.110000000000001,1.2401,22596919.0,202211186.21,0.8619,0
sh.600971,"恒源煤电",2026-06-01,7.77,8.26,7.71,8.24,7.66,0.58,7.5718,41323160.0,332929415.31,3.4436,0
sh.600973,"宝胜股份",2026-06-01,6.93,7.0,6.8,6.83,6.96,-0.13,-1.8678,20283762.0,139819896.46,1.4791,0
sh.600975,"新五丰",2026-06-01,5.0,5.12,4.97,5.11,5.02,0.0900000000000007,1.7928,8791900.0,44570714.55,0.7035,0
sh.600976,"健民集团",2026-06-01,30.42,30.42,29.5,29.68,30.42,-0.740000000000002,-2.4326,2262800.0,67194228.0,1.4761,0
sh.600977,"中国电影",2026-06-01,14.5,15.19,14.46,15.0,14.48,0.52,3.5912,57292231.0,851652376.04,3.0687,0
sh.600979,"广安爱众",2026-06-01,5.32,5.46,5.05,5.27,5.3,-0.0300000000000002,-0.566,159277410.0,839778719.62,12.8275,0
sh.600980,"北矿科技",2026-06-01,20.85,21.35,20.76,21.0,20.82,0.18,0.8646,3024500.0,63739088.96,1.598,0
sh.600981,"苏豪汇鸿",2026-06-01,2.46,2.72,2.44,2.72,2.47,0.25,10.1215,26726419.0,69979249.68,1.1918,0
sh.600982,"宁波能源",2026-06-01,6.72,6.81,6.27,6.67,6.59,0.0800000000000001,1.214,108065388.0,711131153.64,9.6692,0
sh.600983,"惠而浦",2026-06-01,8.62,8.93,8.62,8.89,8.65,0.24,2.7746,3615000.0,31971087.0,0.4717,0
sh.600984,"建设机械",2026-06-01,4.63,4.74,4.55,4.6,4.67,-0.0700000000000003,-1.4989,31730820.0,147251328.8,2.5242,0
sh.600985,"淮北矿业",2026-06-01,14.6,15.89,14.33,15.81,14.75,1.06,7.1864,61312759.0,940810924.64,2.2765,0
sh.600986,"浙文互联",2026-06-01,8.75,9.24,8.68,9.02,8.84,0.18,2.0362,97245341.0,878065973.86,6.5381,0
sh.600987,"航民股份",2026-06-01,6.58,6.69,6.52,6.68,6.54,0.14,2.1407,7099991.0,47081931.28,0.6955,0
sh.600988,"赤峰黄金",2026-06-01,33.36,33.97,32.9,33.5,33.37,0.130000000000003,0.3896,33744788.0,1132148601.63,2.028,0
sh.600989,"宝丰能源",2026-06-01,24.03,24.96,24.03,24.63,24.0,0.629999999999999,2.625,70368147.0,1731536497.09,0.9596,0
sh.600990,"四创电子",2026-06-01,19.08,19.49,19.02,19.24,19.08,0.16,0.8386,2845313.0,54842244.74,1.0577,0
sh.600992,"贵绳股份",2026-06-01,13.02,13.2,12.9,13.18,13.2,-0.0199999999999996,-0.1515,14295581.0,186401786.7,5.8328,0
sh.600993,"马应龙",2026-06-01,24.01,24.3,23.89,24.29,24.19,0.0999999999999979,0.4134,4073600.0,98458750.0,0.9467,0
sh.600995,"南网储能",2026-06-01,15.63,16.45,14.88,16.34,15.62,0.720000000000001,4.6095,117104121.0,1842888812.83,3.6641,0
sh.600996,"贵广网络",2026-06-01,9.17,9.47,9.08,9.44,9.25,0.19,2.0541,51846762.0,483227767.97,4.1584,0
sh.600997,"开滦股份",2026-06-01,5.46,5.73,5.42,5.71,5.43,0.28,5.1565,24383230.0,137354381.3,1.5357,0
sh.600998,"九州通",2026-06-01,4.82,4.91,4.79,4.9,4.8,0.100000000000001,2.0833,27619190.0,134138067.78,0.5477,0
sh.600999,"招商证券",2026-06-01,17.0,17.36,16.92,17.12,16.99,0.130000000000003,0.7652,68038785.0,1166528521.14,0.9167,0
sh.601000,"唐山港",2026-06-01,4.36,4.4,4.21,4.32,4.39,-0.0699999999999994,-1.5945,62839660.0,269193129.34,1.0604,0
sh.601001,"晋控煤业",2026-06-01,18.42,20.2,18.2,20.2,18.36,1.84,10.0218,37680796.0,732218851.08,2.2513,0
sh.601002,"晋亿实业",2026-06-01,5.11,5.23,5.02,5.16,5.13,0.0300000000000002,0.5848,16498201.0,85041445.04,1.7286,0
sh.601003,"柳钢股份",2026-06-01,4.03,4.03,3.91,3.98,4.01,-0.0299999999999998,-0.7481,19723600.0,78325894.55,0.7696,0
sh.601005,"重庆钢铁",2026-06-01,1.3,1.32,1.29,1.32,1.3,0.02,1.5385,60390540.0,79143416.46,0.7264,0
sh.601006,"大秦铁路",2026-06-01,5.16,5.22,5.11,5.22,5.19,0.0299999999999994,0.578,184381645.0,949933784.12,0.9152,0
sh.601007,"金陵饭店",2026-06-01,6.84,7.01,6.73,6.98,6.82,0.16,2.346,6998250.0,48437516.5,1.7944,0
sh.601008,"连云港",2026-06-01,4.38,4.61,4.29,4.6,4.39,0.21,4.7836,19244919.0,86911125.9,1.5512,0
sh.601009,"南京银行",2026-06-01,10.88,11.23,10.85,11.23,10.78,0.450000000000001,4.1744,79364213.0,878442862.15,0.6419,0
sh.601010,"ST文峰",2026-06-01,1.68,1.72,1.62,1.7,1.7,0.0,0.0,65068336.0,109273901.39,3.521,1
sh.601011,"宝泰隆",2026-06-01,2.8,2.97,2.78,2.96,2.82,0.14,4.9645,64099158.0,187085469.63,3.3461,0
sh.601012,"隆基绿能",2026-06-01,13.86,14.08,13.65,13.68,13.89,-0.210000000000001,-1.5119,139409406.0,1924818823.66,1.8396,0
sh.601015,"陕西黑猫",2026-06-01,3.59,3.81,3.54,3.8,3.6,0.2,5.5556,83471368.0,312576966.58,4.0867,0
sh.601016,"节能风电",2026-06-01,5.0,5.07,4.65,4.9,5.04,-0.14,-2.7778,466838322.0,2268843938.83,7.7314,0
sh.601018,"宁波港",2026-06-01,3.47,3.53,3.42,3.51,3.48,0.0299999999999998,0.8621,91578800.0,318290929.0,0.4707,0
sh.601019,"山东出版",2026-06-01,7.16,7.38,7.15,7.33,7.19,0.14,1.9471,12338070.0,89710506.7,0.5912,0
sh.601020,"华钰矿业",2026-06-01,24.52,25.17,24.5,24.84,24.56,0.280000000000001,1.1401,16445866.0,410065374.36,2.0057,0
sh.601021,"春秋航空",2026-06-01,48.5,49.25,47.75,48.38,49.0,-0.619999999999997,-1.2653,8008698.0,388275000.57,0.8186,0
sh.601022,"宁波远洋",2026-06-01,8.34,8.54,8.22,8.54,8.21,0.329999999999998,4.0195,9878955.0,83194789.0,0.7549,0
sh.601026,"道生天合",2026-06-01,17.4,17.74,17.06,17.68,17.42,0.259999999999998,1.4925,2524849.0,44207740.24,2.2729,0
sh.601033,"永兴股份",2026-06-01,14.44,14.67,14.21,14.67,14.37,0.300000000000001,2.0877,7205008.0,104355498.39,3.0021,0
sh.601038,"一拖股份",2026-06-01,12.81,13.03,12.68,13.0,12.78,0.220000000000001,1.7214,5751901.0,74074583.9,0.7861,0
sh.601058,"赛轮轮胎",2026-06-01,12.62,12.79,12.52,12.67,12.63,0.0399999999999991,0.3167,24997710.0,315948705.59,0.7602,0
sh.601059,"信达证券",2026-06-01,17.21,17.22,17.01,17.12,17.2,-0.0799999999999983,-0.4651,21204400.0,362085697.0,0.6539,0
sh.601061,"中信金属",2026-06-01,13.13,13.27,12.78,12.93,13.16,-0.23,-1.7477,21116194.0,273912655.34,0.4309,0
sh.601065,"江盐集团",2026-06-01,7.68,7.86,7.65,7.85,7.68,0.17,2.2135,3602600.0,28038787.0,0.5605,0
sh.601066,"中信建投",2026-06-01,24.05,24.91,23.9,24.3,24.39,-0.0899999999999999,-0.369,43879945.0,1071774407.92,0.6755,0
sh.601068,"中铝国际",2026-06-01,5.52,5.58,5.43,5.52,5.53,-0.0100000000000007,-0.1808,13704651.0,75515270.16,0.5354,0
sh.601069,"西部黄金",2026-06-01,27.05,27.9,27.01,27.48,27.44,0.0399999999999991,0.1458,11548142.0,318439376.49,1.3017,0
sh.601077,"渝农商行",2026-06-01,6.62,6.7,6.51,6.68,6.64,0.04,0.6024,83688086.0,550976303.38,0.9469,0
sh.601083,"锦江航运",2026-06-01,11.35,11.64,11.34,11.6,11.39,0.209999999999999,1.8437,6169200.0,71177055.0,3.178,0
sh.601086,"国芳集团",2026-06-01,8.47,8.53,8.15,8.36,8.56,-0.200000000000001,-2.3364,27461580.0,230062304.0,4.1234,0
sh.601088,"中国神华",2026-06-01,47.0,49.01,47.0,49.0,46.92,2.08,4.4331,57675114.0,2792070611.43,0.3497,0
sh.601089,"福元医药",2026-06-01,18.48,18.59,18.22,18.52,18.4,0.120000000000001,0.6522,2113800.0,38946500.0,0.4404,0
sh.601096,"宏盛华源",2026-06-01,5.05,5.13,5.02,5.08,5.05,0.0300000000000002,0.5941,18534967.0,94181053.15,1.1281,0
sh.601098,"中南传媒",2026-06-01,10.84,11.25,10.81,11.24,10.89,0.35,3.214,11501383.0,127279734.16,0.6404,0
sh.601099,"太平洋",2026-06-01,3.36,3.4,3.33,3.39,3.36,0.0300000000000002,0.8929,94803684.0,320041369.29,1.3908,0
sh.601100,"恒立液压",2026-06-01,111.3,114.88,108.8,111.3,109.11,2.19,2.0071,11938114.0,1342775583.96,0.8904,0
sh.601101,"昊华能源",2026-06-01,12.02,13.27,11.76,13.27,12.06,1.21,10.0332,52701883.0,667900285.63,3.6599,0
sh.601106,"中国一重",2026-06-01,3.72,3.79,3.69,3.76,3.73,0.0299999999999998,0.8043,57264408.0,214571585.0,0.835,0
sh.601107,"四川成渝",2026-06-01,6.31,6.33,6.03,6.28,6.33,-0.0499999999999998,-0.7899,16504429.0,102248283.85,0.7631,0
sh.601108,"财通证券",2026-06-01,7.83,7.89,7.74,7.86,7.85,0.0100000000000007,0.1274,47281020.0,369719074.3,1.0182,0
sh.601111,"中国国航",2026-06-01,6.77,6.9,6.65,6.78,6.81,-0.0299999999999994,-0.4405,121380974.0,823049900.68,1.043,0
sh.601112,"振石股份",2026-06-01,18.03,18.25,17.82,18.12,18.2,-0.0799999999999983,-0.4396,5330094.0,96352536.66,3.0071,0
sh.601113,"华鼎股份",2026-06-01,4.05,4.19,4.02,4.16,4.05,0.11,2.716,8816200.0,36400285.0,0.7985,0
sh.601116,"三江购物",2026-06-01,12.76,13.15,12.52,13.02,13.0,0.0199999999999996,0.1538,30215438.0,390679231.84,5.517,0
sh.601117,"中国化学",2026-06-01,7.78,7.85,7.72,7.84,7.72,0.12,1.5544,84725742.0,660445544.61,1.3917,0
sh.601118,"海南橡胶",2026-06-01,6.47,6.81,6.46,6.72,6.38,0.34,5.3292,85621980.0,571344790.13,2.0008,0
sh.601121,"宝地矿业",2026-06-01,6.5,6.68,6.47,6.62,6.48,0.14,2.1605,9370400.0,61977378.0,1.1713,0
sh.601126,"四方股份",2026-06-01,77.95,79.95,75.0,75.66,77.9,-2.24000000000001,-2.8755,31788086.0,2451079479.32,3.8527,0
sh.601127,"赛力斯",2026-06-01,82.0,82.18,80.03,80.09,81.46,-1.36999999999999,-1.6818,17646865.0,1423126037.39,1.1332,0
sh.601128,"常熟银行",2026-06-01,7.09,7.23,7.07,7.22,7.09,0.13,1.8336,61527166.0,439289912.6,1.8552,0
sh.601133,"柏诚股份",2026-06-01,26.7,26.9,25.26,25.36,26.57,-1.21,-4.554,15154270.0,393042375.53,2.8899,0
sh.601136,"首创证券",2026-06-01,14.6,14.69,14.35,14.65,14.56,0.0899999999999999,0.6181,7977545.0,116134363.25,0.2919,0
sh.601137,"博威合金",2026-06-01,19.72,20.24,19.3,19.6,19.77,-0.169999999999998,-0.8599,20402170.0,402716936.1,2.2228,0
sh.601138,"工业富联",2026-06-01,75.2,76.5,72.19,73.75,73.4,0.349999999999994,0.4768,301325104.0,22439242129.8,1.5185,0
sh.601139,"深圳燃气",2026-06-01,6.54,6.75,6.48,6.73,6.48,0.25,3.858,49617385.0,330317752.49,1.7248,0
sh.601155,"新城控股",2026-06-01,13.0,13.46,12.88,13.21,13.12,0.0900000000000016,0.686,16341835.0,216268191.45,0.7245,0
sh.601156,"东航物流",2026-06-01,16.47,17.21,16.35,17.03,16.47,0.560000000000002,3.4001,16640702.0,281948544.85,1.7617,0
sh.601158,"重庆水务",2026-06-01,4.32,4.34,4.28,4.34,4.32,0.0199999999999996,0.463,11792454.0,50879485.18,0.2457,0
sh.601162,"天风证券",2026-06-01,3.33,3.37,3.32,3.36,3.35,0.00999999999999979,0.2985,72481492.0,242940300.62,0.843,0
sh.601163,"三角轮胎",2026-06-01,14.23,14.43,14.1,14.23,14.29,-0.0599999999999987,-0.4199,6386319.0,91054191.81,0.7983,0
sh.601166,"兴业银行",2026-06-01,18.48,18.5,18.3,18.44,18.5,-0.0599999999999987,-0.3243,117584490.0,2163673523.84,0.5556,0
sh.601168,"西部矿业",2026-06-01,30.51,31.43,30.32,30.85,30.53,0.32,1.0481,44317901.0,1374388588.66,1.8598,0
sh.601169,"北京银行",2026-06-01,5.09,5.18,5.08,5.17,5.09,0.0800000000000001,1.5717,126704143.0,649703914.24,0.5993,0
sh.601177,"杭齿前进",2026-06-01,17.46,18.0,17.3,17.76,17.81,-0.0499999999999972,-0.2807,17093206.0,302182533.58,4.2727,0
sh.601179,"中国西电",2026-06-01,16.3,17.27,16.2,17.0,16.57,0.43,2.5951,183647493.0,3101234337.59,3.5827,0
sh.601186,"中国铁建",2026-06-01,6.4,6.5,6.35,6.49,6.4,0.0899999999999999,1.4063,59709615.0,383656531.42,0.5191,0
sh.601187,"厦门银行",2026-06-01,7.12,7.47,7.09,7.45,7.12,0.33,4.6348,20292395.0,148539345.5,0.7706,0
sh.601188,"龙江交通",2026-06-01,3.14,3.21,3.11,3.2,3.14,0.0600000000000001,1.9108,13253501.0,42025179.16,1.0152,0
sh.601198,"东兴证券",2026-06-01,13.33,13.38,13.12,13.28,13.37,-0.0899999999999999,-0.6731,27513708.0,364888784.49,0.8512,0
sh.601199,"江南水务",2026-06-01,5.84,5.9,5.73,5.88,5.88,0.0,0.0,12642027.0,73631098.36,1.3518,0
sh.601200,"上海环境",2026-06-01,7.66,7.88,7.58,7.84,7.65,0.19,2.4837,12358525.0,96206163.3,0.918,0
sh.601208,"东材科技",2026-06-01,49.8,50.95,47.18,47.79,50.0,-2.21,-4.42,83046419.0,4060474911.45,8.2209,0
sh.601211,"国泰海通",2026-06-01,15.34,15.98,15.27,15.87,15.38,0.489999999999998,3.186,225589654.0,3555159044.34,1.6714,0
sh.601212,"白银有色",2026-06-01,6.27,6.36,6.22,6.28,6.27,0.0100000000000007,0.1595,70224898.0,442576739.96,0.9484,0
sh.601216,"君正集团",2026-06-01,5.11,5.22,5.11,5.21,5.12,0.0899999999999999,1.7578,43438239.0,224952148.8,0.5148,0
sh.601218,"吉鑫科技",2026-06-01,5.33,5.43,5.32,5.38,5.33,0.0499999999999998,0.9381,20172700.0,108689928.0,2.0817,0
sh.601222,"林洋能源",2026-06-01,6.6,6.68,6.53,6.6,6.6,0.0,0.0,69635192.0,459343683.45,3.4114,0
sh.601225,"陕西煤业",2026-06-01,25.77,26.88,25.6,26.77,25.74,1.03,4.0016,86059023.0,2274492551.55,0.8877,0
sh.601226,"华电科工",2026-06-01,7.81,8.0,7.72,7.9,7.86,0.04,0.5089,11801400.0,93249333.5,1.0154,0
sh.601228,"广州港",2026-06-01,3.08,3.16,3.06,3.15,3.08,0.0699999999999998,2.2727,35711225.0,111140642.27,0.4733,0
sh.601229,"上海银行",2026-06-01,9.03,9.26,8.98,9.26,9.03,0.23,2.5471,57239588.0,523837241.68,0.4028,0
sh.601231,"环旭电子",2026-06-01,44.38,44.38,40.34,40.34,44.82,-4.48,-9.9955,49619407.0,2061885684.45,2.0769,0
sh.601233,"桐昆股份",2026-06-01,18.9,20.33,18.36,19.87,19.08,0.790000000000003,4.1405,63537820.0,1245808053.27,2.6756,0
sh.601236,"红塔证券",2026-06-01,6.82,6.93,6.76,6.91,6.86,0.0499999999999998,0.7289,10764276.0,73744091.79,0.2282,0
sh.601238,"广汽集团",2026-06-01,6.08,6.2,6.03,6.18,6.07,0.109999999999999,1.8122,22200069.0,136488100.64,0.3007,0
sh.601279,"英利汽车",2026-06-01,3.57,3.67,3.5,3.65,3.55,0.1,2.8169,11270207.0,40875170.48,0.7107,0
sh.601288,"农业银行",2026-06-01,6.32,6.49,6.29,6.49,6.32,0.17,2.6899,381634510.0,2450427711.62,0.1195,0
sh.601298,"青岛港",2026-06-01,9.1,9.43,8.98,9.39,9.13,0.26,2.8478,26729200.0,248576806.84,0.4957,0
sh.601311,"骆驼股份",2026-06-01,8.65,8.82,8.65,8.82,8.68,0.140000000000001,1.6129,12239810.0,107538729.9,1.0433,0
sh.601318,"中国平安",2026-06-01,53.49,54.1,53.15,53.85,53.5,0.350000000000001,0.6542,77530660.0,4162422692.79,0.7273,0
sh.601319,"中国人保",2026-06-01,6.8,6.85,6.67,6.84,6.84,0.0,0.0,52961058.0,359802176.79,0.1492,0
sh.601326,"秦港股份",2026-06-01,3.32,3.39,3.28,3.39,3.32,0.0700000000000003,2.1084,25226600.0,84335454.0,0.5302,0
sh.601328,"交通银行",2026-06-01,6.67,6.79,6.65,6.79,6.66,0.13,1.952,237686177.0,1601233248.62,0.9116,0
sh.601330,"绿色动力",2026-06-01,9.3,9.97,8.9,9.71,9.17,0.540000000000001,5.8888,55168717.0,517319254.11,5.5777,0
sh.601333,"广深铁路",2026-06-01,3.08,3.09,3.02,3.09,3.09,0.0,0.0,75390400.0,230767191.0,1.3338,0
sh.601336,"新华保险",2026-06-01,59.31,59.65,58.22,58.75,59.7,-0.950000000000003,-1.5913,21520136.0,1264141690.61,1.0319,0
sh.601339,"百隆东方",2026-06-01,7.44,7.74,7.32,7.67,7.44,0.23,3.0914,16234200.0,123573070.0,1.0826,0
sh.601360,"三六零",2026-06-01,10.1,10.72,10.1,10.5,10.1,0.4,3.9604,138378982.0,1450830881.06,1.977,0
sh.601366,"利群股份",2026-06-01,3.81,3.95,3.79,3.95,3.84,0.11,2.8646,16947478.0,65960504.72,1.7658,0
sh.601368,"绿城水务",2026-06-01,4.61,4.79,4.58,4.78,4.63,0.15,3.2397,7501500.0,35281722.0,0.8496,0
sh.601369,"陕鼓动力",2026-06-01,9.58,9.75,9.38,9.67,9.6,0.0700000000000003,0.7292,21769847.0,209207752.44,1.2759,0
sh.601375,"中原证券",2026-06-01,4.03,4.07,3.99,4.06,4.04,0.0199999999999996,0.495,44284123.0,178470966.09,1.2845,0
sh.601377,"兴业证券",2026-06-01,5.74,5.79,5.69,5.77,5.75,0.0199999999999996,0.3478,55304724.0,318227553.14,0.6404,0
sh.601388,"怡球资源",2026-06-01,3.42,3.54,3.41,3.51,3.46,0.0499999999999998,1.4451,33202624.0,115965713.04,1.5084,0
sh.601390,"中国中铁",2026-06-01,4.77,4.82,4.73,4.82,4.77,0.0500000000000007,1.0482,97840641.0,467620103.21,0.4778,0
sh.601398,"工商银行",2026-06-01,7.2,7.32,7.18,7.3,7.22,0.0800000000000001,1.108,341134623.0,2472642828.75,0.1265,0
sh.601399,"国机重装",2026-06-01,3.84,4.05,3.82,3.95,3.84,0.11,2.8646,143796435.0,566229559.04,1.9934,0
sh.601456,"国联民生",2026-06-01,8.7,8.9,8.63,8.87,8.69,0.18,2.0713,36222569.0,319898763.47,0.8276,0
sh.601500,"通用股份",2026-06-01,4.18,4.28,4.14,4.27,4.2,0.0699999999999994,1.6667,18158735.0,76634506.2,1.1471,0
sh.601512,"中新集团",2026-06-01,8.7,8.86,8.59,8.85,8.7,0.15,1.7241,4843000.0,42510596.0,0.3231,0
sh.601515,"衢州东峰",2026-06-01,4.15,4.15,4.04,4.05,4.01,0.04,0.9975,15952376.0,65020953.64,0.8289,0
sh.601518,"吉林高速",2026-06-01,3.03,3.13,3.01,3.13,3.04,0.0899999999999999,2.9605,30256625.0,93422851.76,1.6004,0
sh.601519,"大智慧",2026-06-01,10.0,10.35,9.91,10.09,10.04,0.0500000000000007,0.498,34650896.0,352135135.96,1.742,0
sh.601528,"瑞丰银行",2026-06-01,4.74,4.86,4.71,4.85,4.76,0.0899999999999999,1.8908,15867150.0,76011019.6,0.9148,0
sh.601555,"东吴证券",2026-06-01,7.82,8.05,7.8,7.94,7.84,0.100000000000001,1.2755,35525118.0,281381788.91,0.715,0
sh.601566,"九牧王",2026-06-01,11.94,13.0,11.81,12.74,12.06,0.68,5.6385,42156737.0,533640344.88,7.3362,0
sh.601567,"三星电气",2026-06-01,16.38,16.6,16.11,16.51,16.35,0.16,0.9786,17353508.0,285827796.84,1.2349,0
sh.601568,"北元化工",2026-06-01,3.76,3.83,3.76,3.82,3.78,0.04,1.0582,15040699.0,57291269.78,0.3786,0
sh.601577,"长沙银行",2026-06-01,9.5,9.69,9.45,9.69,9.5,0.19,2.0,27029767.0,258377311.59,0.6723,0
sh.601579,"会稽山",2026-06-01,16.93,17.09,16.5,16.82,17.09,-0.27,-1.5799,7061110.0,118416868.8,1.4727,0
sh.601588,"北辰实业",2026-06-01,2.04,2.09,1.97,2.07,2.11,-0.04,-1.8957,119333841.0,244781970.17,4.4862,0
sh.601595,"上海电影",2026-06-01,21.32,21.66,21.23,21.5,21.32,0.18,0.8443,4554100.0,97882471.4,1.0161,0
sh.601598,"中国外运",2026-06-01,6.08,6.13,6.0,6.11,6.07,0.04,0.659,16762739.0,101790796.46,0.325,0
sh.601599,"浙文影业",2026-06-01,3.23,3.38,3.22,3.37,3.25,0.12,3.6923,23066800.0,76737810.0,1.9876,0
sh.601600,"中国铝业",2026-06-01,11.64,11.64,11.25,11.29,11.42,-0.130000000000001,-1.1384,251530101.0,2861167091.33,1.9094,0
sh.601601,"中国太保",2026-06-01,31.92,32.38,31.41,32.02,32.18,-0.159999999999997,-0.4972,38758610.0,1238815030.49,0.5662,0
sh.601606,"长城军工",2026-06-01,34.31,34.56,34.16,34.34,34.31,0.0300000000000011,0.0874,5504083.0,189034108.05,0.76,0
sh.601607,"上海医药",2026-06-01,16.49,16.51,16.28,16.44,16.48,-0.0399999999999991,-0.2427,10556064.0,172634957.3,0.3785,0
sh.601608,"中信重工",2026-06-01,5.52,5.57,5.43,5.55,5.56,-0.00999999999999979,-0.1799,60704504.0,334652571.71,1.3256,0
sh.601609,"金田股份",2026-06-01,12.25,12.56,11.91,12.31,12.35,-0.0399999999999991,-0.3239,65798481.0,807336874.04,3.8064,0
sh.601611,"中国核建",2026-06-01,11.98,12.05,11.76,11.78,12.03,-0.25,-2.0781,33880477.0,401979092.53,1.1242,0
sh.601615,"明阳智能",2026-06-01,16.64,17.14,16.04,16.17,16.53,-0.359999999999999,-2.1779,105879446.0,1752984765.01,4.6818,0
sh.601616,"广电电气",2026-06-01,4.21,4.34,4.19,4.3,4.23,0.0699999999999994,1.6548,13816440.0,59277746.0,1.6185,0
sh.601618,"中国中冶",2026-06-01,2.82,2.83,2.8,2.83,2.83,0.0,0.0,108420276.0,304938007.32,0.6073,0
sh.601619,"嘉泽新能",2026-06-01,5.56,5.75,5.23,5.7,5.52,0.180000000000001,3.2609,88902132.0,495705146.64,3.6515,0
sh.601628,"中国人寿",2026-06-01,33.7,33.92,33.05,33.58,33.83,-0.25,-0.739,24762195.0,829657144.72,0.1189,0
sh.601633,"长城汽车",2026-06-01,16.88,17.3,16.7,16.99,16.89,0.0999999999999979,0.5921,39606207.0,673109067.21,0.6379,0
sh.601636,"旗滨集团",2026-06-01,6.58,6.93,6.57,6.76,6.69,0.0699999999999994,1.0463,126437642.0,855305801.87,4.2735,0
sh.601658,"邮储银行",2026-06-01,4.98,5.03,4.96,5.02,4.98,0.0399999999999991,0.8032,121740691.0,608867044.46,0.1679,0
sh.601665,"齐鲁银行",2026-06-01,6.08,6.24,6.04,6.23,6.08,0.15,2.4671,56242390.0,346062957.06,0.9139,0
sh.601666,"平煤股份",2026-06-01,7.9,8.38,7.68,8.31,7.86,0.45,5.7252,73736739.0,600612047.91,2.9861,0
sh.601668,"中国建筑",2026-06-01,4.82,4.86,4.8,4.85,4.83,0.0199999999999996,0.4141,198181911.0,955788071.65,0.4796,0
sh.601669,"中国电建",2026-06-01,5.34,5.39,5.26,5.39,5.34,0.0499999999999998,0.9363,163739395.0,874942760.28,1.2526,0
sh.601677,"明泰铝业",2026-06-01,18.62,19.4,18.6,19.07,18.69,0.379999999999999,2.0332,44900780.0,855801020.5,3.6114,0
sh.601678,"滨化股份",2026-06-01,5.34,5.71,5.33,5.59,5.34,0.25,4.6816,160675700.0,895480364.17,7.8634,0
sh.601686,"友发集团",2026-06-01,5.23,5.45,5.2,5.39,5.22,0.17,3.2567,9367000.0,49962495.0,0.6365,0
sh.601688,"华泰证券",2026-06-01,18.4,18.77,18.24,18.53,18.18,0.350000000000001,1.9252,113541451.0,2104337357.68,1.5539,0
sh.601689,"拓普集团",2026-06-01,62.4,63.45,61.1,61.18,62.4,-1.22,-1.9551,31673633.0,1970852228.92,1.8226,0
sh.601696,"中银证券",2026-06-01,11.35,11.47,11.3,11.37,11.4,-0.0300000000000011,-0.2632,23469619.0,266752216.15,0.8448,0
sh.601698,"中国卫通",2026-06-01,29.99,30.49,29.65,29.67,30.1,-0.43,-1.4286,30911132.0,928292813.37,0.7317,0
sh.601699,"潞安环能",2026-06-01,16.32,17.6,16.11,17.6,16.0,1.6,10.0,66868266.0,1139486201.82,2.2353,0
sh.601700,"风范股份",2026-06-01,5.37,5.49,5.32,5.41,5.35,0.0600000000000005,1.1215,16677576.0,90427728.64,1.4645,0
sh.601702,"华峰铝业",2026-06-01,20.26,21.15,20.26,20.26,20.57,-0.309999999999999,-1.507,27830644.0,570292605.94,2.7872,0
sh.601717,"中创智领",2026-06-01,18.16,18.64,18.06,18.35,18.16,0.190000000000001,1.0463,15604561.0,286183606.44,1.0119,0
sh.601718,"ST际华",2026-06-01,2.08,2.14,2.05,2.13,2.08,0.0499999999999998,2.4038,32971521.0,69541897.31,0.756,1
sh.601727,"上海电气",2026-06-01,8.2,8.3,8.15,8.2,8.06,0.139999999999999,1.737,137852399.0,1134778239.44,1.0927,0
sh.601728,"中国电信",2026-06-01,6.03,6.07,6.0,6.05,6.05,0.0,0.0,130469555.0,788474072.37,0.1681,0
sh.601766,"中国中车",2026-06-01,5.78,5.79,5.7,5.78,5.77,0.0100000000000007,0.1733,200878404.0,1156269088.17,0.8257,0
sh.601777,"千里科技",2026-06-01,10.51,11.16,10.32,10.87,10.79,0.0800000000000001,0.7414,59836668.0,653416202.3,1.3235,0
sh.601778,"晶科科技",2026-06-01,5.98,6.03,5.72,5.85,5.93,-0.0800000000000001,-1.3491,197894508.0,1160735203.86,5.3077,0
sh.601788,"光大证券",2026-06-01,14.22,14.37,14.02,14.32,14.27,0.0500000000000007,0.3504,24148398.0,344310977.02,0.6181,0
sh.601789,"宁波建工",2026-06-01,4.96,5.07,4.91,5.04,5.0,0.04,0.8,36287893.0,182232078.19,3.339,0
sh.601798,"蓝科高新",2026-06-01,7.6,8.04,7.6,7.96,7.67,0.29,3.781,6532077.0,51783571.15,1.8425,0
sh.601799,"星宇股份",2026-06-01,127.98,128.3,124.12,126.5,127.0,-0.5,-0.3937,2607423.0,329079893.07,0.9127,0
sh.601800,"中国交建",2026-06-01,6.42,6.53,6.37,6.52,6.45,0.0699999999999994,1.0853,61137728.0,394590881.62,0.5188,0
sh.601801,"皖新传媒",2026-06-01,5.6,5.86,5.59,5.83,5.68,0.15,2.6408,15615335.0,90146884.88,0.7975,0
sh.601808,"中海油服",2026-06-01,13.04,13.14,13.01,13.09,13.03,0.0600000000000005,0.4605,22254474.0,290965119.2,0.7517,0
sh.601811,"新华文轩",2026-06-01,12.95,13.11,12.78,13.1,12.97,0.129999999999999,1.0023,3365164.0,43611868.48,0.4249,0
sh.601816,"京沪高铁",2026-06-01,4.98,5.04,4.96,5.02,5.02,0.0,0.0,184470395.0,921724219.35,0.377,0
sh.601818,"光大银行",2026-06-01,3.1,3.14,3.09,3.14,3.1,0.04,1.2903,182501573.0,568161300.86,0.3933,0
sh.601825,"沪农商行",2026-06-01,8.5,8.65,8.46,8.64,8.5,0.140000000000001,1.6471,23074260.0,197715357.0,0.2461,0
sh.601827,"三峰环境",2026-06-01,8.33,8.58,8.21,8.58,8.28,0.300000000000001,3.6232,26292800.0,221759839.0,1.5726,0
sh.601828,"美凯龙",2026-06-01,2.43,2.56,2.41,2.54,2.44,0.1,4.0984,50733592.0,126853826.46,1.4044,0
sh.601838,"成都银行",2026-06-01,18.6,18.99,18.47,18.95,18.6,0.349999999999998,1.8817,29721341.0,560731174.81,0.7012,0
sh.601857,"中国石油",2026-06-01,10.85,10.99,10.73,10.82,10.87,-0.0499999999999989,-0.46,196831219.0,2133913929.17,0.1216,0
sh.601858,"中国科传",2026-06-01,24.78,25.9,24.25,25.23,24.69,0.539999999999999,2.1871,11507600.0,290881890.66,1.4557,0
sh.601860,"紫金银行",2026-06-01,2.56,2.65,2.55,2.64,2.56,0.0800000000000001,3.125,53137662.0,138236412.18,1.4962,0
sh.601865,"福莱特",2026-06-01,11.8,12.03,11.63,11.77,11.66,0.109999999999999,0.9434,19762666.0,234354762.82,1.0396,0
sh.601866,"中远海发",2026-06-01,2.53,2.59,2.51,2.58,2.52,0.0600000000000001,2.381,80521413.0,206461395.99,0.8257,0
sh.601868,"中国能建",2026-06-01,2.9,2.92,2.83,2.91,2.89,0.02,0.692,549357366.0,1586967012.24,1.694,0
sh.601869,"长飞光纤",2026-06-01,399.99,399.99,367.0,371.58,402.81,-31.23,-7.753,18322340.0,6984984726.73,4.5091,0
sh.601872,"招商轮船",2026-06-01,16.05,16.1,15.46,15.53,15.86,-0.33,-2.0807,123439291.0,1936808752.55,1.5287,0
sh.601877,"正泰电器",2026-06-01,29.19,29.82,29.0,29.42,29.14,0.280000000000001,0.9609,24943421.0,735210538.83,1.1607,0
sh.601878,"浙商证券",2026-06-01,9.46,9.46,9.33,9.42,9.44,-0.0199999999999996,-0.2119,23613097.0,221647844.45,0.5163,0
sh.601880,"辽港股份",2026-06-01,1.61,1.62,1.6,1.62,1.61,0.01,0.6211,84578559.0,136175168.75,0.4593,0
sh.601881,"中国银河",2026-06-01,12.21,12.37,12.11,12.35,12.28,0.0700000000000003,0.57,39479397.0,484204652.68,0.545,0
sh.601882,"海天精工",2026-06-01,21.64,21.75,21.23,21.31,21.64,-0.330000000000002,-1.525,5226508.0,111846409.2,1.0012,0
sh.601886,"江河集团",2026-06-01,8.92,9.0,8.6,8.85,8.99,-0.140000000000001,-1.5573,12218721.0,107370725.26,1.0784,0
sh.601888,"中国中免",2026-06-01,57.0,58.81,56.82,58.68,59.58,-0.899999999999999,-1.5106,76633522.0,4422905924.61,3.9249,0
sh.601890,"亚星锚链",2026-06-01,9.0,9.15,8.95,9.1,9.02,0.0800000000000001,0.8869,14648441.0,133053140.17,1.5268,0
sh.601898,"中煤能源",2026-06-01,15.83,16.96,15.71,16.89,15.68,1.21,7.7168,125116895.0,2068344670.61,1.3671,0
sh.601899,"紫金矿业",2026-06-01,30.22,30.7,30.12,30.19,30.44,-0.25,-0.8213,175162167.0,5318626880.32,0.8502,0
sh.601900,"南方传媒",2026-06-01,11.79,12.39,11.71,12.39,11.79,0.600000000000001,5.0891,12928667.0,157120989.03,1.4659,0
sh.601901,"方正证券",2026-06-01,6.8,6.83,6.7,6.79,6.89,-0.0999999999999996,-1.4514,85265980.0,577280897.68,1.0358,0
sh.601908,"京运通",2026-06-01,3.68,3.98,3.63,3.88,3.72,0.16,4.3011,80218728.0,304961486.77,3.3222,0
sh.601916,"浙商银行",2026-06-01,3.0,3.06,2.98,3.06,3.0,0.0600000000000001,2.0,202560988.0,610978022.12,0.9402,0
sh.601918,"新集能源",2026-06-01,10.28,11.28,10.11,11.28,10.25,1.03,10.0488,146857804.0,1585301344.43,5.669,0
sh.601919,"中远海控",2026-06-01,14.4,14.94,14.4,14.86,14.14,0.719999999999999,5.0919,171428796.0,2533470616.19,1.3653,0
sh.601921,"浙版传媒",2026-06-01,7.8,7.95,7.56,7.6,7.47,0.13,1.7403,22349564.0,171803338.44,1.0057,0
sh.601928,"凤凰传媒",2026-06-01,8.88,9.2,8.88,9.19,8.95,0.24,2.6816,9805800.0,89133439.0,0.3853,0
sh.601929,"吉视传媒",2026-06-01,2.85,2.88,2.8,2.88,2.84,0.04,1.4085,83577437.0,238218826.23,2.3949,0
sh.601933,"永辉超市",2026-06-01,3.62,3.71,3.59,3.67,3.7,-0.0300000000000002,-0.8108,169514621.0,619881873.81,1.8679,0
sh.601939,"建设银行",2026-06-01,10.04,10.12,9.96,10.08,9.96,0.119999999999999,1.2048,104939527.0,1054288622.73,1.0938,0
sh.601949,"中国出版",2026-06-01,5.15,5.38,5.14,5.35,5.13,0.22,4.2885,15022800.0,79400319.03,0.789,0
sh.601952,"苏垦农发",2026-06-01,8.65,8.94,8.61,8.93,8.63,0.299999999999999,3.4762,13404315.0,118061249.9,0.9727,0
sh.601956,"东贝集团",2026-06-01,5.26,5.41,5.15,5.39,5.21,0.18,3.4549,10784400.0,57643611.4,1.7349,0
sh.601958,"金钼股份",2026-06-01,23.49,25.2,23.02,23.2,24.17,-0.970000000000002,-4.0132,113895331.0,2734374456.12,3.5299,0
sh.601963,"重庆银行",2026-06-01,12.0,12.02,11.68,11.86,12.02,-0.16,-1.3311,21775440.0,257466228.65,1.0706,0
sh.601965,"中国汽研",2026-06-01,15.55,15.97,15.41,15.81,15.65,0.16,1.0224,7562931.0,118913800.8,0.7575,0
sh.601966,"玲珑轮胎",2026-06-01,12.05,12.14,11.94,12.12,12.01,0.109999999999999,0.9159,6847314.0,82447624.76,0.4679,0
sh.601968,"宝钢包装",2026-06-01,4.6,4.71,4.57,4.67,4.62,0.0499999999999998,1.0823,9079480.0,42317927.0,0.7117,0
sh.601969,"海南矿业",2026-06-01,9.69,9.84,9.65,9.76,9.66,0.0999999999999996,1.0352,12971500.0,126584921.0,0.6576,0
sh.601975,"招商南油",2026-06-01,4.9,5.22,4.8,4.95,4.86,0.0899999999999999,1.8519,415137435.0,2082614422.55,8.8698,0
sh.601985,"中国核电",2026-06-01,9.01,9.2,8.98,9.18,9.04,0.140000000000001,1.5487,206909417.0,1887640339.35,1.0957,0
sh.601988,"中国银行",2026-06-01,5.85,5.94,5.81,5.93,5.86,0.0699999999999994,1.1945,279331275.0,1641084317.52,0.1325,0
sh.601990,"南京证券",2026-06-01,6.69,6.72,6.64,6.72,6.7,0.0199999999999996,0.2985,19867244.0,132781946.36,0.5389,0
sh.601991,"大唐发电",2026-06-01,8.63,8.7,7.77,8.37,8.63,-0.260000000000002,-3.0127,949034568.0,7800274746.46,7.6559,0
sh.601992,"金隅集团",2026-06-01,1.59,1.65,1.56,1.64,1.59,0.0499999999999998,3.1447,106897906.0,173133945.14,1.2826,0
sh.601995,"中金公司",2026-06-01,33.82,34.14,33.54,33.85,33.79,0.0600000000000023,0.1776,19602424.0,662863049.81,0.6705,0
sh.601996,"丰林集团",2026-06-01,2.66,2.75,2.64,2.7,2.66,0.04,1.5038,28760087.0,77733514.64,2.5658,0
sh.601997,"贵阳银行",2026-06-01,5.94,6.03,5.88,6.01,5.93,0.0800000000000001,1.3491,53360622.0,317785208.52,1.4595,0
sh.601998,"中信银行",2026-06-01,7.4,7.48,7.33,7.43,7.42,0.00999999999999979,0.1348,84592420.0,626611011.54,0.2075,0
sh.601999,"出版传媒",2026-06-01,6.0,6.3,5.98,6.23,6.01,0.220000000000001,3.6606,7957600.0,49196379.97,1.4444,0
sh.603000,"人民网",2026-06-01,17.41,18.23,17.37,17.98,17.53,0.449999999999999,2.567,22734892.0,407147149.29,2.0562,0
sh.603001,"奥康国际",2026-06-01,10.08,11.12,9.72,9.94,10.11,-0.17,-1.6815,31569624.0,330855708.11,7.8731,0
sh.603002,"宏昌电子",2026-06-01,16.29,17.74,16.2,17.04,16.58,0.460000000000001,2.7744,98214850.0,1666097911.23,8.6603,0
sh.603004,"鼎龙科技",2026-06-01,18.86,19.57,18.79,19.34,18.72,0.620000000000001,3.312,2792898.0,53799739.13,4.7434,0
sh.603005,"晶方科技",2026-06-01,40.64,41.47,37.61,37.73,41.04,-3.31,-8.0653,110539576.0,4310204437.13,16.9495,0
sh.603006,"联明股份",2026-06-01,13.94,14.56,13.81,14.36,13.81,0.549999999999999,3.9826,10433690.0,148275815.5,4.1036,0
sh.603007,"顺景科技",2026-06-01,5.88,6.13,5.88,6.02,5.96,0.0599999999999996,1.0067,31223581.0,188330027.48,4.492,0
sh.603008,"ST喜临门",2026-06-01,8.9,9.28,8.88,9.28,8.84,0.44,4.9774,15587762.0,143061244.36,4.2324,1
sh.603009,"北特科技",2026-06-01,48.11,49.98,47.78,47.91,48.26,-0.350000000000001,-0.7252,8852400.0,430435140.18,2.6159,0
sh.603010,"万盛股份",2026-06-01,14.63,14.85,14.38,14.57,14.82,-0.25,-1.6869,11220904.0,163894073.12,1.9659,0
sh.603011,"合锻智能",2026-06-01,25.67,27.41,25.65,27.41,24.92,2.49,9.992,34559832.0,936701220.53,6.9901,0
sh.603012,"创力集团",2026-06-01,9.55,10.03,9.31,9.39,9.46,-0.0700000000000003,-0.74,23251321.0,224163696.21,3.5965,0
sh.603013,"亚普股份",2026-06-01,19.2,19.73,19.2,19.68,19.24,0.440000000000001,2.2869,4188700.0,81810695.0,0.8242,0
sh.603014,"威高血净",2026-06-01,34.88,34.99,33.7,33.85,35.05,-1.2,-3.4237,1844247.0,62567124.46,1.8173,0
sh.603015,"弘讯科技",2026-06-01,10.89,11.34,10.83,11.19,10.84,0.35,3.2288,7691884.0,85841031.68,1.9029,0
sh.603016,"新宏泰",2026-06-01,42.8,43.8,41.4,43.06,42.88,0.18,0.4198,3107200.0,133492827.0,2.0972,0
sh.603017,"中衡设计",2026-06-01,11.74,12.2,11.74,12.06,11.89,0.17,1.4298,6586600.0,79370886.0,2.3848,0
sh.603018,"华设集团",2026-06-01,7.03,7.32,6.98,7.28,7.03,0.25,3.5562,6970860.0,50103230.2,1.0194,0
sh.603019,"中科曙光",2026-06-01,88.5,89.54,85.36,85.4,87.84,-2.44,-2.7778,40355795.0,3533631796.12,2.759,0
sh.603020,"爱普股份",2026-06-01,9.71,10.31,9.7,10.2,9.77,0.43,4.4012,5446800.0,55046957.0,1.45,0
sh.603021,"*ST华鹏",2026-06-01,7.33,7.6,7.28,7.51,7.38,0.13,1.7615,5602140.0,41836992.2,1.751,1
sh.603022,"新通联",2026-06-01,9.83,10.45,9.83,10.4,10.08,0.32,3.1746,4193027.0,42909824.99,2.0965,0
sh.603023,"威帝股份",2026-06-01,4.41,4.64,4.4,4.59,4.49,0.0999999999999996,2.2272,10833728.0,49537866.96,1.9411,0
sh.603025,"大豪科技",2026-06-01,15.57,16.1,15.53,15.81,15.47,0.34,2.1978,12333658.0,194882378.91,1.112,0
sh.603026,"石大胜华",2026-06-01,88.1,92.8,87.83,89.55,87.69,1.86,2.1211,11724897.0,1065081759.26,5.0386,0
sh.603027,"千禾味业",2026-06-01,7.69,7.91,7.63,7.89,7.68,0.21,2.7344,16371631.0,127609916.22,1.3101,0
sh.603028,"赛福天",2026-06-01,8.06,8.31,7.9,8.19,8.06,0.129999999999999,1.6129,3982110.0,32624434.6,1.4012,0
sh.603029,"天鹅股份",2026-06-01,16.58,17.55,16.5,17.35,16.78,0.57,3.3969,2832264.0,48791091.08,2.3341,0
sh.603030,"全筑股份",2026-06-01,2.56,2.7,2.54,2.66,2.56,0.1,3.9063,34435086.0,91063039.9,2.6148,0
sh.603031,"安孚科技",2026-06-01,61.71,64.09,57.76,58.0,60.1,-2.1,-3.4942,35855301.0,2182909458.26,11.4047,0
sh.603032,"德新科技",2026-06-01,25.23,26.77,24.83,24.95,25.38,-0.43,-1.6942,25932425.0,665298424.14,11.1868,0
sh.603033,"三维股份",2026-06-01,10.25,10.3,10.06,10.08,10.31,-0.23,-2.2308,6457721.0,65666466.5,0.6378,0
sh.603035,"常熟汽饰",2026-06-01,12.1,12.44,12.06,12.37,12.12,0.25,2.0627,3507803.0,43106459.08,0.9575,0
sh.603036,"如通股份",2026-06-01,13.18,13.96,13.08,13.78,13.2,0.58,4.3939,6945100.0,95106897.0,3.3713,0
sh.603037,"凯众股份",2026-06-01,13.17,13.29,12.89,12.94,13.17,-0.23,-1.7464,6231560.0,81248742.6,2.3414,0
sh.603038,"华立股份",2026-06-01,15.35,16.85,15.25,16.38,15.32,1.06,6.9191,9598300.0,156899132.0,3.5724,0
sh.603039,"泛微网络",2026-06-01,36.64,40.3,36.64,40.3,36.64,3.66,9.9891,13141561.0,512103346.1,4.2717,0
sh.603040,"新坐标",2026-06-01,85.05,85.05,80.0,80.1,85.55,-5.45,-6.3705,2938959.0,241084013.0,2.1651,0
sh.603041,"美思德",2026-06-01,12.18,13.05,12.18,12.93,12.44,0.49,3.9389,3451600.0,44165878.0,1.8846,0
sh.603042,"华脉科技",2026-06-01,19.5,20.37,18.94,19.26,19.52,-0.259999999999998,-1.332,9946503.0,193476270.9,6.1937,0
sh.603043,"广州酒家",2026-06-01,14.07,14.37,13.86,14.33,14.03,0.300000000000001,2.1383,4504723.0,63667813.31,0.7988,0
sh.603045,"福达合金",2026-06-01,62.42,68.42,62.42,68.42,62.2,6.22,10.0,15819330.0,1060195230.85,11.6795,0
sh.603048,"浙江黎明",2026-06-01,19.8,20.48,19.5,20.41,20.03,0.379999999999999,1.8972,1515800.0,30593425.0,1.032,0
sh.603049,"中策橡胶",2026-06-01,46.79,48.28,46.35,47.48,46.5,0.979999999999997,2.1075,2593805.0,122665778.4,2.9661,0
sh.603050,"科林电气",2026-06-01,24.86,25.2,23.25,23.36,24.97,-1.61,-6.4477,17859714.0,428574701.66,4.4282,0
sh.603051,"鹿山新材",2026-06-01,21.55,22.26,21.43,21.75,21.57,0.18,0.8345,4933420.0,108261510.03,3.0522,0
sh.603052,"可川科技",2026-06-01,94.0,97.56,87.59,88.01,95.14,-7.13,-7.4942,7691769.0,708786402.72,4.0936,0
sh.603053,"成都燃气",2026-06-01,9.4,9.64,9.32,9.63,9.37,0.260000000000002,2.7748,4079000.0,38796739.0,0.4589,0
sh.603055,"台华新材",2026-06-01,8.85,8.89,8.66,8.78,8.74,0.0399999999999991,0.4577,8837000.0,77394173.0,0.9962,0
sh.603057,"紫燕食品",2026-06-01,26.59,27.12,26.05,26.28,26.66,-0.379999999999999,-1.4254,2867000.0,76126604.0,0.6959,0
sh.603058,"永吉股份",2026-06-01,10.07,10.08,9.7,9.93,9.93,0.0,0.0,5494700.0,54710296.0,1.3251,0
sh.603059,"倍加洁",2026-06-01,27.86,28.72,26.61,28.45,27.6,0.849999999999998,3.0797,1734000.0,48796034.0,1.7263,0
sh.603060,"国检集团",2026-06-01,6.93,7.08,6.82,7.03,6.96,0.0700000000000003,1.0057,33392215.0,233280811.55,4.1535,0
sh.603061,"金海通",2026-06-01,288.42,301.18,280.78,288.14,295.0,-6.86000000000001,-2.3254,2402437.0,697790680.44,2.7614,0
sh.603062,"麦加芯彩",2026-06-01,43.85,44.87,43.28,44.56,43.73,0.830000000000005,1.898,863700.0,38343864.0,2.3297,0
sh.603063,"禾望电气",2026-06-01,56.0,56.02,51.64,53.0,55.66,-2.66,-4.779,36018055.0,1927771584.43,7.8379,0
sh.603065,"宿迁联盛",2026-06-01,7.53,7.88,7.48,7.81,7.51,0.3,3.9947,5233000.0,40525431.42,1.249,0
sh.603066,"音飞储存",2026-06-01,10.95,11.36,10.8,11.32,10.95,0.370000000000001,3.379,5672300.0,63423690.0,1.9282,0
sh.603067,"振华股份",2026-06-01,35.16,37.76,34.8,35.12,35.06,0.0599999999999952,0.1711,37674321.0,1364998886.4,4.9865,0
sh.603068,"博通集成",2026-06-01,35.14,35.75,34.43,34.7,35.23,-0.529999999999994,-1.5044,4945440.0,173637358.2,3.2581,0
sh.603069,"海汽集团",2026-06-01,16.0,16.48,15.61,16.31,16.16,0.149999999999999,0.9282,4311832.0,69867934.28,1.3645,0
sh.603070,"万控智造",2026-06-01,17.15,17.45,16.8,16.95,17.23,-0.280000000000001,-1.6251,9404300.0,160545990.0,2.3452,0
sh.603071,"物产环能",2026-06-01,14.1,14.9,13.99,14.69,14.0,0.69,4.9286,12318640.0,178757971.2,2.2078,0
sh.603072,"天和磁材",2026-06-01,35.6,36.77,35.58,36.07,35.89,0.18,0.5015,2360561.0,85449139.35,1.87,0
sh.603073,"彩蝶实业",2026-06-01,17.74,18.63,17.52,18.5,17.82,0.68,3.8159,1935400.0,35473078.0,3.8029,0
sh.603075,"热威股份",2026-06-01,27.89,28.94,27.84,28.09,28.17,-0.0800000000000018,-0.284,11676845.0,331527407.17,28.3109,0
sh.603076,"乐惠国际",2026-06-01,25.91,26.54,25.91,26.03,26.35,-0.32,-1.2144,4235911.0,110752753.92,3.5094,0
sh.603077,"和邦生物",2026-06-01,2.45,2.52,2.44,2.5,2.46,0.04,1.626,115426740.0,288140436.0,1.307,0
sh.603078,"江化微",2026-06-01,34.8,36.0,33.79,34.0,34.7,-0.700000000000003,-2.0173,38593096.0,1344614203.82,10.0076,0
sh.603079,"圣达生物",2026-06-01,13.88,14.4,13.61,14.32,13.87,0.450000000000001,3.2444,2295100.0,32603940.0,1.2141,0
sh.603080,"新疆火炬",2026-06-01,22.22,22.88,22.22,22.58,22.24,0.34,1.5288,3963900.0,89407940.0,2.8013,0
sh.603081,"大丰实业",2026-06-01,10.41,10.65,10.26,10.64,10.36,0.280000000000001,2.7027,3749975.0,39536726.05,0.8876,0
sh.603082,"北自科技",2026-06-01,35.17,36.16,35.0,35.28,35.66,-0.379999999999995,-1.0656,4463939.0,158648716.15,11.0066,0
sh.603083,"剑桥科技",2026-06-01,199.21,203.0,186.93,187.0,207.7,-20.7,-9.9663,37789023.0,7233735711.04,13.7121,0
sh.603085,"天成自控",2026-06-01,13.51,13.66,13.05,13.38,13.37,0.0100000000000016,0.0748,7659290.0,102917699.7,1.9288,0
sh.603086,"先达股份",2026-06-01,6.1,6.4,6.07,6.36,6.11,0.25,4.0917,9799499.0,61846665.18,2.2537,0
sh.603087,"甘李药业",2026-06-01,52.28,53.86,52.28,52.71,52.28,0.43,0.8225,5733854.0,304234634.13,1.0278,0
sh.603088,"宁波精达",2026-06-01,10.5,10.67,10.31,10.49,10.5,-0.00999999999999979,-0.0952,9224022.0,97041070.32,2.1066,0
sh.603089,"正裕工业",2026-06-01,10.27,10.73,10.2,10.64,10.27,0.370000000000001,3.6027,2648600.0,28040189.0,1.1034,0
sh.603090,"宏盛股份",2026-06-01,60.48,62.0,58.0,59.26,59.8,-0.539999999999999,-0.903,3825700.0,229379990.0,3.8257,0
sh.603091,"众鑫股份",2026-06-01,72.67,72.87,70.66,71.5,72.88,-1.38,-1.8935,578734.0,41413526.0,1.8407,0
sh.603092,"德力佳",2026-06-01,67.5,68.38,65.6,65.81,67.44,-1.63,-2.417,1710372.0,114039974.19,4.9473,0
sh.603093,"南华期货",2026-06-01,21.82,22.9,21.21,21.8,22.0,-0.199999999999999,-0.9091,28029340.0,620443262.4,4.5945,0
sh.603095,"越剑智能",2026-06-01,19.67,20.02,19.22,19.72,19.91,-0.190000000000001,-0.9543,4087152.0,80452867.56,1.5825,0
sh.603096,"新经典",2026-06-01,16.33,17.55,16.3,17.39,16.33,1.06,6.4911,3414002.0,58614040.14,2.2135,0
sh.603097,"江苏华辰",2026-06-01,28.58,29.08,27.71,27.89,28.64,-0.75,-2.6187,3283646.0,92910414.1,2.0461,0
sh.603098,"森特股份",2026-06-01,12.61,12.96,12.4,12.82,12.61,0.210000000000001,1.6653,6169000.0,78518659.0,1.145,0
sh.603099,"长白山",2026-06-01,38.75,39.6,38.61,39.2,38.95,0.25,0.6418,9536550.0,373676590.38,3.5015,0
sh.603100,"川仪股份",2026-06-01,19.01,19.95,18.94,19.7,18.91,0.789999999999999,4.1777,8060042.0,158172148.3,1.5756,0
sh.603101,"汇嘉时代",2026-06-01,7.27,7.8,7.27,7.74,7.46,0.28,3.7534,15139462.0,115568983.42,3.2184,0
sh.603102,"百合股份",2026-06-01,36.21,37.85,36.09,37.44,36.86,0.579999999999998,1.5735,774934.0,28722015.88,1.2108,0
sh.603103,"横店影视",2026-06-01,23.0,24.0,22.48,22.65,22.92,-0.270000000000003,-1.178,20350510.0,469895955.5,3.2088,0
sh.603105,"芯能科技",2026-06-01,8.9,9.13,8.75,9.01,8.89,0.119999999999999,1.3498,11352900.0,101895355.78,2.2705,0
sh.603106,"恒银科技",2026-06-01,7.64,7.98,7.56,7.85,7.63,0.22,2.8834,6953305.0,54535464.0,1.3358,0
sh.603107,"上海汽配",2026-06-01,13.26,13.54,13.25,13.53,13.3,0.229999999999999,1.7293,1895800.0,25459934.0,0.8689,0
sh.603108,"润达医疗",2026-06-01,12.43,13.18,12.34,13.0,12.55,0.449999999999999,3.5857,28221365.0,363158830.47,4.6747,0
sh.603109,"神驰机电",2026-06-01,19.16,19.62,18.91,19.48,19.16,0.32,1.6701,1701477.0,33068720.02,0.8147,0
sh.603110,"东方材料",2026-06-01,22.57,23.2,22.05,22.09,22.12,-0.0300000000000011,-0.1356,10569892.0,237799100.96,5.2527,0
sh.603111,"康尼机电",2026-06-01,6.23,6.38,6.19,6.34,6.24,0.0999999999999996,1.6026,4611066.0,29099677.66,0.5406,0
sh.603112,"华翔股份",2026-06-01,20.24,22.26,20.24,21.56,20.24,1.32,6.5217,21818257.0,472550693.79,4.0812,0
sh.603113,"金能科技",2026-06-01,5.12,5.4,5.12,5.38,5.14,0.24,4.6693,13302045.0,70692570.08,1.5677,0
sh.603115,"海星股份",2026-06-01,100.0,108.02,100.0,103.7,106.84,-3.14,-2.939,13688000.0,1424113866.6,5.6588,0
sh.603116,"红蜻蜓",2026-06-01,7.4,7.61,7.0,7.29,7.25,0.04,0.5517,12448520.0,91236590.6,2.1604,0
sh.603117,"万林物流",2026-06-01,4.43,4.65,4.42,4.58,4.48,0.0999999999999996,2.2321,13312560.0,61040796.0,2.2217,0
sh.603118,"共进股份",2026-06-01,12.79,13.0,12.54,12.59,12.79,-0.199999999999999,-1.5637,27931825.0,356613206.82,3.5479,0
sh.603119,"浙江荣泰",2026-06-01,65.8,69.88,64.88,67.45,65.85,1.60000000000001,2.4298,23175093.0,1577579944.42,8.744,0
sh.603120,"肯特催化",2026-06-01,46.76,48.96,46.76,46.8,47.57,-0.770000000000003,-1.6187,1831300.0,87200234.0,4.8319,0
sh.603121,"华培动力",2026-06-01,16.69,17.96,16.35,17.96,16.33,1.63,9.9816,9045937.0,157545489.66,2.6721,0
sh.603122,"合富中国",2026-06-01,12.75,13.08,12.6,12.97,12.76,0.210000000000001,1.6458,10618300.0,137177903.0,2.6676,0
sh.603123,"翠微股份",2026-06-01,10.01,10.36,9.98,10.28,10.09,0.19,1.8831,12348372.0,126380627.29,1.8931,0
sh.603124,"江南新材",2026-06-01,137.15,140.42,131.86,132.2,137.46,-5.26000000000002,-3.8266,3102719.0,420919295.18,3.9979,0
sh.603125,"常青科技",2026-06-01,23.8,24.74,23.8,24.23,24.18,0.0500000000000007,0.2068,7365599.0,179033685.49,1.8194,0
sh.603126,"中材节能",2026-06-01,7.72,7.87,7.61,7.79,7.7,0.0899999999999999,1.1688,8423400.0,65436050.0,1.3798,0
sh.603127,"昭衍新药",2026-06-01,34.67,36.08,33.5,33.56,35.17,-1.61,-4.5778,27820943.0,958734390.24,4.4135,0
sh.603128,"华贸物流",2026-06-01,5.39,5.54,5.36,5.51,5.36,0.149999999999999,2.7985,14855384.0,81074303.94,1.1348,0
sh.603129,"春风动力",2026-06-01,224.5,238.2,223.0,236.31,224.0,12.31,5.4955,2424874.0,567059113.41,1.5799,0
sh.603130,"云中马",2026-06-01,42.4,42.64,41.01,41.51,42.4,-0.890000000000001,-2.0991,1482000.0,62083267.0,1.0777,0
sh.603131,"上海沪工",2026-06-01,19.2,19.2,18.71,18.78,18.81,-0.0299999999999976,-0.1595,5603600.0,105682649.88,1.6632,0
sh.603132,"金徽股份",2026-06-01,17.05,17.98,17.05,17.42,17.24,0.180000000000003,1.0441,5263068.0,92245483.9,0.5381,0
sh.603135,"中重科技",2026-06-01,10.38,10.38,10.16,10.27,10.25,0.0199999999999996,0.1951,3653144.0,37547111.04,0.5803,0
sh.603136,"天目湖",2026-06-01,9.38,9.7,9.31,9.69,9.34,0.35,3.7473,3743590.0,35793671.35,1.3859,0
sh.603137,"恒尚节能",2026-06-01,12.57,12.88,12.33,12.88,12.66,0.220000000000001,1.7378,1802080.0,22916151.8,0.9851,0
sh.603138,"海量数据",2026-06-01,16.01,17.69,16.01,17.69,16.08,1.61,10.0124,20429403.0,354739697.07,7.0851,0
sh.603139,"康惠股份",2026-06-01,36.34,39.29,35.8,38.0,36.49,1.51,4.1381,4766600.0,181395796.0,4.7723,0
sh.603150,"万朗磁塑",2026-06-01,67.51,68.78,63.73,63.91,68.2,-4.29000000000001,-6.2903,2999100.0,196866542.0,3.5084,0
sh.603151,"邦基科技",2026-06-01,13.25,13.89,13.11,13.88,13.32,0.56,4.2042,2756900.0,37730669.0,1.6112,0
sh.603153,"上海建科",2026-06-01,14.5,14.93,14.38,14.76,14.65,0.109999999999999,0.7509,1819800.0,26754139.0,0.4507,0
sh.603155,"新亚强",2026-06-01,17.8,18.7,17.43,18.2,17.85,0.349999999999998,1.9608,6780026.0,123945677.9,2.147,0
sh.603156,"养元饮品",2026-06-01,42.22,42.76,41.83,41.93,42.74,-0.810000000000002,-1.8952,8899073.0,375386657.71,0.7061,0
sh.603158,"腾龙股份",2026-06-01,14.48,15.24,14.46,14.7,14.6,0.0999999999999996,0.6849,28314500.0,421375310.2,5.7694,0
sh.603159,"上海亚虹",2026-06-01,26.01,27.25,25.81,26.53,26.26,0.27,1.0282,2550625.0,67438939.56,1.8219,0
sh.603160,"汇顶科技",2026-06-01,60.2,60.69,57.01,57.04,61.01,-3.97,-6.5071,13452507.0,778803337.85,2.8875,0
sh.603161,"科华控股",2026-06-01,12.69,13.95,12.65,13.95,12.68,1.27,10.0158,4110822.0,56009409.18,2.1551,0
sh.603162,"海通发展",2026-06-01,11.63,12.08,11.41,11.51,11.63,-0.120000000000001,-1.0318,14847168.0,172077491.25,3.5896,0
sh.603163,"圣晖集成",2026-06-01,102.35,106.23,101.06,101.64,103.66,-2.02,-1.9487,1950350.0,201179551.5,1.9504,0
sh.603165,"荣晟环保",2026-06-01,16.5,17.3,16.3,16.93,16.48,0.449999999999999,2.7306,7523750.0,127142571.5,2.4058,0
sh.603166,"福达股份",2026-06-01,12.63,12.75,12.38,12.41,12.62,-0.209999999999999,-1.664,5921170.0,73954828.38,0.9241,0
sh.603167,"渤海轮渡",2026-06-01,9.1,9.24,9.07,9.24,9.11,0.130000000000001,1.427,6608300.0,60673842.79,1.4086,0
sh.603168,"莎普爱思",2026-06-01,5.69,5.96,5.55,5.94,5.78,0.16,2.7682,7800120.0,45753482.9,2.0939,0
sh.603169,"兰石重装",2026-06-01,7.85,8.06,7.69,8.0,7.85,0.15,1.9108,13027149.0,103815789.18,0.9973,0
sh.603170,"宝立食品",2026-06-01,12.92,13.02,12.61,12.97,13.0,-0.0299999999999994,-0.2308,5209933.0,66943787.04,1.3025,0
sh.603171,"税友股份",2026-06-01,48.5,52.58,48.11,52.58,47.8,4.78,10.0,3980001.0,203993996.38,0.9806,0
sh.603172,"万丰股份",2026-06-01,19.76,21.23,19.53,20.61,19.73,0.879999999999999,4.4602,3342300.0,68879960.0,2.5058,0
sh.603173,"福斯达",2026-06-01,34.38,35.41,34.38,35.21,34.72,0.490000000000002,1.4113,947400.0,33255633.0,0.5921,0
sh.603175,"超颖电子",2026-06-01,90.66,91.88,86.58,86.84,90.61,-3.77,-4.1607,4065346.0,362388543.77,8.9399,0
sh.603176,"汇通集团",2026-06-01,5.08,5.4,5.06,5.36,5.12,0.24,4.6875,7046000.0,37285184.0,1.5257,0
sh.603177,"德创环保",2026-06-01,10.29,10.65,10.01,10.56,10.29,0.270000000000001,2.6239,3640200.0,38329841.49,1.7827,0
sh.603178,"圣龙股份",2026-06-01,17.5,17.83,17.2,17.76,17.57,0.190000000000001,1.0814,6844789.0,120643321.55,2.8953,0
sh.603179,"新泉股份",2026-06-01,51.99,52.54,49.86,50.51,52.09,-1.58000000000001,-3.0332,23427047.0,1198172282.79,3.2802,0
sh.603180,"金牌家居",2026-06-01,17.05,17.89,16.93,17.66,17.04,0.620000000000001,3.6385,1185856.0,20739456.48,0.7688,0
sh.603181,"皇马科技",2026-06-01,13.69,14.57,13.61,14.23,13.7,0.530000000000001,3.8686,7989072.0,113314558.91,1.3571,0
sh.603182,"嘉华股份",2026-06-01,13.16,13.8,12.89,13.66,13.2,0.460000000000001,3.4848,3046300.0,41154509.0,1.8513,0
sh.603183,"建研院",2026-06-01,4.07,4.27,4.05,4.24,4.11,0.13,3.163,13631055.0,57113006.2,2.7418,0
sh.603185,"弘元绿能",2026-06-01,18.38,18.71,18.02,18.08,18.48,-0.400000000000002,-2.1645,12430007.0,228145557.92,1.8306,0
sh.603186,"华正新材",2026-06-01,130.0,130.76,120.0,120.32,132.1,-11.78,-8.9175,16955916.0,2109603606.35,10.8144,0
sh.603187,"海容冷链",2026-06-01,12.92,13.57,12.89,13.5,12.99,0.51,3.9261,8020571.0,107300522.93,2.0976,0
sh.603188,"亚邦股份",2026-06-01,4.52,4.69,4.45,4.65,4.52,0.130000000000001,2.8761,12663000.0,58510513.0,2.2209,0
sh.603189,"*ST网达",2026-06-01,11.93,12.39,11.88,12.39,11.8,0.59,5.0,2725061.0,33501369.79,1.011,1
sh.603190,"亚通精工",2026-06-01,25.83,26.72,25.64,26.27,26.03,0.239999999999998,0.922,1981370.0,52107213.2,4.819,0
sh.603191,"望变电气",2026-06-01,21.43,22.6,21.42,22.57,21.87,0.699999999999999,3.2007,35394865.0,789708586.38,10.7269,0
sh.603192,"汇得科技",2026-06-01,19.77,20.73,19.59,20.51,19.76,0.75,3.7955,1637900.0,33300537.0,1.1749,0
sh.603193,"润本股份",2026-06-01,22.09,24.32,22.01,24.32,22.11,2.21,9.9955,6136783.0,144151928.94,5.9387,0
sh.603194,"中力股份",2026-06-01,33.53,35.95,33.53,34.79,33.5,1.29,3.8507,2907662.0,101950873.49,1.84,0
sh.603195,"公牛集团",2026-06-01,41.8,43.11,41.39,42.41,41.58,0.829999999999998,1.9962,11182011.0,473623530.37,0.621,0
sh.603196,"璞源材料",2026-06-01,24.08,24.88,23.87,24.13,24.08,0.0500000000000007,0.2076,2917300.0,71330758.0,1.231,0
sh.603197,"保隆科技",2026-06-01,31.56,32.28,31.31,31.89,31.56,0.330000000000002,1.0456,3186999.0,101744754.97,1.5093,0
sh.603198,"迎驾贡酒",2026-06-01,36.89,38.66,36.41,37.55,36.95,0.599999999999994,1.6238,12125509.0,456053359.8,1.5157,0
sh.603199,"九华旅游",2026-06-01,32.67,33.54,32.33,33.4,32.75,0.649999999999999,1.9847,1367600.0,45350485.0,1.2356,0
sh.603200,"上海洗霸",2026-06-01,48.63,52.3,48.04,49.3,47.99,1.31,2.7297,6722934.0,339375955.52,3.8312,0
sh.603201,"常润股份",2026-06-01,15.98,17.58,15.89,17.3,15.98,1.32,8.2603,11166939.0,191813085.24,5.9287,0
sh.603202,"天有为",2026-06-01,64.29,67.07,64.28,66.79,64.23,2.56,3.9857,1540763.0,101431920.47,3.0684,0
sh.603203,"快克智能",2026-06-01,65.01,70.48,62.89,68.6,67.5,1.09999999999999,1.6296,15766036.0,1051576119.36,6.3278,0
sh.603205,"健尔康",2026-06-01,23.86,24.42,23.86,24.36,24.19,0.169999999999998,0.7028,580965.0,14077342.6,1.4053,0
sh.603206,"嘉环科技",2026-06-01,16.57,17.24,16.49,16.89,16.92,-0.0300000000000011,-0.1773,7732600.0,131246997.77,2.5336,0
sh.603207,"小方制药",2026-06-01,23.4,23.91,23.23,23.82,23.4,0.420000000000002,1.7949,1256748.0,29756311.76,2.3102,0
sh.603208,"江山欧派",2026-06-01,12.88,13.8,12.74,13.14,13.14,0.0,0.0,4650119.0,62174281.37,2.6439,0
sh.603209,"兴通股份",2026-06-01,13.5,13.98,13.45,13.96,13.5,0.460000000000001,3.4074,3438040.0,47592021.2,1.0694,0
sh.603210,"泰鸿万立",2026-06-01,13.96,14.28,13.88,14.24,13.95,0.290000000000001,2.0789,3396516.0,48151458.14,1.4598,0
sh.603211,"晋拓股份",2026-06-01,26.54,27.29,26.45,26.68,27.2,-0.52,-1.9118,3980500.0,106731447.0,1.4645,0
sh.603212,"赛伍技术",2026-06-01,14.43,14.79,14.38,14.48,14.47,0.00999999999999979,0.0691,16837350.0,245396710.22,3.8486,0
sh.603213,"镇洋发展",2026-06-01,14.75,14.88,14.34,14.43,14.7,-0.27,-1.8367,9226600.0,134281061.0,2.0876,0
sh.603214,"爱婴室",2026-06-01,14.51,15.29,14.31,15.21,14.68,0.530000000000001,3.6104,4003740.0,60100566.8,2.89,0
sh.603215,"比依股份",2026-06-01,15.7,16.28,15.56,16.24,15.73,0.509999999999998,3.2422,2157000.0,34568435.0,1.1521,0
sh.603216,"梦天家居",2026-06-01,24.5,25.15,24.25,24.84,24.5,0.34,1.3878,2554500.0,63540187.0,1.1471,0
sh.603217,"元利科技",2026-06-01,26.69,27.15,26.57,26.71,26.8,-0.0899999999999999,-0.3358,1995700.0,53572062.0,0.9591,0
sh.603218,"日月股份",2026-06-01,11.8,12.03,11.78,11.97,11.79,0.180000000000001,1.5267,7214000.0,85757397.92,0.7011,0
sh.603219,"富佳股份",2026-06-01,15.96,16.22,15.79,16.05,16.01,0.0399999999999991,0.2498,5577800.0,89339959.0,0.9936,0
sh.603220,"中贝通信",2026-06-01,23.03,23.62,22.89,23.01,23.34,-0.329999999999998,-1.4139,21173135.0,491917272.04,4.8757,0
sh.603221,"爱丽家居",2026-06-01,12.27,13.32,12.11,12.92,12.29,0.630000000000001,5.1261,4320100.0,55548316.0,1.7832,0
sh.603222,"济民健康",2026-06-01,8.75,8.86,8.65,8.7,8.78,-0.0800000000000001,-0.9112,8123900.0,70882756.0,1.5471,0
sh.603223,"恒通股份",2026-06-01,10.02,10.57,9.91,10.05,9.91,0.140000000000001,1.4127,17465800.0,177913926.16,2.4745,0
sh.603225,"新凤鸣",2026-06-01,16.98,18.68,16.3,18.0,16.98,1.02,6.0071,46412126.0,829493140.41,2.7816,0
sh.603226,"菲林格尔",2026-06-01,48.25,49.28,46.72,47.0,48.4,-1.4,-2.8926,4085075.0,196182149.29,1.1491,0
sh.603227,"雪峰科技",2026-06-01,8.85,9.14,8.67,9.13,8.74,0.390000000000001,4.4622,21368266.0,192140217.36,1.9939,0
sh.603228,"景旺电子",2026-06-01,78.71,81.5,71.91,72.0,79.18,-7.18000000000001,-9.0679,46779640.0,3495863993.01,4.794,0
sh.603229,"奥翔药业",2026-06-01,9.47,9.7,9.32,9.69,9.51,0.18,1.8927,12944268.0,123346609.66,1.559,0
sh.603230,"内蒙新华",2026-06-01,9.77,10.15,9.72,10.14,9.76,0.380000000000001,3.8934,2448977.0,24470479.23,0.6927,0
sh.603231,"索宝蛋白",2026-06-01,16.0,16.81,15.96,16.7,16.19,0.509999999999998,3.1501,2251668.0,37222549.52,2.1189,0
sh.603232,"格尔软件",2026-06-01,21.19,22.9,20.7,22.89,20.87,2.02,9.679,34324361.0,755597507.22,14.8398,0
sh.603233,"大参林",2026-06-01,16.34,16.89,16.33,16.63,16.5,0.129999999999999,0.7879,10572626.0,176445759.2,0.9284,0
sh.603235,"天新药业",2026-06-01,24.35,24.59,24.16,24.51,24.2,0.310000000000002,1.281,420000.0,10244778.0,0.0959,0
sh.603236,"移远通信",2026-06-01,52.47,54.45,52.31,53.4,53.37,0.0300000000000011,0.0562,6883887.0,369154938.04,1.8792,0
sh.603237,"五芳斋",2026-06-01,16.22,16.48,15.99,16.45,16.13,0.32,1.9839,2906924.0,47444270.94,1.5315,0
sh.603238,"诺邦股份",2026-06-01,13.1,13.7,12.94,13.65,13.12,0.530000000000001,4.0396,3314415.0,44629399.0,1.8672,0
sh.603239,"浙江仙通",2026-06-01,19.6,20.19,19.55,19.58,19.67,-0.0900000000000034,-0.4575,3663153.0,72475085.66,1.3531,0
sh.603248,"锡华科技",2026-06-01,26.73,26.79,25.56,25.98,26.21,-0.23,-0.8775,4596217.0,119986147.14,6.6315,0
sh.603255,"鼎际得",2026-06-01,28.98,28.98,28.98,28.98,32.2,-3.22,-10.0,688100.0,19941138.0,1.1341,0
sh.603256,"宏和科技",2026-06-01,181.94,191.1,181.94,181.94,202.15,-20.21,-9.9975,6038400.0,1113825971.0,0.6864,0
sh.603257,"中国瑞林",2026-06-01,61.74,62.15,59.34,61.6,61.52,0.0799999999999983,0.13,3055281.0,185745843.91,12.2702,0
sh.603258,"电魂网络",2026-06-01,13.77,14.49,13.76,14.4,13.77,0.630000000000001,4.5752,4056472.0,58015623.36,1.6808,0
sh.603259,"药明康德",2026-06-01,101.63,104.39,99.26,99.99,101.6,-1.61,-1.5846,52903280.0,5365645100.56,2.139,0
sh.603260,"合盛硅业",2026-06-01,37.7,38.22,37.3,37.75,38.07,-0.32,-0.8406,7400167.0,279055118.83,0.626,0
sh.603261,"*ST立航",2026-06-01,34.12,34.66,33.51,34.04,34.68,-0.640000000000001,-1.8454,1145822.0,38752863.76,1.4784,1
sh.603262,"技源集团",2026-06-01,26.85,27.08,26.3,27.0,26.83,0.170000000000002,0.6336,1429697.0,38245717.28,3.5735,0
sh.603266,"天龙股份",2026-06-01,18.81,18.95,18.41,18.78,18.55,0.23,1.2399,3033210.0,56912501.5,1.5251,0
sh.603267,"鸿远电子",2026-06-01,67.3,74.0,67.28,71.8,69.26,2.53999999999999,3.6673,26892390.0,1931362853.12,11.6377,0
sh.603268,"松发股份",2026-06-01,136.92,138.65,132.53,132.55,137.4,-4.84999999999999,-3.5298,6003845.0,813014711.0,2.574,0
sh.603269,"海鸥股份",2026-06-01,21.58,23.0,21.14,21.2,21.57,-0.370000000000001,-1.7153,22025453.0,483320129.14,7.1337,0
sh.603270,"金帝股份",2026-06-01,27.91,28.62,27.31,28.12,27.6,0.52,1.8841,4086262.0,114815666.98,5.7784,0
sh.603271,"永杰新材",2026-06-01,46.0,47.4,45.82,47.12,45.95,1.16999999999999,2.5462,2110026.0,98796043.36,2.231,0
sh.603272,"*ST联翔",2026-06-01,42.0,44.13,42.0,44.13,42.03,2.1,4.9964,1971964.0,85686090.64,1.9029,1
sh.603273,"天元智能",2026-06-01,14.98,15.48,14.82,15.3,14.98,0.32,2.1362,2162300.0,33001765.0,3.8572,0
sh.603275,"众辰科技",2026-06-01,41.82,42.63,41.6,41.95,42.0,-0.0499999999999972,-0.119,1764600.0,74291126.0,4.2484,0
sh.603276,"恒兴新材",2026-06-01,15.92,16.82,15.92,16.6,16.03,0.57,3.5558,3238150.0,53198802.6,4.2809,0
sh.603277,"银都股份",2026-06-01,11.96,12.25,11.82,12.05,11.96,0.0899999999999999,0.7525,2169330.0,26316216.4,0.3558,0
sh.603278,"大业股份",2026-06-01,12.13,12.6,11.98,12.28,12.19,0.0899999999999999,0.7383,23783318.0,294905606.64,6.9591,0
sh.603279,"景津装备",2026-06-01,14.99,15.14,14.8,15.0,14.95,0.0500000000000007,0.3344,9768380.0,145759941.4,1.6948,0
sh.603280,"南方路机",2026-06-01,28.5,30.08,28.5,29.77,29.03,0.739999999999998,2.5491,1425900.0,42264404.0,1.3153,0
sh.603281,"江瀚新材",2026-06-01,35.3,35.55,34.56,34.63,35.3,-0.669999999999995,-1.898,2239540.0,78361884.8,0.5999,0
sh.603282,"亚光股份",2026-06-01,16.06,16.8,15.88,16.67,15.99,0.680000000000001,4.2527,1791100.0,29549908.0,1.3384,0
sh.603283,"赛腾股份",2026-06-01,47.95,50.69,47.17,48.2,48.18,0.0200000000000031,0.0415,21377631.0,1047527200.63,6.0641,0
sh.603284,"林平发展",2026-06-01,41.58,42.72,41.42,42.2,41.58,0.620000000000005,1.4911,1262449.0,53275080.32,6.8339,0
sh.603285,"键邦股份",2026-06-01,47.83,47.83,45.77,46.33,47.86,-1.53,-3.1968,3940931.0,183901957.57,6.3261,0
sh.603286,"日盈电子",2026-06-01,55.49,57.76,55.49,55.97,55.36,0.609999999999999,1.1019,4098800.0,231832395.5,3.5387,0
sh.603288,"海天味业",2026-06-01,35.8,35.99,35.49,35.71,35.92,-0.210000000000001,-0.5846,22074202.0,787379956.26,0.397,0
sh.603289,"泰瑞机器",2026-06-01,10.4,10.95,10.31,10.63,10.55,0.0800000000000001,0.7583,9429200.0,100520726.0,3.2138,0
sh.603290,"斯达半导",2026-06-01,126.04,127.0,116.1,117.11,128.7,-11.59,-9.0054,15056380.0,1820156686.31,6.2873,0
sh.603291,"联合水务",2026-06-01,10.4,10.6,10.11,10.54,10.24,0.299999999999999,2.9297,4966312.0,51818751.12,1.1735,0
sh.603293,"埃泰克",2026-06-01,43.87,45.19,43.82,44.83,44.24,0.589999999999996,1.3336,1648574.0,73588206.48,4.6973,0
sh.603296,"华勤技术",2026-06-01,112.1,117.04,112.0,117.04,106.4,10.64,10.0,24843544.0,2857797574.67,4.3548,0
sh.603297,"永新光学",2026-06-01,130.98,132.5,125.55,125.82,130.98,-5.16,-3.9395,1749794.0,224193908.4,1.5802,0
sh.603298,"杭叉集团",2026-06-01,25.39,25.68,24.78,25.24,25.48,-0.240000000000002,-0.9419,5281058.0,132627394.34,0.4032,0
sh.603299,"苏盐井神",2026-06-01,10.25,10.49,10.16,10.41,10.27,0.140000000000001,1.3632,6700300.0,69366663.66,0.8585,0
sh.603300,"海南华铁",2026-06-01,5.57,5.66,5.57,5.61,5.58,0.0300000000000002,0.5376,31224026.0,175717765.08,1.5654,0
sh.603301,"振德医疗",2026-06-01,83.73,84.74,81.8,82.98,83.49,-0.509999999999991,-0.6109,2531159.0,210695121.53,0.9592,0
sh.603303,"得邦照明",2026-06-01,29.11,29.8,25.9,26.16,28.78,-2.62,-9.1035,16517112.0,449326691.6,3.4631,0
sh.603305,"旭升集团",2026-06-01,14.8,15.28,14.79,14.95,14.97,-0.0200000000000014,-0.1336,23285880.0,350961953.33,2.0149,0
sh.603306,"华懋科技",2026-06-01,109.0,112.7,102.2,102.39,109.48,-7.09,-6.4761,17175218.0,1819215364.49,5.2126,0
sh.603307,"扬州金泉",2026-06-01,38.9,40.52,38.57,40.38,39.27,1.11,2.8266,867400.0,34508370.0,1.2946,0
sh.603308,"应流股份",2026-06-01,64.92,67.2,63.36,63.55,64.67,-1.12,-1.7319,24171139.0,1572083591.06,3.5596,0
sh.603309,"维力医疗",2026-06-01,12.39,12.64,12.31,12.59,12.44,0.15,1.2058,3336103.0,41748744.01,1.143,0
sh.603310,"巍华新材",2026-06-01,16.1,16.35,15.86,16.24,16.11,0.129999999999999,0.807,3618139.0,58295681.59,1.8649,0
sh.603311,"金海高科",2026-06-01,29.77,32.49,29.6,31.0,30.16,0.84,2.7851,16500300.0,516445620.58,6.9951,0
sh.603312,"西典新能",2026-06-01,38.85,40.58,38.59,39.01,39.53,-0.520000000000003,-1.3155,2597583.0,102689846.4,5.1014,0
sh.603313,"梦百合",2026-06-01,5.71,5.83,5.62,5.78,5.7,0.0800000000000001,1.4035,10799445.0,62354838.32,1.8927,0
sh.603315,"福鞍股份",2026-06-01,16.36,17.2,15.81,16.65,16.54,0.109999999999999,0.6651,16991500.0,282351276.0,5.3038,0
sh.603316,"诚邦股份",2026-06-01,21.81,22.38,20.82,21.02,21.56,-0.539999999999999,-2.5046,50470046.0,1088108432.0,19.0983,0
sh.603317,"天味食品",2026-06-01,14.71,15.0,14.51,14.95,14.81,0.139999999999999,0.9453,13671690.0,202616216.22,1.2841,0
sh.603318,"水发燃气",2026-06-01,8.93,9.36,8.91,9.25,8.9,0.35,3.9326,37893283.0,349677941.58,8.2543,0
sh.603319,"美湖股份",2026-06-01,37.12,38.85,36.86,37.63,36.21,1.42,3.9216,36892788.0,1397662930.36,10.878,0
sh.603320,"迪贝电气",2026-06-01,22.93,23.65,22.6,22.87,23.1,-0.23,-0.9957,3969700.0,91628281.2,2.6616,0
sh.603321,"梅轮电梯",2026-06-01,6.6,6.99,6.5,6.9,6.56,0.340000000000001,5.1829,6879204.0,46837387.16,1.9965,0
sh.603322,"超讯通信",2026-06-01,30.98,32.09,30.79,31.36,31.17,0.189999999999998,0.6096,5255380.0,165653142.72,3.3349,0
sh.603323,"苏农银行",2026-06-01,4.75,4.86,4.72,4.83,4.74,0.0899999999999999,1.8987,35295371.0,169122213.93,1.7486,0
sh.603324,"盛剑科技",2026-06-01,33.0,34.98,32.33,32.87,34.29,-1.42,-4.1411,19360980.0,643950983.8,13.1101,0
sh.603325,"博隆技术",2026-06-01,53.86,56.47,53.86,55.98,54.31,1.66999999999999,3.0749,618259.0,34403567.88,1.8087,0
sh.603326,"我乐家居",2026-06-01,7.4,8.07,7.27,7.8,7.34,0.46,6.267,11246124.0,88726064.72,3.5235,0
sh.603327,"福蓉科技",2026-06-01,10.57,11.04,10.57,10.83,10.18,0.65,6.3851,48869647.0,527689201.29,4.6745,0
sh.603328,"依顿电子",2026-06-01,12.62,12.87,12.0,12.38,12.63,-0.25,-1.9794,45386655.0,568392183.72,4.5457,0
sh.603329,"上海雅仕",2026-06-01,10.59,11.06,10.55,11.01,10.72,0.289999999999999,2.7052,4041675.0,43898554.85,1.9583,0
sh.603330,"天洋新材",2026-06-01,6.43,7.06,6.43,7.06,6.42,0.64,9.9688,12760812.0,88928429.12,3.1375,0
sh.603331,"百达精工",2026-06-01,12.46,12.78,12.42,12.61,12.54,0.0700000000000003,0.5582,4781639.0,60405141.69,2.3651,0
sh.603332,"苏州龙杰",2026-06-01,11.93,12.58,11.82,12.41,11.93,0.48,4.0235,6238030.0,77109544.8,2.8833,0
sh.603333,"尚纬股份",2026-06-01,8.6,8.88,8.46,8.83,8.71,0.119999999999999,1.3777,16702100.0,145906231.0,2.6873,0
sh.603334,"丰倍生物",2026-06-01,44.05,45.45,43.52,45.07,44.01,1.06,2.4085,1413431.0,63138034.99,4.4424,0
sh.603335,"迪生力",2026-06-01,7.35,7.68,7.25,7.56,7.35,0.21,2.8571,29443043.0,220930949.0,6.8769,0
sh.603336,"宏辉果蔬",2026-06-01,9.84,10.45,9.61,9.64,9.79,-0.149999999999999,-1.5322,23319149.0,232741286.4,3.8309,0
sh.603337,"杰克科技",2026-06-01,39.61,40.8,38.99,39.13,39.85,-0.719999999999999,-1.8068,3339246.0,132334658.93,0.7049,0
sh.603338,"浙江鼎力",2026-06-01,51.13,51.87,50.13,50.64,51.13,-0.490000000000002,-0.9583,5666200.0,287483230.44,1.119,0
sh.603339,"四方科技",2026-06-01,12.69,13.07,12.62,12.98,12.69,0.290000000000001,2.2853,2770688.0,35754368.68,0.8954,0
sh.603341,"龙旗科技",2026-06-01,35.58,37.91,35.58,37.91,34.46,3.45,10.0116,13708989.0,510267242.73,5.1496,0
sh.603344,"星德胜",2026-06-01,28.65,31.82,28.3,31.82,28.93,2.89,9.9896,5826649.0,181039771.34,10.7839,0
sh.603345,"安井食品",2026-06-01,99.0,102.18,98.4,100.0,99.65,0.349999999999994,0.3512,7456341.0,749108775.82,2.5423,0
sh.603348,"文灿股份",2026-06-01,16.07,16.62,15.9,16.62,16.07,0.550000000000001,3.4225,2360391.0,38701131.5,0.7506,0
sh.603350,"安乃达",2026-06-01,30.83,31.3,30.4,31.08,30.53,0.549999999999997,1.8015,575900.0,17845791.0,1.3052,0
sh.603351,"威尔药业",2026-06-01,25.57,26.4,25.01,26.01,25.57,0.440000000000001,1.7208,1458500.0,37720781.4,1.0769,0
sh.603352,"至信股份",2026-06-01,30.12,30.53,29.65,30.31,30.12,0.189999999999998,0.6308,1108480.0,33442566.4,2.4953,0
sh.603353,"和顺石油",2026-06-01,49.7,50.43,47.02,47.22,51.1,-3.88,-7.593,8384700.0,405736487.5,4.9201,0
sh.603355,"莱克电气",2026-06-01,27.33,28.15,27.0,27.17,27.4,-0.229999999999997,-0.8394,2291192.0,62938495.76,0.3996,0
sh.603356,"华菱精工",2026-06-01,18.09,19.84,18.0,18.83,18.04,0.789999999999999,4.3792,9034600.0,173068683.32,6.7756,0
sh.603357,"设计总院",2026-06-01,7.0,7.17,6.98,7.14,6.91,0.23,3.3285,4685624.0,33139476.2,0.8359,0
sh.603358,"华达科技",2026-06-01,38.4,38.6,36.67,37.6,38.99,-1.39,-3.565,12681296.0,475768282.22,2.786,0
sh.603359,"*ST东珠",2026-06-01,2.79,2.98,2.75,2.98,2.84,0.14,4.9296,17660014.0,51323994.22,3.9588,1
sh.603360,"百傲化学",2026-06-01,21.28,21.33,20.3,20.36,21.45,-1.09,-5.0816,17013870.0,352005338.62,2.4091,0
sh.603363,"傲农生物",2026-06-01,3.22,3.4,3.19,3.29,3.23,0.0600000000000001,1.8576,36133300.0,119719971.0,1.685,0
sh.603365,"水星家纺",2026-06-01,17.99,19.15,17.99,19.05,18.21,0.84,4.6129,3569900.0,66631775.0,1.3741,0
sh.603366,"日出东方",2026-06-01,7.69,7.91,7.47,7.87,7.69,0.18,2.3407,11202200.0,87143080.2,1.3778,0
sh.603367,"辰欣药业",2026-06-01,13.96,14.1,13.76,14.1,13.96,0.139999999999999,1.0029,4439300.0,62054234.0,0.9805,0
sh.603368,"柳药集团",2026-06-01,16.13,16.39,15.98,16.37,16.03,0.34,2.121,4794706.0,77707382.06,1.2071,0
sh.603369,"今世缘",2026-06-01,29.28,30.6,29.0,29.96,30.3,-0.34,-1.1221,22439158.0,667156339.56,1.7997,0
sh.603370,"华新精科",2026-06-01,41.84,42.46,41.83,42.42,42.49,-0.0700000000000003,-0.1647,521961.0,22049093.23,1.4917,0
sh.603373,"安邦护卫",2026-06-01,43.11,45.15,41.86,44.23,43.79,0.439999999999998,1.0048,2919355.0,128821036.76,6.426,0
sh.603375,"盛景微",2026-06-01,48.75,49.5,46.11,46.36,48.8,-2.44,-5.0,3822144.0,180636745.38,5.9926,0
sh.603376,"大明电子",2026-06-01,28.91,29.18,28.73,29.14,28.9,0.240000000000002,0.8304,611946.0,17751924.21,1.9123,0
sh.603377,"ST东时",2026-06-01,3.52,3.64,3.49,3.63,3.52,0.11,3.125,6915724.0,24809346.08,0.9667,1
sh.603378,"*ST亚士",2026-06-01,5.33,5.67,5.33,5.67,5.4,0.27,5.0,15524802.0,86576125.75,3.6222,1
sh.603379,"三美股份",2026-06-01,58.32,62.26,58.26,61.42,57.51,3.91,6.7988,15222765.0,929360799.88,2.4936,0
sh.603380,"易德龙",2026-06-01,36.15,37.73,35.92,36.79,36.51,0.280000000000001,0.7669,3627800.0,133809840.0,2.2611,0
sh.603381,"永臻股份",2026-06-01,19.85,20.32,19.76,19.95,19.85,0.0999999999999979,0.5038,4128200.0,82901686.0,2.9044,0
sh.603382,"海阳科技",2026-06-01,21.6,22.23,21.25,22.0,21.48,0.52,2.4209,1236450.0,27143087.0,3.4109,0
sh.603383,"顶点软件",2026-06-01,31.55,33.37,31.32,32.36,31.78,0.579999999999998,1.825,7119132.0,231593841.78,3.4664,0
sh.603385,"惠达卫浴",2026-06-01,5.73,6.05,5.65,6.03,5.75,0.28,4.8696,4309686.0,25540123.96,1.1321,0
sh.603386,"骏亚科技",2026-06-01,15.51,17.15,15.22,16.69,15.61,1.08,6.9186,27397220.0,451685716.2,8.3957,0
sh.603387,"基蛋生物",2026-06-01,8.82,9.04,8.82,9.04,8.91,0.129999999999999,1.459,8339280.0,74844115.08,1.6443,0
sh.603389,"*ST亚振",2026-06-01,59.37,61.92,58.0,61.23,59.1,2.13,3.6041,1485026.0,89298649.46,0.5652,1
sh.603390,"通达电气",2026-06-01,12.46,13.03,12.46,12.95,12.6,0.35,2.7778,11989943.0,154605897.7,3.4207,0
sh.603391,"力聚热能",2026-06-01,60.5,61.33,54.48,59.5,60.53,-1.03,-1.7016,1833883.0,109916870.18,8.061,0
sh.603392,"万泰生物",2026-06-01,35.18,36.5,34.65,36.38,34.66,1.72000000000001,4.9625,6785639.0,243438765.83,0.5367,0
sh.603393,"新天然气",2026-06-01,26.79,27.99,26.4,27.8,26.59,1.21,4.5506,14121251.0,386660822.75,3.3366,0
sh.603395,"红四方",2026-06-01,23.87,24.69,23.75,24.54,23.85,0.689999999999998,2.8931,2811380.0,68500339.7,4.3252,0
sh.603396,"金辰股份",2026-06-01,31.51,32.34,31.51,31.82,31.52,0.300000000000001,0.9518,2584552.0,82638579.21,1.8657,0
sh.603398,"*ST沐邦",2026-06-01,14.3,15.08,14.13,14.79,14.4,0.389999999999999,2.7083,9938886.0,147122372.44,2.292,1
sh.603399,"永杉锂业",2026-06-01,17.57,19.26,17.57,18.93,17.91,1.02,5.6951,120543405.0,2254628909.3,23.5303,0
sh.603400,"华之杰",2026-06-01,68.5,69.4,67.26,67.4,68.61,-1.20999999999999,-1.7636,974088.0,66513185.4,4.8704,0
sh.603402,"陕西旅游",2026-06-01,92.92,94.68,91.5,94.3,93.57,0.730000000000004,0.7802,752953.0,70668360.96,3.8946,0
sh.603406,"天富龙",2026-06-01,29.25,30.07,29.25,30.04,29.45,0.59,2.0034,949668.0,28324609.74,2.5903,0
sh.603407,"长裕集团",2026-06-01,55.0,59.62,54.55,59.62,54.2,5.41999999999999,10.0,4835918.0,281198514.5,13.466,0
sh.603408,"建霖家居",2026-06-01,10.84,11.19,10.75,11.09,10.79,0.300000000000001,2.7804,3496800.0,38436995.5,0.7813,0
sh.603409,"汇通控股",2026-06-01,39.34,41.16,38.68,40.7,39.02,1.68,4.3055,1710665.0,69269353.86,4.7303,0
sh.603416,"信捷电气",2026-06-01,53.15,54.64,52.52,54.06,53.58,0.480000000000004,0.8959,3955803.0,212521041.16,2.8409,0
sh.603418,"友升股份",2026-06-01,51.5,52.1,51.17,51.99,51.45,0.539999999999999,1.0496,1207114.0,62449200.72,2.9182,0
sh.603421,"鼎信通讯",2026-06-01,7.18,7.38,7.12,7.28,7.23,0.0499999999999998,0.6916,7391200.0,53790168.0,1.1333,0
sh.603429,"*ST集友",2026-06-01,8.76,9.2,8.76,9.2,8.76,0.44,5.0228,4836380.0,44112122.0,0.9221,1
sh.603435,sh.603435,2026-06-01,80.4,88.38,77.1,85.36,80.4,4.95999999999999,6.1692,17730922.0,1483290511.0,49.6838,0
sh.603439,"三力制药",2026-06-01,16.0,17.38,16.0,16.51,16.28,0.23,1.4128,36467000.0,606106120.0,9.0301,0
sh.603444,"吉比特",2026-06-01,331.95,343.63,330.0,342.05,331.95,10.1,3.0426,1894779.0,641400500.98,2.6301,0
sh.603456,"九洲药业",2026-06-01,12.6,12.8,12.58,12.79,12.64,0.149999999999999,1.1867,9502696.0,120873358.92,1.0684,0
sh.603458,"勘设股份",2026-06-01,12.83,14.0,12.68,13.08,12.89,0.19,1.474,25629914.0,344194012.4,8.3724,0
sh.603459,"红板科技",2026-06-01,99.0,99.99,91.7,91.7,101.89,-10.19,-10.001,18793574.0,1788051291.62,23.7737,0
sh.603466,"风语筑",2026-06-01,10.51,11.5,10.49,11.42,10.62,0.800000000000001,7.533,72835116.0,817997502.38,12.2449,0
sh.603477,"巨星农牧",2026-06-01,15.75,16.15,15.56,16.02,15.86,0.16,1.0088,9391900.0,149908419.35,1.8413,0
sh.603486,"科沃斯",2026-06-01,58.77,60.2,58.52,59.59,58.72,0.870000000000005,1.4816,5054252.0,300580198.62,0.8815,0
sh.603488,"展鹏科技",2026-06-01,11.15,11.5,11.01,11.2,11.25,-0.0500000000000007,-0.4444,6512000.0,73496621.8,2.2302,0
sh.603489,"八方股份",2026-06-01,35.51,35.59,34.28,34.59,35.5,-0.909999999999997,-2.5634,3542439.0,123398480.07,1.5099,0
sh.603496,"恒为科技",2026-06-01,23.16,23.92,22.94,23.3,23.15,0.150000000000002,0.6479,10579142.0,247519795.83,3.3038,0
sh.603499,"翔港科技",2026-06-01,18.96,19.15,17.89,18.44,18.96,-0.52,-2.7426,7373475.0,135624609.65,2.4368,0
sh.603500,"祥和实业",2026-06-01,10.41,11.25,10.35,10.75,10.43,0.32,3.0681,20524308.0,224099613.74,6.1707,0
sh.603501,"豪威集团",2026-06-01,94.88,94.89,92.2,92.23,95.0,-2.77,-2.9158,23275722.0,2172741641.63,1.9227,0
sh.603505,"金石资源",2026-06-01,17.27,19.48,17.27,18.88,18.25,0.629999999999999,3.4521,27490538.0,516462972.35,3.2662,0
sh.603506,"南都物业",2026-06-01,11.48,12.13,11.37,11.91,11.47,0.44,3.8361,4525785.0,53706524.7,2.4102,0
sh.603507,"振江股份",2026-06-01,39.25,39.68,38.4,39.34,38.92,0.420000000000002,1.0791,5402181.0,212193498.24,2.9719,0
sh.603508,"思维列控",2026-06-01,22.16,22.64,21.91,22.53,22.26,0.27,1.2129,5505350.0,122861110.84,1.4439,0
sh.603511,"爱慕股份",2026-06-01,13.45,14.07,13.22,13.96,13.43,0.530000000000001,3.9464,2489700.0,34397089.0,0.6195,0
sh.603515,"欧普照明",2026-06-01,19.47,19.47,18.28,18.7,19.28,-0.580000000000002,-3.0083,3595562.0,67114907.36,0.4883,0
sh.603516,"淳中科技",2026-06-01,111.99,114.5,109.01,110.47,112.01,-1.54000000000001,-1.3749,7014459.0,782943454.08,3.4508,0
sh.603517,"ST绝味",2026-06-01,13.3,13.65,13.24,13.65,13.0,0.65,5.0,13049000.0,176650227.32,2.1533,1
sh.603518,"锦泓集团",2026-06-01,8.9,9.59,8.76,9.41,8.93,0.48,5.3751,11048760.0,102601726.2,3.2112,0
sh.603519,"立霸股份",2026-06-01,12.33,12.88,12.26,12.78,12.39,0.389999999999999,3.1477,4267760.0,53758900.2,1.6024,0
sh.603520,"司太立",2026-06-01,10.25,10.46,10.1,10.25,10.3,-0.0500000000000007,-0.4854,16277340.0,167314650.8,3.7128,0
sh.603527,"众源新材",2026-06-01,13.5,14.15,13.31,13.82,13.61,0.210000000000001,1.543,27858153.0,385963044.99,8.7889,0
sh.603528,"多伦科技",2026-06-01,7.04,7.27,6.96,7.12,7.04,0.0800000000000001,1.1364,9005417.0,64429014.04,1.2757,0
sh.603529,"爱玛科技",2026-06-01,21.56,22.33,21.2,22.33,21.55,0.779999999999998,3.6195,13644088.0,299152367.38,1.6098,0
sh.603530,"神马电力",2026-06-01,57.8,59.96,57.55,59.15,57.5,1.65,2.8696,4916410.0,290008146.6,1.1501,0
sh.603533,"掌阅科技",2026-06-01,24.24,26.44,24.21,26.44,24.04,2.4,9.9834,22591410.0,585274590.6,5.1473,0
sh.603535,"嘉诚国际",2026-06-01,7.29,7.45,7.21,7.36,7.28,0.0800000000000001,1.0989,3812188.0,28119484.24,0.7461,0
sh.603536,"惠发食品",2026-06-01,9.06,9.84,9.06,9.79,9.39,0.399999999999999,4.2599,6283100.0,60591673.0,2.6122,0
sh.603538,"美诺华",2026-06-01,43.52,47.47,43.52,46.59,45.08,1.51000000000001,3.3496,29437402.0,1360870913.28,12.3401,0
sh.603551,"奥普科技",2026-06-01,10.81,11.38,10.81,11.32,10.88,0.44,4.0441,4378900.0,49032048.12,1.1527,0
sh.603556,"海兴电力",2026-06-01,26.7,27.1,26.55,26.73,26.89,-0.16,-0.595,3660331.0,98047536.39,0.7527,0
sh.603557,"*ST起步",2026-06-01,4.75,4.82,4.68,4.71,4.73,-0.0200000000000005,-0.4228,5154900.0,24407523.96,0.8269,1
sh.603558,"健盛集团",2026-06-01,11.65,11.99,11.25,11.89,11.62,0.270000000000001,2.3236,6051900.0,71175068.0,1.7663,0
sh.603559,"ST通脉",2026-06-01,9.35,9.52,9.23,9.46,9.34,0.120000000000001,1.2848,3466369.0,32666536.15,0.8638,1
sh.603565,"中谷物流",2026-06-01,10.34,10.73,10.34,10.69,10.4,0.289999999999999,2.7885,16398136.0,173972160.2,0.7808,0
sh.603566,"普莱柯",2026-06-01,10.63,10.95,10.56,10.93,10.62,0.31,2.919,4085600.0,44207807.0,1.1806,0
sh.603567,"珍宝岛",2026-06-01,7.11,7.25,6.94,7.19,7.15,0.04,0.5594,7922900.0,56691156.0,0.8434,0
sh.603568,"伟明环保",2026-06-01,15.2,15.5,15.14,15.35,15.07,0.279999999999999,1.858,7632354.0,116860485.32,0.3726,0
sh.603569,"长久物流",2026-06-01,5.98,6.25,5.96,6.22,6.02,0.2,3.3223,4768160.0,29306155.8,0.7901,0
sh.603577,"汇金通",2026-06-01,10.4,10.7,10.27,10.61,10.4,0.209999999999999,2.0192,5124790.0,54256691.2,1.5111,0
sh.603578,"三星新材",2026-06-01,14.83,15.38,14.74,15.06,15.12,-0.0599999999999987,-0.3968,7112564.0,107255987.62,3.9436,0
sh.603579,"荣泰健康",2026-06-01,19.02,19.65,18.8,19.55,19.02,0.530000000000001,2.7865,4061410.0,78788628.61,2.0201,0
sh.603580,"*ST艾艾",2026-06-01,25.48,25.91,24.01,24.3,24.95,-0.649999999999999,-2.6052,1217311.0,30115010.58,0.9316,1
sh.603583,"捷昌驱动",2026-06-01,25.3,25.85,25.12,25.45,25.23,0.219999999999999,0.872,4620974.0,117842902.62,1.2089,0
sh.603585,"苏利股份",2026-06-01,15.75,16.51,15.75,16.47,15.96,0.509999999999998,3.1955,3549813.0,58044093.25,1.8352,0
sh.603586,"金麒麟",2026-06-01,16.92,17.38,16.81,17.38,17.16,0.219999999999999,1.2821,3171000.0,54546037.0,1.6174,0
sh.603587,"地素时尚",2026-06-01,12.5,13.05,12.48,13.0,12.67,0.33,2.6046,3343300.0,42941527.0,0.7052,0
sh.603588,"高能环境",2026-06-01,12.32,12.5,12.22,12.37,12.31,0.0599999999999987,0.4874,32149981.0,397672951.88,2.1106,0
sh.603589,"口子窖",2026-06-01,22.0,22.34,21.84,22.12,22.27,-0.149999999999999,-0.6736,7178200.0,158472108.0,1.2001,0
sh.603590,"康辰药业",2026-06-01,34.45,34.99,34.01,34.19,34.45,-0.260000000000005,-0.7547,2793200.0,95793354.0,1.7654,0
sh.603595,"ST东尼",2026-06-01,24.32,24.49,23.17,23.46,24.32,-0.859999999999999,-3.5362,5866180.0,138938094.8,2.5237,1
sh.603596,"伯特利",2026-06-01,31.92,32.83,31.67,32.11,32.09,0.019999999999996,0.0623,21799540.0,704553786.87,2.4285,0
sh.603598,"引力传媒",2026-06-01,21.79,24.23,21.79,24.23,22.03,2.2,9.9864,42119900.0,981820849.2,15.6357,0
sh.603599,"广信股份",2026-06-01,11.19,11.54,11.16,11.37,11.19,0.18,1.6086,12354844.0,140382125.47,1.3573,0
sh.603600,"永艺股份",2026-06-01,10.66,10.88,10.52,10.79,10.66,0.129999999999999,1.2195,8714750.0,93847789.0,2.9045,0
sh.603601,"再升科技",2026-06-01,19.06,19.06,19.06,19.06,21.18,-2.12,-10.0094,8102800.0,154439368.0,0.7093,0
sh.603602,"纵横通信",2026-06-01,12.87,13.82,12.82,13.39,12.93,0.460000000000001,3.5576,5861134.0,78579396.4,2.5367,0
sh.603605,"珀莱雅",2026-06-01,61.3,67.52,61.25,67.13,61.81,5.31999999999999,8.607,18737576.0,1227054873.58,4.732,0
sh.603606,"东方电缆",2026-06-01,45.08,45.45,43.85,43.88,44.7,-0.82,-1.8345,14653072.0,651558102.58,1.7765,0
sh.603607,"京华激光",2026-06-01,21.4,22.49,21.4,22.23,21.53,0.699999999999999,3.2513,3486318.0,77402322.78,1.9529,0
sh.603608,"天创时尚",2026-06-01,18.82,19.4,18.04,18.96,18.82,0.140000000000001,0.7439,27194160.0,511389926.6,6.4789,0
sh.603609,"禾丰股份",2026-06-01,6.48,6.64,6.37,6.63,6.46,0.17,2.6316,4544506.0,29547695.82,0.5003,0
sh.603610,"麒盛科技",2026-06-01,17.48,17.89,17.19,17.67,17.46,0.210000000000001,1.2027,4597240.0,81260922.24,1.3024,0
sh.603611,"诺力股份",2026-06-01,17.86,18.4,17.73,18.24,17.84,0.399999999999999,2.2422,2354380.0,42630921.0,0.914,0
sh.603612,"索通发展",2026-06-01,20.68,21.28,20.66,20.86,20.8,0.0599999999999987,0.2885,10107236.0,211756280.56,2.0291,0
sh.603613,"国联股份",2026-06-01,23.61,24.17,23.36,23.65,23.5,0.149999999999999,0.6383,8348076.0,197885536.03,1.1586,0
sh.603615,"茶花股份",2026-06-01,19.08,19.62,18.58,19.23,18.85,0.379999999999999,2.0159,5013200.0,96809099.0,2.0731,0
sh.603616,"韩建河山",2026-06-01,6.3,6.37,5.94,6.03,6.12,-0.0899999999999999,-1.4706,38139400.0,234216732.0,9.9246,0
sh.603617,"君禾股份",2026-06-01,7.12,7.54,7.1,7.48,7.19,0.29,4.0334,14939529.0,111114005.48,3.8631,0
sh.603618,"杭电股份",2026-06-01,40.0,40.58,38.44,38.44,42.71,-4.27,-9.9977,76180914.0,2966767640.91,11.0187,0
sh.603619,"中曼石油",2026-06-01,26.1,26.43,26.01,26.29,25.95,0.34,1.3102,13962526.0,366409404.92,3.02,0
sh.603626,"科森科技",2026-06-01,24.0,25.76,23.33,23.37,24.0,-0.629999999999999,-2.625,42760295.0,1044389416.25,7.7062,0
sh.603628,"清源股份",2026-06-01,10.72,11.19,10.72,11.08,10.76,0.32,2.974,4360220.0,48182171.2,1.602,0
sh.603629,"利通电子",2026-06-01,216.66,216.66,216.66,216.66,240.73,-24.07,-9.9988,2686600.0,582078756.0,1.0412,0
sh.603630,"拉芳家化",2026-06-01,14.17,14.77,13.88,14.68,14.17,0.51,3.5992,5513289.0,79949849.49,2.4481,0
sh.603633,"徕木股份",2026-06-01,8.88,9.0,8.51,8.59,8.93,-0.34,-3.8074,32244277.0,280358342.96,7.5547,0
sh.603636,"南威软件",2026-06-01,9.28,9.81,9.25,9.59,9.29,0.300000000000001,3.2293,20436026.0,196780960.33,3.5213,0
sh.603637,"镇海股份",2026-06-01,20.6,22.15,20.25,22.15,20.79,1.36,6.5416,22833695.0,489769757.36,9.5664,0
sh.603638,"艾迪精密",2026-06-01,21.71,22.1,21.58,21.75,21.89,-0.140000000000001,-0.6396,8258371.0,180012852.4,0.9937,0
sh.603639,"海利尔",2026-06-01,11.07,11.45,10.99,11.38,11.04,0.340000000000002,3.0797,2922673.0,32923556.68,0.8599,0
sh.603648,"畅联股份",2026-06-01,8.93,9.36,8.84,9.3,8.96,0.34,3.7946,4132500.0,38001585.0,1.1403,0
sh.603650,"彤程新材",2026-06-01,52.01,52.92,50.78,50.89,52.18,-1.29,-2.4722,9924180.0,511566564.79,1.6151,0
sh.603655,"朗博科技",2026-06-01,35.8,38.5,35.8,38.2,35.99,2.21,6.1406,1915400.0,71720299.0,1.807,0
sh.603656,"泰禾智能",2026-06-01,17.96,18.33,17.74,18.12,17.9,0.220000000000002,1.2291,2718500.0,49351106.0,1.486,0
sh.603657,"春光科技",2026-06-01,26.71,27.7,26.1,27.03,26.68,0.350000000000001,1.3118,2836200.0,76843337.0,2.0979,0
sh.603658,"安图生物",2026-06-01,32.2,32.3,31.75,32.13,32.21,-0.0799999999999983,-0.2484,3111826.0,99754878.44,0.5446,0
sh.603659,"璞泰来",2026-06-01,30.5,31.34,30.3,30.69,30.63,0.0600000000000023,0.1959,38263381.0,1186570877.46,1.791,0
sh.603660,"苏州科达",2026-06-01,11.89,12.24,11.74,11.8,11.88,-0.0800000000000001,-0.6734,20316483.0,243550888.31,3.555,0
sh.603661,"恒林股份",2026-06-01,30.68,31.81,29.71,31.39,31.24,0.150000000000002,0.4802,6756708.0,207257846.88,4.8586,0
sh.603662,"柯力传感",2026-06-01,60.0,60.77,58.62,58.66,60.55,-1.89,-3.1214,5813439.0,346429652.16,2.0701,0
sh.603663,"三祥新材",2026-06-01,58.5,62.87,58.11,59.53,58.87,0.660000000000004,1.1211,21958626.0,1329434488.57,5.1934,0
sh.603665,"康隆达",2026-06-01,27.0,29.7,26.44,28.96,27.0,1.96,7.2593,5390992.0,153546902.84,3.3658,0
sh.603666,"亿嘉和",2026-06-01,29.5,30.56,29.01,29.51,29.65,-0.139999999999997,-0.4722,4754640.0,142283424.0,2.3134,0
sh.603667,"五洲新春",2026-06-01,71.74,72.56,68.3,68.33,71.76,-3.43000000000001,-4.7798,26056121.0,1826054417.85,7.1152,0
sh.603668,"天马科技",2026-06-01,11.37,11.94,11.3,11.53,11.3,0.229999999999999,2.0354,5898421.0,68533461.18,1.1662,0
sh.603669,"灵康药业",2026-06-01,4.12,4.35,4.06,4.31,4.12,0.19,4.6117,14660189.0,62304930.62,2.0581,0
sh.603676,"卫信康",2026-06-01,9.29,9.68,9.19,9.55,9.23,0.32,3.467,2835200.0,26852187.0,0.6515,0
sh.603677,"奇精机械",2026-06-01,16.66,18.57,16.51,17.78,17.07,0.710000000000001,4.1593,6568918.0,114702824.31,3.4106,0
sh.603678,"火炬电子",2026-06-01,46.54,53.28,46.54,53.28,48.44,4.84,9.9917,39298847.0,2067337058.5,8.2636,0
sh.603679,"华体科技",2026-06-01,16.9,17.72,16.8,16.85,17.07,-0.219999999999999,-1.2888,5844917.0,100515009.52,3.2895,0
sh.603680,"今创集团",2026-06-01,11.91,12.26,11.76,12.13,11.88,0.25,2.1044,4205900.0,50784955.0,0.5367,0
sh.603681,"永冠新材",2026-06-01,25.25,25.98,24.0,24.44,25.5,-1.06,-4.1569,25261885.0,629304282.35,10.6258,0
sh.603682,"锦和商管",2026-06-01,8.65,9.55,8.6,9.23,8.92,0.31,3.4753,25597500.0,237345781.0,5.4175,0
sh.603683,"晶华新材",2026-06-01,27.37,30.0,27.0,29.5,27.4,2.1,7.6642,22538272.0,655933895.94,7.8212,0
sh.603685,"晨丰科技",2026-06-01,33.2,33.82,32.63,32.78,33.14,-0.359999999999999,-1.0863,4087227.0,135199786.32,2.0287,0
sh.603686,"福龙马",2026-06-01,15.4,15.96,15.39,15.77,15.47,0.299999999999999,1.9392,12680971.0,199983972.25,3.0525,0
sh.603687,"大胜达",2026-06-01,15.4,16.7,15.38,16.26,15.61,0.650000000000002,4.164,37974100.0,616571526.85,6.904,0
sh.603688,"石英股份",2026-06-01,66.2,66.22,61.39,61.43,67.22,-5.79,-8.6135,28889785.0,1835521078.92,5.3334,0
sh.603689,"皖天然气",2026-06-01,7.94,8.36,7.91,8.33,7.94,0.39,4.9118,9194094.0,75365436.46,1.7564,0
sh.603690,"至纯科技",2026-06-01,24.92,25.54,24.5,24.53,24.92,-0.390000000000001,-1.565,18081833.0,452289739.36,4.7215,0
sh.603693,"江苏新能",2026-06-01,17.78,18.15,16.31,17.11,17.77,-0.66,-3.7141,30669304.0,526629595.93,3.4403,0
sh.603696,"安记食品",2026-06-01,13.48,14.05,13.48,13.94,13.78,0.16,1.1611,6396599.0,89095881.99,2.7196,0
sh.603697,"有友食品",2026-06-01,10.96,11.38,10.74,11.2,10.99,0.209999999999999,1.9108,11241100.0,124421405.8,2.6283,0
sh.603698,"航天工程",2026-06-01,32.53,33.0,32.24,32.33,32.6,-0.270000000000003,-0.8282,12445757.0,405491305.26,2.322,0
sh.603699,"纽威股份",2026-06-01,57.78,59.48,57.12,57.4,57.45,-0.0500000000000043,-0.087,4796283.0,278893625.1,0.6326,0
sh.603700,"宁水集团",2026-06-01,11.29,11.82,11.18,11.69,11.3,0.389999999999999,3.4513,6232250.0,72312188.5,3.1167,0
sh.603701,"德宏股份",2026-06-01,24.73,25.87,24.62,24.9,25.18,-0.280000000000001,-1.112,4860100.0,121824666.7,1.8595,0
sh.603703,"盛洋科技",2026-06-01,12.57,12.99,12.37,12.44,12.51,-0.0700000000000003,-0.5596,10031140.0,127035214.14,2.4172,0
sh.603706,"东方环宇",2026-06-01,22.03,23.09,21.96,22.93,22.28,0.649999999999999,2.9174,2211400.0,50288460.0,1.1677,0
sh.603707,"健友股份",2026-06-01,8.04,8.33,8.03,8.28,8.08,0.199999999999999,2.4752,9323673.0,76674204.5,0.5771,0
sh.603708,"家家悦",2026-06-01,9.98,10.22,9.88,10.13,9.88,0.25,2.5304,9538020.0,96196653.51,1.4942,0
sh.603709,"中源家居",2026-06-01,16.15,16.87,15.81,16.72,16.15,0.57,3.5294,2597300.0,43016668.96,2.076,0
sh.603711,"香飘飘",2026-06-01,14.57,14.84,14.26,14.75,14.61,0.140000000000001,0.9582,6210090.0,90884595.4,1.5041,0
sh.603712,"七一二",2026-06-01,14.71,14.89,14.53,14.81,14.7,0.110000000000001,0.7483,9302681.0,136820171.55,1.205,0
sh.603713,"密尔克卫",2026-06-01,55.39,58.86,55.15,57.66,55.42,2.23999999999999,4.0419,6947201.0,399272048.51,4.3934,0
sh.603716,"塞力医疗",2026-06-01,16.7,17.52,16.33,17.28,17.03,0.25,1.468,8427813.0,144321735.09,3.7326,0
sh.603717,"天域生物",2026-06-01,6.54,7.07,6.47,6.92,6.59,0.33,5.0076,12614700.0,87134517.0,4.3477,0
sh.603718,"*ST海利",2026-06-01,3.51,3.61,3.38,3.55,3.56,-0.0100000000000002,-0.2809,19725500.0,68826943.0,3.0395,1
sh.603719,"良品铺子",2026-06-01,10.52,10.76,10.36,10.73,10.63,0.0999999999999996,0.9407,5276410.0,55856273.4,1.3158,0
sh.603721,"*ST天择",2026-06-01,24.95,24.95,24.95,24.95,24.95,0.0,,,,,1
sh.603722,"阿科力",2026-06-01,34.94,37.26,34.73,36.23,34.92,1.31,3.7514,2176699.0,78760898.95,2.2745,0
sh.603725,"天安新材",2026-06-01,11.32,12.21,11.29,12.21,11.1,1.11,10.0,9439095.0,111679546.31,3.2928,0
sh.603726,"朗迪集团",2026-06-01,27.2,27.5,26.51,26.82,27.2,-0.379999999999999,-1.3971,5365055.0,144963244.74,2.9046,0
sh.603727,"博迈科",2026-06-01,15.04,15.53,14.96,15.25,15.03,0.220000000000001,1.4637,2794703.0,42777270.2,0.992,0
sh.603728,"鸣志电器",2026-06-01,61.0,62.35,59.7,59.77,61.32,-1.55,-2.5277,9671263.0,588785040.94,2.3088,0
sh.603729,"ST龙韵",2026-06-01,13.07,13.7,13.06,13.57,13.06,0.51,3.9051,2031900.0,27370190.0,2.2046,1
sh.603730,"岱美股份",2026-06-01,12.75,12.95,12.5,12.69,12.88,-0.190000000000001,-1.4752,27966812.0,356258188.02,1.3016,0
sh.603733,"仙鹤股份",2026-06-01,22.76,24.56,22.57,24.33,22.85,1.48,6.477,12282505.0,292912246.03,1.7355,0
sh.603737,"三棵树",2026-06-01,30.75,31.5,29.8,31.48,30.19,1.29,4.2729,7759202.0,239777638.79,0.8764,0
sh.603738,"泰晶科技",2026-06-01,43.33,44.76,42.25,42.4,43.42,-1.02,-2.3491,40736175.0,1767720703.18,10.5565,0
sh.603739,"蔚蓝生物",2026-06-01,12.8,13.25,12.71,13.15,12.8,0.35,2.7344,5002580.0,65481766.56,1.9771,0
sh.603755,"日辰股份",2026-06-01,25.18,26.55,25.0,26.41,25.26,1.15,4.5527,2065600.0,53917558.0,2.0946,0
sh.603757,"大元泵业",2026-06-01,54.52,60.26,52.6,58.55,54.78,3.77,6.8821,20998690.0,1217568772.46,11.2565,0
sh.603758,"秦安股份",2026-06-01,10.91,11.14,10.8,11.06,10.9,0.16,1.4679,3149900.0,34735364.0,0.7178,0
sh.603759,"海天股份",2026-06-01,8.11,8.41,7.96,8.34,8.04,0.300000000000001,3.7313,6366220.0,52518556.16,1.3787,0
sh.603766,"隆鑫通用",2026-06-01,12.98,13.19,12.86,12.92,13.05,-0.130000000000001,-0.9962,15493597.0,201154164.8,0.7545,0
sh.603767,"中马传动",2026-06-01,17.87,18.41,17.6,17.96,17.92,0.0399999999999991,0.2232,10390800.0,187843941.0,3.3667,0
sh.603768,"常青股份",2026-06-01,11.09,11.79,11.07,11.6,11.68,-0.0800000000000001,-0.6849,11740400.0,135156767.0,4.9339,0
sh.603773,"沃格光电",2026-06-01,110.0,114.49,109.23,114.49,104.08,10.41,10.0019,12184150.0,1381952628.72,5.4234,0
sh.603776,"永安行",2026-06-01,19.25,19.71,19.04,19.46,19.25,0.210000000000001,1.0909,2534700.0,49323936.0,0.9028,0
sh.603777,"来伊份",2026-06-01,17.8,18.02,17.36,17.6,18.0,-0.399999999999999,-2.2222,10206985.0,180460738.73,3.0521,0
sh.603778,"国晟科技",2026-06-01,16.51,18.39,16.51,18.39,16.72,1.67,9.988,63959434.0,1126542855.02,9.9492,0
sh.603779,"威龙股份",2026-06-01,9.69,10.64,9.56,9.88,9.81,0.0700000000000003,0.7136,54147012.0,544736677.74,16.3053,0
sh.603786,"科博达",2026-06-01,48.5,49.28,47.85,48.43,47.95,0.479999999999997,1.001,2754144.0,133907216.04,0.682,0
sh.603787,"新日股份",2026-06-01,10.31,10.7,10.21,10.63,10.28,0.350000000000001,3.4047,4281308.0,45209362.96,1.8603,0
sh.603788,"宁波高发",2026-06-01,15.71,16.44,15.58,16.44,15.65,0.790000000000001,5.0479,4009700.0,65018599.0,1.7975,0
sh.603789,"*ST星农",2026-06-01,5.6,5.77,5.57,5.75,5.57,0.18,3.2316,2690500.0,15317259.0,1.0348,1
sh.603790,"雅运股份",2026-06-01,25.97,26.74,25.26,25.31,26.2,-0.890000000000001,-3.3969,3831790.0,98911482.0,2.0024,0
sh.603797,"联泰环保",2026-06-01,4.3,4.58,4.28,4.57,4.35,0.220000000000001,5.0575,8363060.0,37390380.8,1.4504,0
sh.603798,"康普顿",2026-06-01,15.59,16.88,15.48,16.15,15.57,0.579999999999998,3.7251,7832700.0,126672529.3,3.0543,0
sh.603799,"华友钴业",2026-06-01,54.08,55.15,53.46,53.48,54.8,-1.32,-2.4088,50129369.0,2716381785.58,2.6557,0
sh.603800,"洪田股份",2026-06-01,61.89,67.94,60.58,65.99,61.76,4.23,6.8491,17535046.0,1154713022.83,8.4303,0
sh.603801,"志邦家居",2026-06-01,7.45,7.67,7.36,7.65,7.45,0.2,2.6846,3522356.0,26718171.88,0.8109,0
sh.603803,"瑞斯康达",2026-06-01,13.44,13.6,13.19,13.29,13.5,-0.210000000000001,-1.5556,15718100.0,210377971.7,3.6994,0
sh.603806,"福斯特",2026-06-01,17.58,18.38,17.39,17.44,17.9,-0.459999999999997,-2.5698,51164638.0,909710236.86,1.9613,0
sh.603808,"歌力思",2026-06-01,9.1,9.98,8.93,9.98,9.07,0.91,10.0331,12308834.0,118726696.88,3.384,0
sh.603809,"豪能股份",2026-06-01,10.34,10.47,10.28,10.4,10.34,0.0600000000000005,0.5803,9122054.0,94764165.33,0.9912,0
sh.603810,"丰山集团",2026-06-01,13.18,14.12,13.18,13.99,13.45,0.540000000000001,4.0149,2331300.0,32359657.88,1.41,0
sh.603811,"诚意药业",2026-06-01,11.28,11.3,11.0,11.25,11.29,-0.0399999999999991,-0.3543,4823826.0,53838395.88,1.4738,0
sh.603813,"*ST原尚",2026-06-01,36.15,36.15,34.84,35.0,35.52,-0.520000000000003,-1.464,316200.0,11223883.0,0.3011,1
sh.603815,"交建股份",2026-06-01,7.1,7.3,7.02,7.11,7.13,-0.0199999999999996,-0.2805,18593777.0,132060001.22,3.0042,0
sh.603816,"顾家家居",2026-06-01,28.99,29.57,28.7,29.21,29.08,0.130000000000003,0.447,5820431.0,169741953.7,0.7167,0
sh.603817,"海峡环保",2026-06-01,6.21,6.47,6.21,6.43,6.23,0.199999999999999,3.2103,9629800.0,61356276.0,1.6892,0
sh.603818,"曲美家居",2026-06-01,3.16,3.38,3.11,3.32,3.15,0.17,5.3968,23245497.0,76448142.13,3.3859,0
sh.603819,"神力股份",2026-06-01,12.58,13.82,12.5,13.82,12.56,1.26,10.0318,11842035.0,160653409.7,5.4389,0
sh.603822,"ST嘉澳",2026-06-01,78.92,79.2,78.5,79.2,75.43,3.77,4.998,339000.0,26820171.0,0.4413,1
sh.603823,"百合花",2026-06-01,25.41,28.07,25.0,28.07,25.52,2.55,9.9922,19609146.0,543913425.9,4.7096,0
sh.603825,"ST华扬",2026-06-01,8.12,8.44,8.12,8.42,8.16,0.26,3.1863,1892405.0,15807334.21,0.747,1
sh.603826,"坤彩科技",2026-06-01,31.95,32.73,31.1,31.1,32.07,-0.969999999999999,-3.0246,7234663.0,229090730.37,1.1042,0
sh.603828,"*ST利达",2026-06-01,6.1,6.1,5.65,5.68,5.95,-0.27,-4.5378,5505351.0,31485172.22,0.9238,1
sh.603829,"洛凯股份",2026-06-01,23.99,24.86,23.74,23.86,23.75,0.109999999999999,0.4632,3959300.0,95840213.0,2.1256,0
sh.603833,"欧派家居",2026-06-01,38.91,39.88,38.33,39.64,39.18,0.460000000000001,1.1741,3221186.0,126916522.63,0.5288,0
sh.603836,"海程邦达",2026-06-01,12.72,13.33,12.61,13.23,12.72,0.51,4.0094,2851900.0,37463289.0,1.4257,0
sh.603838,"*ST四通",2026-06-01,9.1,9.4,8.88,9.33,9.08,0.25,2.7533,2078400.0,19179292.0,0.6495,1
sh.603839,"安正时尚",2026-06-01,6.83,7.28,6.62,7.21,6.82,0.39,5.7185,6933640.0,49309802.8,1.7916,0
sh.603843,"*ST正平",2026-06-01,7.95,8.12,7.86,7.95,8.11,-0.159999999999999,-1.9729,11457120.0,91656350.8,1.6376,1
sh.603848,"好太太",2026-06-01,14.29,14.84,14.18,14.78,14.47,0.309999999999999,2.1424,2289900.0,33459387.0,0.5691,0
sh.603855,"华荣股份",2026-06-01,17.5,18.14,17.37,18.05,17.5,0.550000000000001,3.1429,3202581.0,56972290.79,0.9545,0
sh.603856,"东宏股份",2026-06-01,12.02,13.2,11.95,13.06,12.0,1.06,8.8333,18854188.0,242950271.3,6.6846,0
sh.603858,"步长制药",2026-06-01,14.93,15.18,14.87,15.16,14.93,0.23,1.5405,5201261.0,78142423.08,0.4932,0
sh.603859,"能科科技",2026-06-01,42.0,44.73,41.94,43.9,41.59,2.31,5.5542,11624373.0,508028437.44,4.7505,0
sh.603860,"中公高科",2026-06-01,28.33,29.4,27.9,29.31,28.34,0.969999999999999,3.4227,1460900.0,42312098.0,2.1909,0
sh.603861,"白云电器",2026-06-01,17.0,18.38,17.0,17.65,17.05,0.599999999999998,3.5191,40302140.0,720683564.89,7.6245,0
sh.603863,"松炀资源",2026-06-01,15.86,16.23,15.66,16.01,15.82,0.190000000000001,1.201,4562400.0,73235777.0,2.2294,0
sh.603866,"桃李面包",2026-06-01,4.75,4.87,4.69,4.87,4.76,0.11,2.3109,11241575.0,53828605.58,0.7027,0
sh.603867,"新化股份",2026-06-01,38.4,38.9,36.8,36.9,37.96,-1.06,-2.7924,7853088.0,295322362.05,3.641,0
sh.603868,"飞科电器",2026-06-01,37.28,38.99,37.01,38.48,37.28,1.2,3.2189,3445101.0,132038727.3,0.7909,0
sh.603869,"ST智知",2026-06-01,10.38,10.56,10.25,10.43,10.32,0.109999999999999,1.0659,755170.0,7860385.1,0.1528,1
sh.603871,"嘉友国际",2026-06-01,11.7,12.41,11.69,12.25,11.66,0.59,5.06,23905052.0,290280979.5,1.7474,0
sh.603876,"鼎胜新材",2026-06-01,26.98,29.1,26.8,28.06,26.45,1.61,6.087,43874819.0,1246831784.08,4.7214,0
sh.603877,"太平鸟",2026-06-01,12.69,13.86,12.48,13.86,12.6,1.26,10.0,5134261.0,68626505.96,1.094,0
sh.603878,"武进不锈",2026-06-01,6.54,7.18,6.42,6.89,6.54,0.35,5.3517,19949953.0,137188920.39,3.5552,0
sh.603879,"永悦科技",2026-06-01,4.94,5.25,4.82,5.2,4.95,0.25,5.0505,12603050.0,64919993.0,3.5072,0
sh.603880,"南卫股份",2026-06-01,8.19,8.56,8.01,8.23,8.23,0.0,0.0,8318512.0,69166618.76,2.878,0
sh.603881,"数据港",2026-06-01,35.41,36.08,35.2,35.71,35.4,0.310000000000002,0.8757,19056837.0,680956701.18,2.6528,0
sh.603882,"金域医学",2026-06-01,25.39,26.32,25.21,26.07,25.6,0.469999999999999,1.8359,6106077.0,157338466.79,1.327,0
sh.603883,"老百姓",2026-06-01,12.26,12.55,12.23,12.52,12.26,0.26,2.1207,8764735.0,108821221.47,1.1549,0
sh.603885,"吉祥航空",2026-06-01,11.75,12.1,11.62,11.92,11.9,0.0199999999999996,0.1681,23112728.0,275103309.23,1.0583,0
sh.603886,"元祖股份",2026-06-01,10.53,11.16,10.43,11.12,10.5,0.619999999999999,5.9048,4139600.0,45266444.0,1.7248,0
sh.603887,"城地香江",2026-06-01,12.26,12.55,12.16,12.29,12.26,0.0299999999999994,0.2447,10350765.0,127593033.07,1.7193,0
sh.603888,"新华网",2026-06-01,18.3,19.05,18.3,18.84,18.26,0.579999999999998,3.1763,10668500.0,200288180.1,1.5811,0
sh.603889,"新澳股份",2026-06-01,5.77,6.13,5.77,6.1,5.77,0.33,5.7192,24573812.0,147964007.8,2.6083,0
sh.603890,"春秋电子",2026-06-01,27.29,27.29,27.29,27.29,24.81,2.48,9.996,4326114.0,118059651.06,0.9682,0
sh.603893,"瑞芯微",2026-06-01,178.0,190.5,177.9,180.66,175.67,4.99000000000001,2.8406,18135156.0,3366973173.38,4.3085,0
sh.603895,"天永智能",2026-06-01,38.1,39.34,36.89,37.09,38.8,-1.70999999999999,-4.4072,3412200.0,128881997.0,3.1571,0
sh.603896,"寿仙谷",2026-06-01,15.37,15.85,15.26,15.79,15.44,0.35,2.2668,1500780.0,23460781.2,0.757,0
sh.603897,"长城科技",2026-06-01,48.68,49.61,46.85,47.0,48.68,-1.68,-3.4511,6977567.0,332709925.03,3.38,0
sh.603898,"好莱客",2026-06-01,12.53,12.77,12.35,12.67,12.52,0.15,1.1981,2165900.0,27365382.0,0.6957,0
sh.603899,"晨光股份",2026-06-01,22.85,23.25,22.41,23.24,23.05,0.189999999999998,0.8243,7686185.0,175728679.15,0.8346,0
sh.603900,"莱绅通灵",2026-06-01,6.64,6.93,6.62,6.89,6.71,0.18,2.6826,7047052.0,48162535.7,2.0562,0
sh.603901,"永创智能",2026-06-01,11.36,11.43,11.11,11.28,11.28,0.0,0.0,9180040.0,103816030.74,1.6991,0
sh.603903,"中持股份",2026-06-01,10.83,11.73,10.81,11.56,10.97,0.59,5.3783,8934064.0,102336027.64,3.4992,0
sh.603906,"龙蟠科技",2026-06-01,25.18,26.17,25.16,25.3,25.24,0.0600000000000023,0.2377,23335200.0,599400372.93,4.1448,0
sh.603908,"牧高笛",2026-06-01,20.41,21.82,20.13,21.64,20.49,1.15,5.6125,2033680.0,43296026.2,2.1838,0
sh.603909,"建发合诚",2026-06-01,10.44,10.71,10.21,10.55,10.34,0.210000000000001,2.0309,3890607.0,41073244.6,1.4925,0
sh.603912,"佳力图",2026-06-01,9.03,9.27,8.95,8.98,9.15,-0.17,-1.8579,16714376.0,152104277.12,3.0846,0
sh.603915,"国茂股份",2026-06-01,16.2,16.32,15.62,15.66,16.36,-0.699999999999999,-4.2787,10894500.0,173195091.0,1.6591,0
sh.603916,"苏博特",2026-06-01,14.12,14.12,13.6,13.73,13.91,-0.18,-1.294,10899693.0,150501000.12,2.5931,0
sh.603917,"合力科技",2026-06-01,12.25,12.74,12.06,12.41,12.29,0.120000000000001,0.9764,6457820.0,80636042.6,3.1681,0
sh.603918,"金桥信息",2026-06-01,11.24,11.86,11.21,11.71,11.25,0.460000000000001,4.0889,12450109.0,145054867.2,3.41,0
sh.603919,"金徽酒",2026-06-01,20.75,21.81,20.0,21.61,21.46,0.149999999999999,0.699,19638858.0,413003438.33,3.8716,0
sh.603920,"世运电路",2026-06-01,61.0,61.34,55.83,55.98,61.22,-5.24,-8.5593,41290981.0,2378974974.26,5.7301,0
sh.603922,"ST金鸿顺",2026-06-01,15.33,15.68,15.04,15.32,15.83,-0.51,-3.2217,3523740.0,53739681.8,1.9664,1
sh.603926,"铁流股份",2026-06-01,20.3,20.72,19.93,20.39,20.6,-0.210000000000001,-1.0194,4101745.0,83662705.8,1.7769,0
sh.603927,"中科软",2026-06-01,14.84,15.71,14.81,15.51,14.81,0.699999999999999,4.7265,13940575.0,214794353.46,1.6775,0
sh.603928,"兴业股份",2026-06-01,15.29,15.73,15.27,15.53,15.32,0.209999999999999,1.3708,3804640.0,59371271.7,1.4517,0
sh.603929,"亚翔集成",2026-06-01,149.96,152.7,146.0,146.56,151.2,-4.63999999999999,-3.0688,4353395.0,650234162.1,2.0404,0
sh.603931,"格林达",2026-06-01,64.6,67.2,62.0,65.81,64.0,1.81,2.8281,11062338.0,721048030.3,5.5434,0
sh.603933,"睿能科技",2026-06-01,24.0,24.35,23.67,23.85,24.05,-0.199999999999999,-0.8316,5905500.0,141955465.0,2.8454,0
sh.603936,"博敏电子",2026-06-01,23.4,24.52,22.0,22.36,23.98,-1.62,-6.7556,64818122.0,1501954654.89,10.2821,0
sh.603937,"丽岛新材",2026-06-01,14.32,15.33,14.3,15.04,14.43,0.609999999999999,4.2273,9417248.0,141544942.78,4.5082,0
sh.603938,"三孚股份",2026-06-01,44.5,45.78,41.74,41.81,45.31,-3.5,-7.7246,31160577.0,1346067383.73,8.1439,0
sh.603939,"益丰药房",2026-06-01,20.85,21.16,20.65,20.93,21.14,-0.210000000000001,-0.9934,11912083.0,248546831.11,0.9825,0
sh.603948,"建业股份",2026-06-01,25.27,26.44,25.2,26.23,25.41,0.82,3.2271,1679300.0,43644621.0,1.0335,0
sh.603949,"雪龙集团",2026-06-01,15.78,16.18,15.67,16.05,15.78,0.270000000000001,1.711,2634419.0,42143354.13,1.2533,0
sh.603950,"长源东谷",2026-06-01,71.49,73.0,68.0,69.56,72.99,-3.42999999999999,-4.6993,6739609.0,475363892.81,2.0827,0
sh.603955,"大千生态",2026-06-01,23.88,25.3,23.88,24.49,23.69,0.799999999999997,3.377,3920640.0,96655491.4,2.8888,0
sh.603956,"威派格",2026-06-01,5.64,5.72,5.4,5.61,5.69,-0.0800000000000001,-1.406,19150200.0,107280161.0,3.3602,0
sh.603958,"哈森股份",2026-06-01,20.5,22.27,20.41,21.31,20.71,0.599999999999998,2.8972,7535962.0,162554613.54,3.4354,0
sh.603959,"ST百利",2026-06-01,4.39,4.56,4.26,4.56,4.34,0.22,5.0691,15899135.0,71587630.6,3.2427,1
sh.603960,"克来机电",2026-06-01,20.5,20.71,20.05,20.2,20.64,-0.440000000000001,-2.1318,9911850.0,201193379.0,3.7803,0
sh.603966,"法兰泰克",2026-06-01,9.04,9.6,9.02,9.52,9.03,0.49,5.4264,16610803.0,155899630.82,3.1995,0
sh.603967,"中创物流",2026-06-01,12.02,12.59,11.91,12.52,11.95,0.57,4.7699,4661690.0,57401484.6,1.3447,0
sh.603968,"醋化股份",2026-06-01,12.5,12.66,12.0,12.63,12.4,0.23,1.8548,12613600.0,156863905.0,6.1686,0
sh.603969,"银龙股份",2026-06-01,7.68,8.28,7.62,8.06,7.69,0.37,4.8114,20662873.0,166307378.34,2.4321,0
sh.603970,"中农立华",2026-06-01,11.48,11.91,11.41,11.81,11.5,0.31,2.6957,2466628.0,28955942.04,0.9176,0
sh.603976,"正川股份",2026-06-01,21.46,22.12,21.07,21.76,21.66,0.100000000000001,0.4617,3947900.0,85882832.0,2.611,0
sh.603977,"国泰集团",2026-06-01,15.07,15.99,14.95,15.48,15.09,0.390000000000001,2.5845,34234540.0,532362671.32,5.5107,0
sh.603978,"深圳新星",2026-06-01,28.42,29.27,28.15,28.3,28.66,-0.359999999999999,-1.2561,8032192.0,230636624.14,3.805,0
sh.603979,"金诚信",2026-06-01,74.0,75.97,72.69,73.31,74.18,-0.870000000000005,-1.1728,7380961.0,545657316.77,1.1832,0
sh.603980,"吉华集团",2026-06-01,5.62,5.85,5.57,5.78,5.61,0.17,3.0303,16576140.0,95572798.2,2.4491,0
sh.603982,"泉峰汽车",2026-06-01,6.75,6.98,6.6,6.93,6.75,0.18,2.6667,6986080.0,48031738.67,2.0574,0
sh.603983,"丸美生物",2026-06-01,23.66,24.44,23.49,24.33,23.68,0.649999999999999,2.7449,2648874.0,63766566.42,0.6606,0
sh.603985,"恒润股份",2026-06-01,23.5,23.76,22.87,22.97,23.6,-0.630000000000003,-2.6695,13869605.0,322396676.47,3.146,0
sh.603986,"兆易创新",2026-06-01,476.0,489.96,455.0,468.0,467.01,0.990000000000009,0.212,52158648.0,24676174086.48,7.81,0
sh.603987,"康德莱",2026-06-01,7.47,7.76,7.41,7.7,7.49,0.21,2.8037,5484370.0,41842413.2,1.2556,0
sh.603988,"中电电机",2026-06-01,21.67,22.09,21.42,21.62,21.42,0.199999999999999,0.9337,5029780.0,109352851.0,2.1385,0
sh.603989,"艾华集团",2026-06-01,34.47,35.59,32.23,32.23,35.81,-3.58000000000001,-9.9972,27694945.0,925063177.92,6.9449,0
sh.603990,"麦迪科技",2026-06-01,19.76,21.26,19.75,20.65,19.63,1.02,5.1961,31278175.0,648308151.17,10.2122,0
sh.603991,"至正股份",2026-06-01,104.0,113.69,103.04,113.69,103.35,10.34,10.0048,2542600.0,282479823.0,3.4113,0
sh.603992,"松霖科技",2026-06-01,28.2,29.58,28.01,29.5,28.06,1.44,5.1319,4933094.0,142767896.45,1.1135,0
sh.603993,"洛阳钼业",2026-06-01,18.55,18.93,18.31,18.42,18.51,-0.0899999999999999,-0.4862,161174291.0,2999123213.78,0.9231,0
sh.603995,"甬金股份",2026-06-01,20.35,20.72,19.93,20.49,20.18,0.309999999999999,1.5362,12540098.0,254997281.79,3.4298,0
sh.603997,"继峰股份",2026-06-01,13.9,14.14,13.63,13.71,13.91,-0.199999999999999,-1.4378,18314850.0,254432512.3,1.4395,0
sh.603998,"方盛制药",2026-06-01,9.88,10.21,9.86,10.16,9.9,0.26,2.6263,5772700.0,57977505.0,1.3147,0
sh.603999,"读者传媒",2026-06-01,5.92,6.14,5.86,6.12,5.95,0.17,2.8571,10381758.0,62940486.8,1.8024,0
sh.605001,"威奥股份",2026-06-01,6.28,6.56,6.17,6.52,6.29,0.23,3.6566,6083004.0,39245951.04,1.5483,0
sh.605003,"众望布艺",2026-06-01,24.56,25.18,22.55,24.97,23.98,0.989999999999998,4.1284,1281425.0,31700794.5,1.1649,0
sh.605005,"合兴股份",2026-06-01,16.88,16.95,16.58,16.75,16.86,-0.109999999999999,-0.6524,2818402.0,47139237.08,0.7028,0
sh.605006,"山东玻纤",2026-06-01,17.4,18.4,16.49,16.49,18.32,-1.83,-9.9891,64470907.0,1109788920.33,10.2602,0
sh.605007,"五洲特纸",2026-06-01,13.87,14.33,13.61,14.24,14.16,0.0800000000000001,0.565,4596100.0,64949971.0,1.1446,0
sh.605008,"长鸿高科",2026-06-01,11.0,11.4,10.91,11.3,11.0,0.300000000000001,2.7273,2076660.0,23308788.8,0.3215,0
sh.605009,"豪悦护理",2026-06-01,25.07,26.29,24.98,26.08,25.25,0.829999999999998,3.2871,2150328.0,55343258.54,1.0,0
sh.605011,"杭州热电",2026-06-01,22.42,23.08,21.38,23.06,22.38,0.68,3.0384,13682190.0,309018175.21,3.4197,0
sh.605016,"百龙创园",2026-06-01,24.91,25.68,24.7,25.57,24.7,0.870000000000001,3.5223,5621312.0,142193122.47,1.3384,0
sh.605018,"长华集团",2026-06-01,13.71,14.06,13.18,13.85,13.57,0.279999999999999,2.0634,8150000.0,112378726.0,1.7338,0
sh.605020,"永和股份",2026-06-01,33.01,36.18,33.01,35.11,33.16,1.95,5.8806,35770751.0,1261873936.38,7.1126,0
sh.605028,"世茂能源",2026-06-01,23.1,23.5,22.68,23.28,23.1,0.18,0.7792,1174900.0,27232975.0,0.7343,0
sh.605033,"美邦股份",2026-06-01,19.8,20.7,19.58,20.5,19.8,0.699999999999999,3.5354,2464910.0,50022169.1,1.8232,0
sh.605050,"福然德",2026-06-01,10.82,11.07,10.79,11.02,10.82,0.199999999999999,1.8484,2882400.0,31636178.0,0.5849,0
sh.605055,"迎丰股份",2026-06-01,14.45,14.6,12.96,12.96,14.4,-1.44,-10.0,9876000.0,130824337.0,2.2445,0
sh.605056,"咸亨国际",2026-06-01,21.8,22.08,21.18,21.2,21.79,-0.59,-2.7077,6527199.0,140603782.82,1.6181,0
sh.605058,"澳弘电子",2026-06-01,39.09,40.98,38.0,40.28,39.93,0.350000000000001,0.8765,7182479.0,285667694.76,5.0254,0
sh.605060,"联德股份",2026-06-01,50.33,51.65,49.0,49.52,49.87,-0.349999999999994,-0.7018,5944700.0,298634962.0,2.4879,0
sh.605066,"天正电气",2026-06-01,7.77,7.85,7.58,7.58,7.65,-0.0700000000000003,-0.915,30125025.0,231134588.0,5.9958,0
sh.605068,"明新旭腾",2026-06-01,23.68,24.11,23.1,23.15,23.65,-0.5,-2.1142,2077200.0,48843745.0,1.2807,0
sh.605069,"正和生态",2026-06-01,12.01,12.69,11.74,12.38,11.86,0.520000000000001,4.3845,11505500.0,143022821.0,5.4349,0
sh.605077,"华康股份",2026-06-01,17.49,18.75,17.39,18.0,17.59,0.41,2.3309,22802248.0,415118717.82,7.6152,0
sh.605080,"浙江自然",2026-06-01,24.7,25.1,24.29,24.66,24.72,-0.0599999999999987,-0.2427,1734220.0,42787588.4,1.2356,0
sh.605081,"*ST太和",2026-06-01,5.03,5.03,5.03,5.03,5.03,0.0,,,,,1
sh.605086,"龙高股份",2026-06-01,30.9,34.0,30.9,32.21,31.1,1.11,3.5691,5390500.0,176512683.0,3.0081,0
sh.605088,"冠盛股份",2026-06-01,34.5,35.42,34.0,34.45,34.5,-0.0499999999999972,-0.1449,4794063.0,165784479.42,2.4004,0
sh.605089,"味知香",2026-06-01,22.47,23.33,22.1,23.31,22.49,0.82,3.6461,1712487.0,39129602.84,1.2409,0
sh.605090,"九丰能源",2026-06-01,36.69,37.68,36.61,37.07,36.33,0.740000000000002,2.0369,11567163.0,430046768.83,1.6418,0
sh.605098,"行动教育",2026-06-01,57.82,58.28,56.63,56.83,57.67,-0.840000000000003,-1.4566,1598004.0,91582468.32,1.34,0
sh.605099,"共创草坪",2026-06-01,42.28,44.94,42.28,44.94,42.4,2.54,5.9906,8444681.0,369868409.66,2.1035,0
sh.605100,"华丰股份",2026-06-01,35.48,37.61,35.11,36.56,35.45,1.11,3.1312,5085474.0,186847025.84,2.1376,0
sh.605108,"同庆楼",2026-06-01,13.5,13.9,13.3,13.9,13.53,0.370000000000001,2.7347,3038624.0,41673139.96,1.1687,0
sh.605111,"新洁能",2026-06-01,65.55,66.61,61.6,62.05,66.61,-4.56,-6.8458,34366998.0,2178263290.53,8.2746,0
sh.605116,"奥锐特",2026-06-01,19.66,20.18,19.66,19.96,19.83,0.130000000000003,0.6556,2337300.0,46564100.0,0.5754,0
sh.605117,"德业股份",2026-06-01,116.33,122.36,113.05,114.0,115.64,-1.64,-1.4182,24904119.0,2921595303.6,1.9562,0
sh.605118,"力鼎光电",2026-06-01,36.01,36.8,35.3,36.02,36.0,0.0200000000000031,0.0556,3108600.0,112290627.0,0.7603,0
sh.605122,"四方新材",2026-06-01,12.93,13.51,12.8,13.43,12.93,0.5,3.867,3903100.0,51982495.2,2.2646,0
sh.605123,"派克新材",2026-06-01,99.01,101.5,98.74,99.16,99.99,-0.829999999999998,-0.8301,3251284.0,325570329.64,2.6832,0
sh.605128,"上海沿浦",2026-06-01,33.49,34.98,33.21,34.7,33.33,1.37,4.1104,4660174.0,160291863.81,2.2072,0
sh.605133,"嵘泰股份",2026-06-01,36.08,36.47,34.4,35.75,36.1,-0.350000000000001,-0.9695,13370290.0,473229465.4,4.7393,0
sh.605136,"丽人丽妆",2026-06-01,9.27,10.32,9.2,10.0,9.39,0.609999999999999,6.4963,20590653.0,204762087.39,5.1418,0
sh.605138,"盛泰集团",2026-06-01,6.85,7.25,6.7,7.15,6.87,0.28,4.0757,6387000.0,45088339.0,1.1496,0
sh.605151,"西上海",2026-06-01,21.55,22.31,21.22,22.02,21.66,0.359999999999999,1.662,2035615.0,44669636.05,1.5129,0
sh.605155,"西大门",2026-06-01,15.13,15.74,15.06,15.52,15.13,0.389999999999999,2.5777,2607584.0,40516007.0,1.3957,0
sh.605158,"华达新材",2026-06-01,6.95,7.06,6.8,7.01,6.95,0.0599999999999996,0.8633,4345690.0,30300852.8,0.8497,0
sh.605162,"新中港",2026-06-01,9.89,10.25,9.55,10.2,9.8,0.399999999999999,4.0816,22750381.0,227662935.97,5.1527,0
sh.605166,"聚合顺",2026-06-01,10.05,11.06,9.96,10.67,10.05,0.619999999999999,6.1692,15563279.0,166305138.81,4.9449,0
sh.605167,"利柏特",2026-06-01,15.15,15.61,14.81,15.31,15.01,0.300000000000001,1.9987,9005825.0,137347843.61,2.0053,0
sh.605168,"三人行",2026-06-01,49.2,52.65,48.18,50.31,49.18,1.13,2.2977,9301925.0,468704688.44,4.4123,0
sh.605169,"洪通燃气",2026-06-01,11.35,11.94,11.26,11.89,11.39,0.5,4.3898,3596298.0,42231376.85,1.2713,0
sh.605177,"东亚药业",2026-06-01,23.88,24.7,22.44,22.76,23.77,-1.01,-4.2491,13387026.0,313614148.55,11.7789,0
sh.605178,"时空科技",2026-06-01,66.71,66.75,63.8,63.86,67.21,-3.34999999999999,-4.9844,2791000.0,182069812.81,2.8169,0
sh.605179,"一鸣食品",2026-06-01,15.26,15.61,15.1,15.55,15.41,0.140000000000001,0.9085,3897600.0,60095251.0,0.972,0
sh.605180,"华生科技",2026-06-01,13.44,14.22,13.29,14.06,13.46,0.6,4.4577,4623783.0,64556171.85,2.736,0
sh.605183,"确成股份",2026-06-01,16.18,16.2,15.62,15.99,16.16,-0.17,-1.052,3327550.0,52787483.82,0.8068,0
sh.605186,"健麾信息",2026-06-01,26.6,27.93,26.51,27.26,26.6,0.66,2.4812,9659200.0,264659530.0,7.1024,0
sh.605188,"国光连锁",2026-06-01,14.1,14.84,13.83,14.69,14.31,0.379999999999999,2.6555,12713800.0,183276693.0,2.5308,0
sh.605189,"富春染织",2026-06-01,14.74,14.95,14.46,14.65,14.74,-0.0899999999999999,-0.6106,6830148.0,100492530.83,2.867,0
sh.605196,"华通线缆",2026-06-01,39.64,43.46,39.54,42.56,39.51,3.05,7.7196,31316964.0,1335378158.42,6.2018,0
sh.605198,"安德利",2026-06-01,57.77,60.4,57.23,57.88,56.73,1.15000000000001,2.0271,5041200.0,298267313.0,1.8634,0
sh.605199,"ST葫芦娃",2026-06-01,6.7,6.81,6.66,6.81,6.75,0.0599999999999996,0.8889,2169600.0,14624727.0,0.5423,1
sh.605208,"永茂泰",2026-06-01,14.18,14.75,14.11,14.31,14.02,0.290000000000001,2.0685,9301635.0,134612985.5,2.8192,0
sh.605218,"伟时电子",2026-06-01,16.2,17.45,15.88,16.55,16.2,0.350000000000001,2.1605,8543453.0,142869120.53,4.0141,0
sh.605222,"起帆电缆",2026-06-01,30.4,30.5,29.42,29.48,30.26,-0.780000000000001,-2.5777,6815400.0,203344603.0,1.6506,0
sh.605228,"神通科技",2026-06-01,12.82,12.98,12.65,12.74,12.94,-0.199999999999999,-1.5456,3720787.0,47521884.42,0.7798,0
sh.605255,"天普股份",2026-06-01,92.01,92.98,84.2,86.1,93.56,-7.46000000000001,-7.9735,2025313.0,176920517.15,1.5105,0
sh.605258,"协和电子",2026-06-01,35.2,37.86,34.86,36.92,35.85,1.07,2.9847,4962100.0,180675832.0,5.6388,0
sh.605259,"绿田机械",2026-06-01,18.43,19.67,18.1,19.43,18.29,1.14,6.2329,3017873.0,57551901.37,1.7497,0
sh.605266,"健之佳",2026-06-01,17.88,18.95,17.88,18.86,18.04,0.82,4.5455,2628894.0,48692582.66,1.7011,0
sh.605268,"王力安防",2026-06-01,10.34,10.77,10.31,10.73,10.44,0.290000000000001,2.7778,3870000.0,41181102.0,0.8784,0
sh.605277,"新亚电子",2026-06-01,25.6,27.08,25.39,25.74,24.62,1.12,4.5491,58005452.0,1519013336.32,18.233,0
sh.605286,"同力天启",2026-06-01,34.79,36.26,34.05,35.7,34.24,1.46,4.264,3258000.0,115344428.0,1.9393,0
sh.605287,"德才股份",2026-06-01,42.44,44.42,42.01,43.33,42.01,1.32,3.1421,6038620.0,261774079.8,4.3133,0
sh.605288,"凯迪股份",2026-06-01,91.48,92.31,86.0,86.33,90.4,-4.07000000000001,-4.5022,1313500.0,115748479.0,1.8711,0
sh.605289,"罗曼股份",2026-06-01,118.89,118.89,106.81,106.81,118.68,-11.87,-10.0017,6728920.0,744470414.2,4.4365,0
sh.605296,"神农集团",2026-06-01,27.07,27.55,26.81,27.2,27.12,0.0799999999999983,0.295,2591470.0,70405553.1,0.5003,0
sh.605298,"必得科技",2026-06-01,52.25,57.51,52.14,57.51,52.28,5.23,10.0038,2393500.0,134222200.0,1.2851,0
sh.605299,"舒华体育",2026-06-01,17.31,18.55,16.87,18.09,17.38,0.710000000000001,4.0852,29244487.0,525677296.84,7.1738,0
sh.605300,"佳禾食品",2026-06-01,10.62,10.73,10.32,10.45,10.73,-0.280000000000001,-2.6095,10748709.0,112725839.44,2.3655,0
sh.605303,"园林股份",2026-06-01,24.99,26.68,24.75,26.02,24.51,1.51,6.1608,11865750.0,307316086.0,7.3592,0
sh.605305,"中际联合",2026-06-01,41.99,42.76,40.68,40.92,41.21,-0.289999999999999,-0.7037,5802974.0,241166186.15,2.7306,0
sh.605318,"法狮龙",2026-06-01,92.12,95.48,89.61,92.95,92.12,0.829999999999998,0.901,1532900.0,142697923.0,1.2192,0
sh.605319,"无锡振华",2026-06-01,24.0,25.55,23.76,24.87,24.16,0.710000000000001,2.9387,6099460.0,151411227.4,1.752,0
sh.605333,"沪光股份",2026-06-01,20.29,21.01,20.16,20.61,20.19,0.419999999999998,2.0802,3063438.0,63216063.8,0.6602,0
sh.605336,"*ST帅电",2026-06-01,15.98,16.7,15.92,16.7,15.9,0.799999999999999,5.0314,2692930.0,44593705.0,1.4682,1
sh.605337,"李子园",2026-06-01,9.81,10.2,9.72,10.14,9.93,0.210000000000001,2.1148,4819092.0,48314488.83,1.2353,0
sh.605338,"巴比食品",2026-06-01,21.31,22.27,21.08,22.06,21.31,0.75,3.5195,3954800.0,86772409.0,1.6508,0
sh.605339,"南侨食品",2026-06-01,14.21,14.64,14.16,14.54,14.35,0.19,1.324,1415200.0,20527923.0,0.3335,0
sh.605358,"立昂微",2026-06-01,55.32,59.0,52.35,56.1,55.38,0.719999999999999,1.3001,72464373.0,4047311904.56,10.7934,0
sh.605365,"立达信",2026-06-01,17.3,17.43,16.74,17.32,17.12,0.199999999999999,1.1682,5241200.0,90455203.0,1.044,0
sh.605366,"宏柏新材",2026-06-01,10.81,11.0,10.25,10.68,11.03,-0.35,-3.1732,25749628.0,274285831.04,3.3179,0
sh.605368,"蓝天燃气",2026-06-01,6.98,7.22,6.95,7.22,6.94,0.279999999999999,4.0346,5967260.0,42541190.0,0.835,0
sh.605369,"拱东医疗",2026-06-01,18.2,18.74,17.77,18.56,18.33,0.23,1.2548,1609350.0,29783799.04,0.7299,0
sh.605376,"博迁新材",2026-06-01,180.93,193.58,178.18,178.78,178.33,0.449999999999989,0.2523,21534774.0,3977180864.27,8.2319,0
sh.605377,"华旺科技",2026-06-01,9.2,9.47,9.16,9.37,9.28,0.0899999999999999,0.9698,7912224.0,73998762.96,1.4213,0
sh.605378,"野马电池",2026-06-01,16.81,17.2,16.51,17.09,16.61,0.48,2.8898,2908392.0,49585167.28,1.1128,0
sh.605388,"均瑶健康",2026-06-01,6.14,6.26,6.06,6.17,6.2,-0.0300000000000002,-0.4839,8774520.0,54219488.8,1.4612,0
sh.605389,"长龄液压",2026-06-01,86.34,87.08,82.28,82.92,85.14,-2.22,-2.6075,2503990.0,211026334.8,1.4135,0
sh.605398,"新炬网络",2026-06-01,22.51,24.76,22.51,24.76,22.51,2.25,9.9956,3649690.0,87459399.21,2.243,0
sh.605399,"晨光新材",2026-06-01,14.07,14.55,13.82,14.16,14.25,-0.0899999999999999,-0.6316,6957367.0,99480621.14,2.2333,0
sh.605488,"福莱新材",2026-06-01,33.71,34.8,33.32,33.41,34.06,-0.650000000000006,-1.9084,6236060.0,211759041.2,2.2577,0
sh.605499,"东鹏饮料",2026-06-01,142.57,153.0,142.01,152.3,142.44,9.86000000000001,6.9222,11590203.0,1713401291.3,1.7145,0
sh.605500,"森林包装",2026-06-01,8.21,8.54,8.09,8.1,8.9,-0.800000000000001,-8.9888,20544089.0,170181813.95,4.9576,0
sh.605507,"国邦医药",2026-06-01,15.45,15.88,15.35,15.83,15.31,0.52,3.3965,5241523.0,82434538.86,0.67,0
sh.605555,"德昌股份",2026-06-01,14.8,15.15,14.8,15.05,14.9,0.15,1.0067,4037875.0,60432389.42,0.8342,0
sh.605566,"福莱蒽特",2026-06-01,37.08,41.75,36.3,41.75,37.95,3.8,10.0132,10733044.0,437785410.78,8.0494,0
sh.605567,"春雪食品",2026-06-01,9.55,10.07,9.44,10.02,9.63,0.389999999999999,4.0498,5405844.0,53436543.96,2.7029,0
sh.605577,"龙版传媒",2026-06-01,10.34,10.85,10.27,10.8,10.34,0.460000000000001,4.4487,4687500.0,49940552.0,1.0547,0
sh.605580,"恒盛能源",2026-06-01,28.75,29.0,27.26,27.26,30.29,-3.03,-10.0033,14943323.0,412105776.26,5.3369,0
sh.605588,"冠石科技",2026-06-01,55.12,57.92,55.11,56.25,56.32,-0.0700000000000003,-0.1243,2951100.0,167454412.0,4.0371,0
sh.605589,"圣泉集团",2026-06-01,47.0,51.03,47.0,49.2,46.39,2.81,6.0573,80509731.0,4003265580.27,9.5174,0
sh.605598,"上海港湾",2026-06-01,46.47,47.01,44.4,44.54,46.4,-1.86,-4.0086,3401730.0,155220010.3,1.3998,0
sh.605599,"菜百股份",2026-06-01,15.96,16.02,15.52,16.02,16.01,0.00999999999999801,0.0625,8285814.0,130697757.18,1.0653,0
sh.688001,"华兴源创",2026-06-01,71.5,73.99,67.26,69.7,71.45,-1.75,-2.4493,13366594.0,939523267.77,2.8345,0
sh.688002,"睿创微纳",2026-06-01,127.64,129.5,120.47,121.03,127.8,-6.77,-5.2973,11562010.0,1437157778.47,2.4825,0
sh.688003,"天准科技",2026-06-01,102.11,104.51,94.0,94.7,101.96,-7.25999999999999,-7.1204,6731038.0,656046223.64,3.4639,0
sh.688004,"博汇科技",2026-06-01,21.08,22.26,20.61,21.76,21.04,0.720000000000002,3.4221,3076592.0,66842885.97,3.8415,0
sh.688005,"容百科技",2026-06-01,31.78,33.88,31.48,32.88,31.0,1.88,6.0645,32856981.0,1087478943.12,4.5978,0
sh.688006,"杭可科技",2026-06-01,39.01,42.57,36.29,36.66,39.65,-2.99,-7.541,38764336.0,1514049165.36,6.4214,0
sh.688007,"光峰科技",2026-06-01,13.95,14.17,13.68,13.73,13.81,-0.0800000000000001,-0.5793,7928972.0,110378476.0,1.7251,0
sh.688008,"澜起科技",2026-06-01,250.88,252.8,232.12,232.3,253.0,-20.7,-8.1818,71986274.0,17309417346.42,6.2792,0
sh.688009,"中国通号",2026-06-01,4.81,4.94,4.75,4.9,4.8,0.100000000000001,2.0833,64763766.0,315213198.44,0.7512,0
sh.688010,"福光股份",2026-06-01,37.61,38.11,35.85,35.94,37.15,-1.21,-3.2571,7531885.0,277910715.23,4.691,0
sh.688011,"新光光电",2026-06-01,57.8,58.88,56.01,56.31,57.8,-1.48999999999999,-2.5779,1326040.0,76174666.1,1.3305,0
sh.688012,"中微公司",2026-06-01,290.0,291.73,271.5,273.0,297.68,-24.68,-8.2908,32573167.0,9101783530.95,3.4764,0
sh.688013,"天臣医疗",2026-06-01,29.06,30.03,28.81,29.41,29.03,0.379999999999999,1.309,946333.0,28016771.54,1.1661,0
sh.688015,"交控科技",2026-06-01,18.38,18.88,18.04,18.67,18.38,0.290000000000003,1.5778,2023854.0,37582895.16,1.0726,0
sh.688016,"心脉医疗",2026-06-01,102.1,102.5,100.19,100.5,102.14,-1.64,-1.6056,1473877.0,148861025.39,1.1957,0
sh.688017,"绿的谐波",2026-06-01,305.0,309.68,287.0,287.3,306.0,-18.7,-6.1111,11690353.0,3458758786.57,6.3767,0
sh.688018,"乐鑫科技",2026-06-01,170.92,175.68,164.28,164.78,167.6,-2.81999999999999,-1.6826,6031931.0,1031339957.81,3.6028,0
sh.688019,"安集科技",2026-06-01,286.66,288.29,267.2,268.0,284.23,-16.23,-5.7102,6476907.0,1783362835.31,3.7012,0
sh.688020,"方邦股份",2026-06-01,148.92,153.88,135.99,138.57,146.0,-7.43000000000001,-5.089,4799642.0,685393710.39,5.8256,0
sh.688021,"奥福科技",2026-06-01,24.17,25.32,23.7,24.9,24.35,0.549999999999997,2.2587,2065612.0,51334860.07,2.7032,0
sh.688022,"ST瀚川",2026-06-01,9.25,9.53,9.19,9.53,9.3,0.229999999999999,2.4731,3337328.0,31466605.47,1.8975,1
sh.688023,"安恒信息",2026-06-01,40.59,42.96,40.4,42.11,40.24,1.87,4.6471,2865201.0,120499786.98,2.8042,0
sh.688025,"杰普特",2026-06-01,396.37,403.0,366.03,369.83,388.6,-18.77,-4.8302,4521580.0,1730378664.17,4.7571,0
sh.688026,"洁特生物",2026-06-01,13.8,14.36,13.63,14.24,13.86,0.380000000000001,2.7417,1529144.0,21677528.4,1.0898,0
sh.688027,"国盾量子",2026-06-01,566.8,574.67,544.11,546.96,559.88,-12.92,-2.3076,2573713.0,1433811049.36,3.2022,0
sh.688028,"沃尔德",2026-06-01,117.55,119.27,109.41,109.88,117.75,-7.87,-6.6837,6297726.0,712132114.4,4.1721,0
sh.688029,"南微医学",2026-06-01,82.15,83.64,79.4,80.19,81.91,-1.72,-2.0999,2186040.0,177274111.16,1.1637,0
sh.688030,"山石网科",2026-06-01,16.37,17.6,16.18,16.81,16.23,0.579999999999998,3.5736,4724730.0,80337945.1,2.6214,0
sh.688031,"星环科技",2026-06-01,122.0,140.26,122.0,135.25,116.88,18.37,15.717,19719786.0,2639253939.92,16.2791,0
sh.688032,"禾迈股份",2026-06-01,96.07,98.38,96.0,97.0,96.07,0.930000000000007,0.968,1192277.0,115990688.87,0.9609,0
sh.688033,"*ST天宜",2026-06-01,6.23,7.78,6.23,7.39,7.79,-0.4,-5.1348,27098158.0,188833939.74,4.82,1
sh.688035,"德邦科技",2026-06-01,75.7,78.42,74.41,75.4,75.71,-0.309999999999988,-0.4095,7496316.0,571141202.82,5.2702,0
sh.688036,"传音控股",2026-06-01,59.61,63.49,59.3,62.0,60.2,1.8,2.99,17852707.0,1106988707.13,1.5508,0
sh.688037,"芯源微",2026-06-01,250.21,251.76,236.01,237.32,245.3,-7.98000000000002,-3.2532,7659783.0,1854849620.62,3.799,0
sh.688038,"中科通达",2026-06-01,18.22,19.05,18.22,18.65,18.59,0.0599999999999987,0.3228,2060029.0,38581398.82,1.7702,0
sh.688039,"当虹科技",2026-06-01,41.0,47.37,41.0,44.8,41.24,3.56,8.6324,4975316.0,221375270.81,4.4984,0
sh.688041,"海光信息",2026-06-01,299.77,300.19,275.0,275.36,293.9,-18.54,-6.3083,40118826.0,11530629181.69,1.726,0
sh.688045,"必易微",2026-06-01,64.94,67.44,64.0,65.06,63.86,1.2,1.8791,3747748.0,246067920.96,5.3102,0
sh.688046,"药康生物",2026-06-01,19.2,19.65,18.78,18.81,19.39,-0.580000000000002,-2.9912,5339342.0,101812330.44,1.3023,0
sh.688047,"龙芯中科",2026-06-01,148.71,151.6,144.01,144.23,145.8,-1.57000000000002,-1.0768,9611279.0,1421516604.49,2.3968,0
sh.688048,"长光华芯",2026-06-01,375.0,375.6,335.04,340.0,394.74,-54.74,-13.8674,16193814.0,5756474295.92,9.1864,0
sh.688049,"炬芯科技",2026-06-01,45.32,46.1,44.25,44.35,45.14,-0.789999999999999,-1.7501,4920713.0,222148965.0,2.8091,0
sh.688050,"爱博医疗",2026-06-01,42.5,43.86,42.4,43.78,42.42,1.36,3.206,2857399.0,123390773.91,1.4772,0
sh.688051,"佳华科技",2026-06-01,32.09,33.04,31.0,32.1,31.66,0.440000000000001,1.3898,2364172.0,76661018.84,3.0571,0
sh.688052,"纳芯微",2026-06-01,256.74,261.9,235.79,236.5,256.82,-20.32,-7.9122,4869146.0,1191203837.01,3.4163,0
sh.688053,"ST思科瑞",2026-06-01,37.1,37.52,35.82,36.2,37.13,-0.93,-2.5047,1113092.0,40741220.32,1.1131,1
sh.688055,"龙腾光电",2026-06-01,4.79,5.08,4.71,4.75,4.76,-0.00999999999999979,-0.2101,45723848.0,223524649.21,1.3717,0
sh.688056,"莱伯泰科",2026-06-01,31.7,33.88,31.33,33.0,31.99,1.01,3.1572,1236826.0,40509427.26,1.8336,0
sh.688057,"金达莱",2026-06-01,13.88,15.2,13.61,14.98,13.9,1.08,7.7698,8611300.0,126038555.56,3.12,0
sh.688058,"宝兰德",2026-06-01,24.78,26.38,24.52,25.98,24.93,1.05,4.2118,1700986.0,43894173.87,2.243,0
sh.688059,"华锐精密",2026-06-01,143.03,146.9,137.77,138.38,140.9,-2.52000000000001,-1.7885,3597591.0,510050604.64,3.8445,0
sh.688060,"云涌科技",2026-06-01,39.44,40.69,38.43,39.96,39.04,0.920000000000002,2.3566,712898.0,28546263.94,1.1844,0
sh.688061,"灿瑞科技",2026-06-01,37.0,37.89,36.18,37.24,37.27,-0.0300000000000011,-0.0805,2280057.0,84701491.96,1.9846,0
sh.688062,"迈威生物",2026-06-01,30.78,31.44,28.91,28.98,30.4,-1.42,-4.6711,9182658.0,274105862.64,4.4976,0
sh.688063,"派能科技",2026-06-01,66.66,69.8,66.0,66.22,66.5,-0.280000000000001,-0.4211,10922774.0,740938465.7,4.4517,0
sh.688065,"凯赛生物",2026-06-01,40.22,41.0,40.0,40.4,40.22,0.18,0.4475,4951132.0,200049858.94,0.8487,0
sh.688066,"*ST航图",2026-06-01,13.82,14.49,13.77,14.4,14.1,0.300000000000001,2.1277,11717719.0,166169816.03,4.4848,1
sh.688067,"爱威科技",2026-06-01,24.04,25.07,24.01,24.64,24.23,0.41,1.6921,1165494.0,28813516.37,1.714,0
sh.688068,"热景生物",2026-06-01,90.0,91.99,85.8,85.82,88.64,-2.82000000000001,-3.1814,1848258.0,162666693.7,1.9926,0
sh.688069,"德林海",2026-06-01,58.84,63.35,57.8,60.37,59.02,1.34999999999999,2.2874,4082525.0,250260301.92,3.6129,0
sh.688070,"纵横股份",2026-06-01,42.04,43.89,41.0,42.1,41.43,0.670000000000002,1.6172,2286887.0,97262457.74,2.5864,0
sh.688071,"华依科技",2026-06-01,31.92,35.17,31.44,34.16,31.92,2.23999999999999,7.0175,4548409.0,154267770.0,5.3643,0
sh.688072,"拓荆科技",2026-06-01,611.0,622.0,580.62,583.35,627.99,-44.64,-7.1084,9769401.0,5824375400.82,3.4558,0
sh.688073,"毕得医药",2026-06-01,51.26,52.7,49.9,49.98,50.82,-0.840000000000003,-1.6529,1449186.0,73568591.4,1.5946,0
sh.688075,"安旭生物",2026-06-01,34.24,35.14,33.96,34.75,34.24,0.509999999999998,1.4895,299894.0,10388731.86,0.236,0
sh.688076,"ST诺泰",2026-06-01,30.0,30.3,29.59,30.06,29.84,0.219999999999999,0.7373,1530717.0,46012313.81,0.4843,1
sh.688077,"大地熊",2026-06-01,27.01,27.94,27.01,27.54,27.22,0.32,1.1756,1995525.0,54928776.2,1.7431,0
sh.688078,"龙软科技",2026-06-01,22.81,24.91,22.81,24.58,23.19,1.39,5.994,1682553.0,40974497.65,2.3083,0
sh.688079,"美迪凯",2026-06-01,20.6,23.67,19.98,22.3,20.59,1.71,8.305,32868072.0,724767760.14,8.1282,0
sh.688080,"映翰通",2026-06-01,41.0,42.66,41.0,42.15,41.41,0.740000000000002,1.787,1331090.0,56088917.52,1.8072,0
sh.688081,"兴图新科",2026-06-01,52.85,52.85,50.21,50.58,53.25,-2.67,-5.0141,2011824.0,103502077.52,1.9525,0
sh.688082,"盛美上海",2026-06-01,226.5,227.0,212.88,215.15,229.04,-13.89,-6.0644,8794965.0,1929026923.06,1.8422,0
sh.688083,"中望软件",2026-06-01,55.18,58.16,55.0,56.74,54.84,1.9,3.4646,4077524.0,231562452.75,2.4035,0
sh.688084,"晶品特装",2026-06-01,53.06,54.2,52.8,52.97,53.27,-0.300000000000004,-0.5632,1252879.0,66949699.18,1.656,0
sh.688085,"三友医疗",2026-06-01,15.2,15.7,15.15,15.4,15.31,0.0899999999999999,0.5879,3209983.0,49602305.3,1.0071,0
sh.688087,"英科再生",2026-06-01,36.51,38.75,36.13,37.79,36.64,1.15,3.1386,3424935.0,130227151.61,1.8389,0
sh.688088,"虹软科技",2026-06-01,39.54,41.57,39.5,40.29,39.31,0.979999999999997,2.493,8626279.0,351236667.66,2.1503,0
sh.688089,"嘉必优",2026-06-01,12.77,13.36,12.68,13.2,12.89,0.309999999999999,2.405,2542708.0,33485905.07,1.5107,0
sh.688090,"瑞松科技",2026-06-01,85.5,88.25,82.11,84.37,85.89,-1.52,-1.7697,5174741.0,439996610.65,4.2288,0
sh.688091,"上海谊众",2026-06-01,46.47,47.78,44.3,44.6,46.72,-2.12,-4.5377,7353445.0,336530350.61,3.5575,0
sh.688092,"爱科科技",2026-06-01,26.29,27.65,26.13,27.43,26.6,0.829999999999998,3.1203,1259564.0,34148433.37,1.5237,0
sh.688093,"世华科技",2026-06-01,31.63,32.11,30.33,30.42,31.45,-1.03,-3.275,3723002.0,115431153.47,1.3278,0
sh.688095,"福昕软件",2026-06-01,72.27,79.0,70.73,75.63,70.49,5.14,7.2918,5144885.0,392308799.87,5.6315,0
sh.688096,"京源环保",2026-06-01,12.18,13.57,11.95,13.11,11.95,1.16,9.7071,22056273.0,289308199.31,9.3441,0
sh.688097,"博众精工",2026-06-01,60.27,62.5,57.57,59.0,60.28,-1.28,-2.1234,11934856.0,713578227.73,2.6819,0
sh.688098,"申联生物",2026-06-01,7.78,8.07,7.78,8.01,7.78,0.23,2.9563,2144529.0,17118978.87,0.5222,0
sh.688099,"晶晨股份",2026-06-01,105.9,108.1,101.03,101.1,105.9,-4.80000000000001,-4.5326,16863586.0,1762596726.32,4.004,0
sh.688100,"威胜信息",2026-06-01,36.2,37.7,35.83,36.79,36.23,0.560000000000002,1.5457,4304865.0,158498236.98,0.8755,0
sh.688101,"三达膜",2026-06-01,18.38,18.5,17.8,17.86,18.38,-0.52,-2.8292,5691496.0,102691662.23,1.7142,0
sh.688102,"斯瑞新材",2026-06-01,35.68,35.93,34.6,34.61,34.99,-0.380000000000003,-1.086,12642459.0,446058397.82,1.6258,0
sh.688103,"国力电子",2026-06-01,63.55,64.98,61.14,62.05,63.64,-1.59,-2.4984,2454072.0,154895016.31,2.5747,0
sh.688105,"诺唯赞",2026-06-01,19.07,19.5,18.91,19.27,19.13,0.140000000000001,0.7318,2089698.0,40030423.43,0.5254,0
sh.688106,"金宏气体",2026-06-01,25.14,26.07,25.09,25.33,25.16,0.169999999999998,0.6757,20035984.0,513826133.96,3.7424,0
sh.688107,"安路科技",2026-06-01,40.86,49.2,40.55,46.17,41.0,5.17,12.6098,30843418.0,1439192715.14,7.6945,0
sh.688108,"赛诺医疗",2026-06-01,22.75,22.87,21.56,21.59,22.3,-0.710000000000001,-3.1839,43574606.0,964839411.56,10.4257,0
sh.688109,"品茗科技",2026-06-01,78.48,83.24,76.77,81.63,76.75,4.88,6.3583,1265516.0,102861142.75,1.6051,0
sh.688110,"东芯股份",2026-06-01,138.07,139.55,125.02,125.53,142.16,-16.63,-11.6981,28871374.0,3762355940.03,6.5283,0
sh.688111,"金山办公",2026-06-01,239.41,259.66,239.41,256.1,238.5,17.6,7.3795,17372421.0,4374798962.72,3.7491,0
sh.688112,"鼎阳科技",2026-06-01,68.37,70.5,64.65,64.65,69.0,-4.34999999999999,-6.3043,5004007.0,335734328.66,3.1354,0
sh.688113,"联测科技",2026-06-01,40.38,40.38,39.21,39.6,39.18,0.420000000000002,1.072,1479327.0,58850722.47,2.2972,0
sh.688114,"华大智造",2026-06-01,49.13,49.76,47.0,48.83,50.5,-1.67,-3.3069,6438588.0,312752008.27,1.5491,0
sh.688115,"思林杰",2026-06-01,53.64,55.24,52.63,53.42,55.0,-1.58,-2.8727,1721329.0,93002185.46,2.5819,0
sh.688116,"天奈科技",2026-06-01,44.1,45.47,43.35,43.75,43.57,0.18,0.4131,13200911.0,584426530.1,3.6016,0
sh.688117,"圣诺生物",2026-06-01,34.01,35.2,33.66,34.33,33.73,0.600000000000001,1.7788,1734908.0,59711524.48,1.1023,0
sh.688118,"普元信息",2026-06-01,22.75,25.17,22.75,24.31,22.91,1.4,6.1109,3813697.0,92779019.24,4.0868,0
sh.688119,"中钢洛耐",2026-06-01,4.48,4.6,4.45,4.52,4.47,0.0499999999999998,1.1186,8614480.0,39130250.71,0.7657,0
sh.688120,"华海清科",2026-06-01,261.0,261.0,242.8,244.7,261.29,-16.59,-6.3493,11537512.0,2882488417.87,3.2624,0
sh.688121,"卓然股份",2026-06-01,6.48,6.48,6.48,6.48,6.48,0.0,,,,,0
sh.688122,"西部超导",2026-06-01,67.2,69.58,66.89,67.32,67.56,-0.240000000000009,-0.3552,16052665.0,1091801259.3,2.4709,0
sh.688123,"聚辰股份",2026-06-01,138.0,140.18,127.02,127.67,132.97,-5.3,-3.9859,9509373.0,1268128563.51,5.9844,0
sh.688125,"安达智能",2026-06-01,184.49,189.53,180.0,186.37,180.0,6.37,3.5389,439299.0,81419251.67,0.5378,0
sh.688126,"沪硅产业",2026-06-01,27.0,27.48,25.38,25.88,27.7,-1.82,-6.5704,150522909.0,3962453652.9,5.5103,0
sh.688127,"蓝特光学",2026-06-01,84.46,84.8,80.23,80.46,83.44,-2.98,-3.5714,11573130.0,949320017.1,2.8512,0
sh.688128,"中国电研",2026-06-01,24.9,25.45,24.83,25.42,25.0,0.420000000000002,1.68,3084284.0,77723110.53,0.7625,0
sh.688129,"东来技术",2026-06-01,28.62,29.96,28.18,28.85,28.69,0.16,0.5577,880374.0,25627434.79,0.7307,0
sh.688130,"晶华微",2026-06-01,27.0,27.0,25.81,25.98,26.57,-0.59,-2.2205,2680906.0,70356397.76,4.447,0
sh.688131,"皓元医药",2026-06-01,74.62,79.99,74.03,78.5,74.23,4.27,5.7524,9026653.0,707484022.59,4.2558,0
sh.688132,"邦彦技术",2026-06-01,14.43,15.72,14.43,15.49,15.37,0.120000000000001,0.7807,2339980.0,35837425.28,1.5372,0
sh.688133,"泰坦科技",2026-06-01,22.09,22.83,21.55,22.39,22.0,0.390000000000001,1.7727,5055718.0,112902497.74,3.0746,0
sh.688135,"利扬芯片",2026-06-01,36.39,37.95,35.83,35.97,36.3,-0.329999999999998,-0.9091,14965760.0,552800322.89,6.4202,0
sh.688136,"科兴制药",2026-06-01,21.42,21.87,20.94,21.11,21.03,0.0799999999999983,0.3804,3485056.0,74180526.67,1.7316,0
sh.688137,"近岸蛋白",2026-06-01,43.1,43.95,41.72,42.0,42.61,-0.609999999999999,-1.4316,656898.0,28039042.18,0.9361,0
sh.688138,"清溢光电",2026-06-01,31.16,31.67,30.38,30.49,31.14,-0.650000000000002,-2.0873,7443978.0,230580239.77,2.3647,0
sh.688139,"海尔生物",2026-06-01,31.52,32.0,31.18,31.61,31.46,0.149999999999999,0.4768,3680376.0,116253335.39,1.1629,0
sh.688141,"杰华特",2026-06-01,94.96,97.0,88.46,88.92,95.66,-6.73999999999999,-7.0458,19782946.0,1824925033.63,4.3931,0
sh.688143,"长盈通",2026-06-01,170.01,174.0,137.78,153.33,169.0,-15.67,-9.2722,12866836.0,2003757291.18,10.5143,0
sh.688146,"中船特气",2026-06-01,185.1,198.66,166.31,169.99,174.66,-4.66999999999999,-2.6738,20660189.0,3854712283.52,14.2513,0
sh.688147,"微导纳米",2026-06-01,81.01,86.0,77.8,78.0,80.4,-2.40000000000001,-2.9851,13688023.0,1109152574.29,2.9471,0
sh.688148,"芳源股份",2026-06-01,8.58,8.94,8.54,8.66,8.6,0.0600000000000005,0.6977,13605333.0,119060672.14,2.6668,0
sh.688150,"莱特光电",2026-06-01,54.51,55.33,49.79,49.99,54.2,-4.21,-7.7675,16827604.0,876268815.43,4.1814,0
sh.688151,"华强科技",2026-06-01,17.3,17.7,17.3,17.56,17.31,0.25,1.4443,1011424.0,17758691.96,0.2936,0
sh.688152,"麒麟信安",2026-06-01,31.53,34.18,31.37,33.39,31.36,2.03,6.4732,2337251.0,77575134.5,2.2937,0
sh.688153,"唯捷创芯",2026-06-01,29.54,29.68,28.68,28.77,29.48,-0.710000000000001,-2.4084,6035176.0,175733781.56,1.4747,0
sh.688155,"先惠技术",2026-06-01,84.9,85.71,83.51,83.57,83.88,-0.310000000000002,-0.3696,3028929.0,256074650.85,2.3956,0
sh.688156,"路德科技",2026-06-01,25.02,25.4,24.67,25.19,25.33,-0.139999999999997,-0.5527,2849685.0,71365579.08,2.8295,0
sh.688157,"松井股份",2026-06-01,28.96,30.9,27.51,29.44,27.88,1.56,5.5954,4508825.0,134011528.4,2.8823,0
sh.688158,"优刻得",2026-06-01,39.0,40.29,38.44,38.74,38.68,0.0600000000000023,0.1551,23905420.0,943957287.01,5.878,0
sh.688159,"有方科技",2026-06-01,46.89,49.3,46.53,47.4,46.89,0.509999999999998,1.0877,5246436.0,252065671.12,5.6578,0
sh.688160,"步科股份",2026-06-01,111.49,111.9,104.36,105.5,110.93,-5.43000000000001,-4.895,2798281.0,301855832.0,3.0807,0
sh.688161,"威高骨科",2026-06-01,26.2,26.5,26.2,26.38,26.38,0.0,0.0,614117.0,16203010.97,0.1535,0
sh.688162,"巨一科技",2026-06-01,29.98,30.6,29.57,29.95,30.4,-0.449999999999999,-1.4803,2890137.0,86878795.81,2.108,0
sh.688163,"赛伦生物",2026-06-01,35.66,36.35,34.5,35.47,35.13,0.339999999999996,0.9678,1140290.0,40783620.97,1.0537,0
sh.688165,"埃夫特",2026-06-01,18.51,19.22,18.45,18.5,18.65,-0.149999999999999,-0.8043,9471476.0,177826689.29,1.8152,0
sh.688166,"博瑞医药",2026-06-01,51.66,54.2,51.11,51.3,51.79,-0.490000000000002,-0.9461,10805263.0,570607975.2,2.4794,0
sh.688167,"炬光科技",2026-06-01,444.0,460.0,417.0,421.48,448.0,-26.52,-5.9196,4830564.0,2103321985.79,5.3757,0
sh.688168,"安博通",2026-06-01,59.45,60.99,57.07,59.07,59.45,-0.380000000000003,-0.6392,2210313.0,130094115.23,2.0455,0
sh.688169,"石头科技",2026-06-01,103.69,109.72,103.69,107.98,102.54,5.44,5.3052,9532809.0,1024188557.44,3.6769,0
sh.688170,"德龙激光",2026-06-01,74.8,77.68,70.05,70.06,76.56,-6.5,-8.4901,9574319.0,700848494.4,9.2631,0
sh.688171,"纬德信息",2026-06-01,55.9,59.7,55.9,56.7,55.85,0.850000000000001,1.5219,2582203.0,149417664.88,3.0824,0
sh.688172,"燕东微",2026-06-01,71.95,72.63,63.12,63.68,72.27,-8.59,-11.886,36252937.0,2401852956.98,4.6587,0
sh.688173,"希荻微",2026-06-01,16.94,17.03,16.21,16.26,16.92,-0.66,-3.9007,12968104.0,215360538.98,3.1545,0
sh.688175,"高凌信息",2026-06-01,35.6,36.78,35.2,35.7,35.76,-0.0599999999999952,-0.1678,2053416.0,73875810.32,1.5879,0
sh.688176,"亚虹医药",2026-06-01,11.49,11.68,10.96,10.96,11.38,-0.42,-3.6907,11052686.0,123949692.91,2.5368,0
sh.688177,"百奥泰",2026-06-01,18.99,19.8,18.94,19.14,19.18,-0.0399999999999991,-0.2086,3021989.0,58184794.58,0.7298,0
sh.688178,"万德斯",2026-06-01,34.3,38.35,33.5,37.3,35.4,1.9,5.3672,4472176.0,164926838.55,5.2615,0
sh.688179,"阿拉丁",2026-06-01,20.4,20.62,19.92,20.29,20.55,-0.260000000000002,-1.2652,10942944.0,221736489.56,3.0229,0
sh.688180,"君实生物",2026-06-01,35.08,37.46,32.72,33.03,34.24,-1.21,-3.5339,30888261.0,1077818561.46,4.0303,0
sh.688181,"八亿时空",2026-06-01,41.44,43.44,40.42,40.5,42.0,-1.5,-3.5714,12230302.0,511498260.24,9.0944,0
sh.688182,"灿勤科技",2026-06-01,35.31,35.49,33.74,33.89,35.0,-1.11,-3.1714,9448406.0,324788710.97,2.3621,0
sh.688183,"生益电子",2026-06-01,140.0,140.1,122.77,123.0,138.05,-15.05,-10.9018,35655978.0,4586820857.69,4.2865,0
sh.688184,"ST帕瓦",2026-06-01,12.89,13.17,12.78,12.98,12.77,0.210000000000001,1.6445,724836.0,9427291.32,0.7384,1
sh.688185,"康希诺",2026-06-01,58.0,58.9,56.83,57.01,58.55,-1.54,-2.6302,1592107.0,91757089.98,1.392,0
sh.688186,"广大特材",2026-06-01,20.3,21.08,19.7,20.8,20.23,0.57,2.8176,8513699.0,175669196.57,3.0353,0
sh.688187,"时代电气",2026-06-01,59.55,59.6,56.21,57.7,61.0,-3.3,-5.4098,19152642.0,1112548132.92,2.2042,0
sh.688188,"柏楚电子",2026-06-01,161.96,163.02,154.26,154.46,162.84,-8.38,-5.1462,3632371.0,570327953.96,1.2539,0
sh.688189,"南新制药",2026-06-01,8.18,8.52,8.15,8.31,8.23,0.0800000000000001,0.9721,8244410.0,69007193.23,3.0045,0
sh.688190,"云路股份",2026-06-01,116.2,119.2,113.1,114.01,116.88,-2.86999999999999,-2.4555,3270872.0,378754153.12,2.7257,0
sh.688191,"智洋创新",2026-06-01,52.93,53.35,49.99,50.3,53.5,-3.2,-5.9813,5644677.0,289899627.55,2.4093,0
sh.688192,"迪哲医药",2026-06-01,57.22,57.22,47.68,48.61,55.53,-6.92,-12.4617,12532468.0,639288499.12,2.7173,0
sh.688193,"仁度生物",2026-06-01,50.82,51.49,48.81,50.79,49.2,1.59,3.2317,669918.0,33896326.39,1.6719,0
sh.688195,"腾景科技",2026-06-01,233.9,233.9,214.0,220.71,233.9,-13.19,-5.6392,7871086.0,1750427231.03,4.3465,0
sh.688196,"卓越新能",2026-06-01,41.89,44.25,41.74,43.57,41.93,1.64,3.9113,2065480.0,89577700.67,1.6239,0
sh.688197,"首药控股",2026-06-01,36.45,37.94,35.7,36.09,36.58,-0.489999999999995,-1.3395,1734326.0,63404935.42,2.7097,0
sh.688198,"佰仁医疗",2026-06-01,82.83,84.52,82.31,84.39,82.54,1.84999999999999,2.2413,372681.0,31219062.14,0.2706,0
sh.688199,"久日新材",2026-06-01,26.53,26.9,25.6,25.79,26.53,-0.740000000000002,-2.7893,5196709.0,136255519.88,3.2232,0
sh.688200,"华峰测控",2026-06-01,405.2,406.06,373.52,377.3,398.04,-20.74,-5.2105,3769294.0,1452113089.29,2.7805,0
sh.688201,"ST信安",2026-06-01,8.18,8.44,8.05,8.38,8.13,0.25,3.075,4038124.0,33634960.23,1.3348,1
sh.688202,"美迪西",2026-06-01,59.65,60.73,57.38,57.7,59.64,-1.94,-3.2529,3584297.0,209920236.53,2.6678,0
sh.688203,"海正生材",2026-06-01,11.93,12.49,11.93,12.37,12.17,0.199999999999999,1.6434,3945366.0,48464685.38,1.9466,0
sh.688205,"德科立",2026-06-01,237.92,239.3,220.01,220.01,237.41,-17.4,-7.3291,8359611.0,1912591875.92,5.2498,0
sh.688206,"概伦电子",2026-06-01,38.3,38.98,36.18,36.2,38.37,-2.16999999999999,-5.6555,10963175.0,410446852.26,2.5112,0
sh.688207,"格灵深瞳",2026-06-01,15.44,16.09,15.31,15.8,15.49,0.31,2.0013,12018045.0,189800256.38,4.6407,0
sh.688208,"道通科技",2026-06-01,30.57,31.42,30.1,30.22,30.31,-0.0899999999999999,-0.2969,23589838.0,722869509.95,3.5199,0
sh.688209,"英集芯",2026-06-01,24.1,24.14,22.76,23.14,23.72,-0.579999999999998,-2.4452,12712059.0,295475542.41,2.9305,0
sh.688210,"统联精密",2026-06-01,47.27,48.3,45.33,46.62,47.28,-0.660000000000004,-1.3959,4875505.0,227063003.84,2.9974,0
sh.688211,"中科微至",2026-06-01,34.45,34.45,33.61,34.18,33.97,0.210000000000001,0.6182,1382822.0,47096806.8,1.0548,0
sh.688212,"澳华内镜",2026-06-01,30.47,31.4,30.07,30.71,30.29,0.420000000000002,1.3866,1394719.0,43072374.8,1.0357,0
sh.688213,"思特威",2026-06-01,100.0,101.96,97.53,98.1,98.88,-0.780000000000001,-0.7888,13188744.0,1308074776.8,4.0768,0
sh.688215,"瑞晟智能",2026-06-01,68.8,70.69,67.49,68.85,68.8,0.0499999999999972,0.0727,782198.0,54081133.23,1.2531,0
sh.688216,"气派科技",2026-06-01,35.0,35.0,33.01,33.16,34.76,-1.6,-4.603,5867326.0,198015387.09,5.5127,0
sh.688217,"睿昂基因",2026-06-01,25.03,26.37,24.72,26.0,25.16,0.84,3.3386,1156504.0,29915798.5,2.0705,0
sh.688218,"江苏北人",2026-06-01,45.54,45.68,43.78,44.0,45.15,-1.15,-2.5471,5501734.0,243433523.87,4.7235,0
sh.688219,"会通股份",2026-06-01,11.03,11.5,11.03,11.37,11.1,0.27,2.4324,8512263.0,96705145.91,1.5488,0
sh.688220,"翱捷科技",2026-06-01,107.38,107.78,99.88,100.42,106.38,-5.95999999999999,-5.6026,14098275.0,1453783996.73,3.8192,0
sh.688221,"前沿生物",2026-06-01,20.37,20.6,19.47,19.52,20.0,-0.48,-2.4,11755448.0,233578490.74,3.1383,0
sh.688222,"成都先导",2026-06-01,29.58,29.66,27.41,27.41,29.63,-2.22,-7.4924,18791540.0,531112701.54,4.6899,0
sh.688223,"晶科能源",2026-06-01,5.83,5.98,5.79,5.79,5.86,-0.0700000000000003,-1.1945,116627222.0,683454639.06,1.1357,0
sh.688225,"亚信安全",2026-06-01,14.45,15.58,14.41,15.07,14.41,0.66,4.5802,7214749.0,109512001.8,1.8036,0
sh.688226,"威腾电气",2026-06-01,48.17,48.88,46.21,46.74,47.98,-1.23999999999999,-2.5844,6231778.0,295652841.53,3.3012,0
sh.688227,"品高股份",2026-06-01,77.11,84.65,75.7,80.61,76.5,4.11,5.3725,7417974.0,604474170.83,6.5614,0
sh.688228,"开普云",2026-06-01,89.0,92.6,88.21,90.0,88.44,1.56,1.7639,2158391.0,195900655.41,3.1952,0
sh.688229,"博睿数据",2026-06-01,73.52,91.99,73.52,88.51,81.3,7.21000000000001,8.8684,4387950.0,377334312.72,9.8828,0
sh.688230,"芯导科技",2026-06-01,66.99,68.45,65.8,66.61,68.04,-1.43000000000001,-2.1017,1475404.0,98934935.01,1.2546,0
sh.688231,"隆达股份",2026-06-01,48.3,49.16,46.21,46.54,47.45,-0.910000000000004,-1.9178,4903422.0,233679772.61,1.9863,0
sh.688232,"新点软件",2026-06-01,20.29,21.21,19.86,20.71,19.71,1.0,5.0736,3721639.0,76739321.14,1.1559,0
sh.688233,"神工股份",2026-06-01,84.66,85.72,80.61,80.85,85.47,-4.62,-5.4054,5612789.0,464136897.33,3.2957,0
sh.688234,"天岳先进",2026-06-01,146.78,148.16,135.69,135.98,147.1,-11.12,-7.5595,20365183.0,2869009416.05,4.7393,0
sh.688235,"百济神州",2026-06-01,241.3,248.88,233.3,234.62,243.9,-9.28,-3.8048,5162035.0,1241620989.3,4.4866,0
sh.688236,"春立医疗",2026-06-01,16.02,16.31,15.82,16.11,16.28,-0.170000000000002,-1.0442,2316263.0,37336672.69,0.8031,0
sh.688237,"超卓航科",2026-06-01,48.5,48.55,46.88,48.3,48.11,0.189999999999998,0.3949,1061702.0,50422427.49,1.1839,0
sh.688238,"和元生物",2026-06-01,5.85,6.45,5.82,6.08,5.81,0.27,4.6472,16351706.0,100143940.62,2.5504,0
sh.688239,"航宇科技",2026-06-01,60.67,61.5,58.51,58.7,60.37,-1.66999999999999,-2.7663,4686762.0,280349237.08,2.4585,0
sh.688244,"永信至诚",2026-06-01,16.75,17.58,16.35,17.26,16.65,0.610000000000003,3.6637,2338093.0,40395233.61,1.5488,0
sh.688246,"嘉和美康",2026-06-01,23.21,23.66,22.16,22.2,23.0,-0.800000000000001,-3.4783,6329017.0,144929163.55,4.6001,0
sh.688247,"宣泰医药",2026-06-01,8.48,8.73,8.43,8.72,8.52,0.200000000000001,2.3474,2300637.0,19790322.2,0.5075,0
sh.688248,"南网科技",2026-06-01,61.5,62.36,57.61,58.5,60.62,-2.12,-3.4972,7860238.0,464306096.79,1.3919,0
sh.688249,"晶合集成",2026-06-01,44.74,45.08,42.05,42.43,45.56,-3.13,-6.8701,57951428.0,2505964528.5,2.8866,0
sh.688251,"井松智能",2026-06-01,25.51,26.39,25.17,25.69,25.4,0.290000000000003,1.1417,2711766.0,69959619.17,2.7144,0
sh.688252,"天德钰",2026-06-01,21.89,22.47,21.46,21.78,21.72,0.0600000000000023,0.2762,8820608.0,194034248.11,2.1565,0
sh.688253,"英诺特",2026-06-01,54.63,59.93,53.32,57.51,54.56,2.95,5.4069,3030695.0,172742740.19,2.2124,0
sh.688255,"凯尔达",2026-06-01,29.49,30.48,29.08,30.1,29.87,0.23,0.77,2808026.0,84075256.59,2.556,0
sh.688256,"寒武纪",2026-06-01,1326.0,1326.0,1238.0,1238.0,1310.0,-72.0,-5.4962,13489609.0,17200897814.2,2.147,0
sh.688257,"新锐股份",2026-06-01,95.13,98.8,90.62,90.77,96.35,-5.58,-5.7914,14049849.0,1318515488.04,5.5504,0
sh.688258,"卓易信息",2026-06-01,145.0,151.0,140.8,144.21,137.51,6.70000000000002,4.8724,11262871.0,1648193073.47,9.2972,0
sh.688259,"创耀科技",2026-06-01,36.92,38.0,36.67,37.29,37.22,0.0700000000000003,0.1881,2347022.0,87631878.86,2.1012,0
sh.688260,"昀冢科技",2026-06-01,87.71,95.13,82.8,82.82,89.49,-6.67,-7.4533,9449077.0,845431707.26,7.8742,0
sh.688261,"东微半导",2026-06-01,91.39,93.6,84.01,84.44,93.53,-9.09,-9.7188,9147817.0,800729751.79,7.4923,0
sh.688262,"国芯科技",2026-06-01,37.77,38.85,36.36,36.4,37.21,-0.810000000000002,-2.1768,15895219.0,595574545.62,4.7307,0
sh.688265,"南模生物",2026-06-01,35.61,35.97,35.15,35.62,35.23,0.390000000000001,1.107,380869.0,13566941.43,0.4885,0
sh.688266,"泽璟制药",2026-06-01,100.95,105.59,98.61,99.62,99.93,-0.310000000000002,-0.3102,6218857.0,634568218.03,2.3493,0
sh.688267,"中触媒",2026-06-01,33.3,33.9,32.9,33.79,33.22,0.57,1.7158,1977097.0,66258623.44,1.1221,0
sh.688268,"华特气体",2026-06-01,145.6,159.6,145.6,147.65,143.1,4.55000000000001,3.1796,9045066.0,1378202905.47,7.3433,0
sh.688269,"凯立新材",2026-06-01,35.6,37.55,35.6,37.29,35.9,1.39,3.8719,2394696.0,88824920.01,1.8322,0
sh.688270,"ST臻镭",2026-06-01,118.0,118.63,105.11,105.9,118.68,-12.78,-10.7685,10196115.0,1140825517.13,4.7634,1
sh.688271,"联影医疗",2026-06-01,119.0,119.09,116.1,117.35,120.3,-2.95,-2.4522,8881198.0,1042088994.11,1.0776,0
sh.688272,"富吉瑞",2026-06-01,33.75,35.5,32.79,34.5,32.91,1.59,4.8314,1563874.0,53897496.1,2.0577,0
sh.688273,"麦澜德",2026-06-01,41.24,43.89,41.04,42.01,41.22,0.789999999999999,1.9165,1568432.0,66795804.83,1.5684,0
sh.688275,"万润新能",2026-06-01,133.0,140.31,132.46,135.98,133.8,2.17999999999998,1.6293,4389691.0,598163743.28,3.4806,0
sh.688276,"百克生物",2026-06-01,15.95,16.09,15.8,15.96,15.95,0.0100000000000016,0.0627,1612378.0,25717026.34,0.3898,0
sh.688277,"天智航",2026-06-01,17.3,17.83,17.27,17.33,17.33,0.0,0.0,7465971.0,131041823.74,1.6373,0
sh.688278,"特宝生物",2026-06-01,56.37,57.04,55.1,56.0,56.55,-0.549999999999997,-0.9726,3222315.0,179652057.13,0.7894,0
sh.688279,"峰岹科技",2026-06-01,216.4,222.99,210.16,212.87,216.94,-4.06999999999999,-1.8761,2568462.0,554118920.72,2.7453,0
sh.688280,"精进电动",2026-06-01,5.77,5.94,5.61,5.88,5.78,0.0999999999999996,1.7301,13831307.0,80884816.9,2.6571,0
sh.688281,"华秦科技",2026-06-01,74.98,78.25,74.95,76.15,75.5,0.650000000000006,0.8609,2884630.0,220609368.66,1.0583,0
sh.688282,"理工导航",2026-06-01,75.81,78.0,73.05,74.85,76.1,-1.25,-1.6426,1497261.0,112336507.12,1.7014,0
sh.688283,"坤恒顺维",2026-06-01,37.79,38.84,36.89,37.1,37.83,-0.729999999999997,-1.9297,1735294.0,65334710.33,1.4247,0
sh.688285,"高铁电气",2026-06-01,8.02,8.29,7.95,8.23,8.08,0.15,1.8564,5418691.0,44218039.43,1.44,0
sh.688286,"敏芯股份",2026-06-01,65.49,66.78,63.9,64.25,65.48,-1.23,-1.8784,1532373.0,99893364.47,2.7335,0
sh.688287,"*ST观典",2026-06-01,0.35,0.38,0.34,0.36,0.35,0.01,2.8571,9464705.0,3405164.15,2.5545,0
sh.688288,"鸿泉技术",2026-06-01,20.88,21.69,20.52,21.54,21.04,0.5,2.3764,1968071.0,41999546.59,1.9717,0
sh.688289,"圣湘生物",2026-06-01,16.5,16.72,16.33,16.55,16.39,0.16,0.9762,3233436.0,53601538.86,0.5581,0
sh.688290,"景业智能",2026-06-01,62.25,63.05,60.8,62.02,62.36,-0.339999999999996,-0.5452,1692797.0,105080342.95,1.6565,0
sh.688291,"金橙子",2026-06-01,46.99,48.81,46.09,46.39,47.38,-0.990000000000002,-2.0895,2819799.0,133656254.53,2.7466,0
sh.688292,"浩瀚深度",2026-06-01,22.69,24.19,22.69,23.25,23.0,0.25,1.087,4214308.0,99169877.49,2.6614,0
sh.688293,"奥浦迈",2026-06-01,44.1,46.83,44.1,44.96,43.61,1.35,3.0956,2280285.0,104200605.26,2.0034,0
sh.688295,"中复神鹰",2026-06-01,48.23,48.84,47.26,47.35,48.22,-0.869999999999997,-1.8042,7665266.0,367283708.28,0.8517,0
sh.688296,"和达科技",2026-06-01,14.3,15.45,14.14,15.06,14.36,0.700000000000001,4.8747,2955160.0,44507598.25,2.7517,0
sh.688297,"中无人机",2026-06-01,43.52,45.15,43.5,45.0,44.4,0.600000000000001,1.3514,9003907.0,400210405.21,1.3339,0
sh.688298,"东方生物",2026-06-01,21.3,21.77,21.21,21.74,21.4,0.34,1.5888,1106785.0,23898152.08,0.549,0
sh.688299,"长阳科技",2026-06-01,16.58,17.29,16.52,16.95,16.58,0.370000000000001,2.2316,9573894.0,162042211.88,3.3313,0
sh.688300,"联瑞新材",2026-06-01,178.0,192.0,167.8,174.5,167.69,6.81,4.0611,17336066.0,3116932594.58,7.1794,0
sh.688301,"奕瑞科技",2026-06-01,202.16,206.86,184.67,185.89,202.0,-16.11,-7.9752,15228663.0,2901954182.77,7.202,0
sh.688302,"海创药业",2026-06-01,39.88,41.23,39.16,41.0,39.74,1.26,3.1706,1186080.0,47962266.57,1.1979,0
sh.688303,"大全能源",2026-06-01,19.45,19.93,19.25,19.55,19.47,0.0800000000000018,0.4109,20041999.0,391285764.83,0.9343,0
sh.688305,"科德数控",2026-06-01,61.0,62.5,60.53,60.59,62.03,-1.44,-2.3215,2928784.0,178879997.59,2.2152,0
sh.688306,"均普智能",2026-06-01,9.25,9.45,9.12,9.18,9.29,-0.109999999999999,-1.1841,13792793.0,127797135.43,1.1229,0
sh.688307,"中润光学",2026-06-01,71.73,72.33,67.18,67.3,71.99,-4.69,-6.5148,5916014.0,408647930.74,4.7601,0
sh.688308,"欧科亿",2026-06-01,143.54,146.0,133.23,135.11,147.15,-12.04,-8.1821,13527556.0,1870584903.06,8.5196,0
sh.688309,"恒誉环保",2026-06-01,69.62,71.0,67.11,67.48,69.2,-1.72,-2.4855,2079151.0,142440627.58,2.6185,0
sh.688310,"迈得医疗",2026-06-01,17.0,17.77,16.82,17.18,17.0,0.18,1.0588,3377683.0,58736282.17,2.0555,0
sh.688311,"盟升电子",2026-06-01,28.06,29.17,27.81,28.38,27.94,0.439999999999998,1.5748,4526197.0,129167698.98,2.6044,0
sh.688312,"燕麦科技",2026-06-01,88.99,88.99,79.2,80.07,87.0,-6.93000000000001,-7.9655,9337600.0,762476022.23,6.3644,0
sh.688313,"仕佳光子",2026-06-01,160.01,160.8,146.06,146.3,162.69,-16.39,-10.0744,31098255.0,4687568808.38,6.8804,0
sh.688314,"康拓医疗",2026-06-01,42.32,42.37,40.51,42.25,40.8,1.45,3.5539,1674898.0,69518918.68,2.0617,0
sh.688315,"诺禾致源",2026-06-01,14.12,14.63,13.94,14.48,14.14,0.34,2.4045,4093161.0,58682471.29,0.9835,0
sh.688316,"青云科技",2026-06-01,61.32,64.65,61.24,62.77,61.86,0.910000000000004,1.4711,2224943.0,140971987.32,4.6452,0
sh.688317,"之江生物",2026-06-01,21.89,21.89,20.09,20.22,22.2,-1.98,-8.9189,9296673.0,191526924.28,4.838,0
sh.688318,"财富趋势",2026-06-01,110.8,118.3,110.21,114.49,112.0,2.48999999999999,2.2232,5617139.0,651160876.71,2.1932,0
sh.688319,"欧林生物",2026-06-01,35.52,35.52,32.88,32.94,35.15,-2.21,-6.2873,10397215.0,354026833.18,2.5646,0
sh.688320,"禾川科技",2026-06-01,36.2,38.9,33.88,36.83,36.2,0.629999999999995,1.7403,6107991.0,227138700.67,4.0447,0
sh.688321,"微芯生物",2026-06-01,27.29,27.87,26.9,27.19,27.15,0.0400000000000027,0.1473,9333565.0,255340083.18,2.2887,0
sh.688322,"奥比中光",2026-06-01,110.0,110.94,102.89,103.04,111.47,-8.42999999999999,-7.5626,25223175.0,2671834551.85,7.915,0
sh.688323,"瑞华泰",2026-06-01,30.02,31.23,29.43,29.68,30.66,-0.98,-3.1963,13042474.0,393329254.48,7.2457,0
sh.688325,"赛微微电",2026-06-01,109.51,116.88,107.2,109.87,110.19,-0.319999999999993,-0.2904,1599523.0,179649850.14,1.9228,0
sh.688326,"经纬恒润",2026-06-01,82.1,84.88,81.45,83.22,81.3,1.92,2.3616,2740453.0,228772499.98,2.4551,0
sh.688327,"云从科技",2026-06-01,13.96,14.59,13.71,14.35,13.91,0.44,3.1632,39692131.0,565349060.15,4.7543,0
sh.688328,"深科达",2026-06-01,78.51,80.8,73.51,73.9,78.51,-4.61,-5.8719,7759443.0,593307230.23,8.2149,0
sh.688329,"艾隆科技",2026-06-01,24.31,24.58,23.15,24.09,23.67,0.419999999999998,1.7744,1863430.0,44833789.81,2.4138,0
sh.688330,"宏力达",2026-06-01,37.8,39.37,37.8,38.7,37.78,0.920000000000002,2.4352,1555880.0,60478704.23,1.1113,0
sh.688331,"荣昌生物",2026-06-01,117.53,126.0,113.39,115.25,116.03,-0.780000000000001,-0.6722,19509811.0,2326956379.25,11.9624,0
sh.688332,"中科蓝讯",2026-06-01,94.41,95.52,91.75,92.4,94.47,-2.06999999999999,-2.1912,4153688.0,388831213.95,2.3272,0
sh.688333,"铂力特",2026-06-01,95.2,103.0,89.85,98.31,95.01,3.3,3.4733,17587104.0,1723257651.07,6.4111,0
sh.688334,"西高院",2026-06-01,19.19,19.77,19.19,19.57,19.31,0.260000000000002,1.3465,1822553.0,35707749.35,1.1616,0
sh.688335,"复洁科技",2026-06-01,28.69,31.31,28.3,29.23,28.68,0.550000000000001,1.9177,5383320.0,160430763.22,3.6365,0
sh.688336,"三生国健",2026-06-01,66.05,70.5,62.1,65.22,64.44,0.780000000000001,1.2104,12173303.0,809802574.21,1.9737,0
sh.688337,"普源精电",2026-06-01,59.94,60.69,56.0,56.8,60.14,-3.34,-5.5537,8091332.0,471291984.2,4.3521,0
sh.688338,"赛科希德",2026-06-01,25.85,26.42,25.73,26.14,25.99,0.150000000000002,0.5771,664734.0,17357829.12,0.6263,0
sh.688339,"亿华通",2026-06-01,21.82,22.78,21.8,22.28,21.87,0.41,1.8747,3831269.0,86141148.13,1.9569,0
sh.688343,"云天励飞",2026-06-01,68.7,69.28,65.9,65.96,68.55,-2.59,-3.7783,10875746.0,734759641.65,3.0244,0
sh.688345,"博力威",2026-06-01,55.0,55.57,49.69,49.78,52.4,-2.62,-5.0,3561226.0,185374385.38,3.5612,0
sh.688347,"华虹公司",2026-06-01,241.41,245.88,217.97,222.9,236.68,-13.78,-5.8222,41445057.0,9455904417.63,10.1643,0
sh.688348,"昱能科技",2026-06-01,41.31,42.46,41.25,41.56,41.15,0.410000000000004,0.9964,2151595.0,90158474.39,1.3768,0
sh.688349,"三一重能",2026-06-01,20.75,20.8,20.18,20.27,20.94,-0.670000000000002,-3.1996,9261197.0,188718960.17,0.7786,0
sh.688350,"富淼科技",2026-06-01,35.04,36.47,34.61,35.54,36.04,-0.5,-1.3873,3769829.0,134344232.85,2.6317,0
sh.688351,"微电生理",2026-06-01,24.74,25.65,24.39,25.17,24.68,0.490000000000002,1.9854,7825874.0,196759512.98,1.663,0
sh.688352,"颀中科技",2026-06-01,19.69,22.0,19.4,21.62,19.48,2.14,10.9856,67965759.0,1426768174.35,18.5756,0
sh.688353,"华盛锂电",2026-06-01,86.79,88.28,85.8,86.2,85.04,1.16,1.3641,3430841.0,298117899.98,2.151,0
sh.688355,"明志科技",2026-06-01,19.22,19.89,19.22,19.57,19.45,0.120000000000001,0.617,1991090.0,39105413.11,1.6063,0
sh.688356,"键凯科技",2026-06-01,76.98,77.99,74.91,75.31,75.6,-0.289999999999992,-0.3836,932523.0,70971838.96,1.5375,0
sh.688357,"建龙微纳",2026-06-01,29.6,29.93,29.22,29.39,29.7,-0.309999999999999,-1.0438,1328269.0,39243319.31,1.3275,0
sh.688358,"祥生医疗",2026-06-01,32.92,33.97,32.22,33.3,32.91,0.390000000000001,1.1851,2356105.0,78664947.92,2.1041,0
sh.688359,"三孚新科",2026-06-01,135.79,139.48,131.5,133.99,133.93,0.0600000000000023,0.0448,3956912.0,535907229.95,4.0072,0
sh.688360,"德马科技",2026-06-01,21.96,22.5,21.6,21.66,22.24,-0.579999999999998,-2.6079,7724437.0,169681487.07,3.0618,0
sh.688361,"中科飞测",2026-06-01,217.0,217.43,201.11,202.6,217.89,-15.29,-7.0173,13453302.0,2769115250.83,3.842,0
sh.688362,"甬矽电子",2026-06-01,64.95,65.8,59.48,59.66,64.05,-4.39,-6.854,33362503.0,2064420388.64,8.1275,0
sh.688363,"华熙生物",2026-06-01,36.47,37.16,36.06,37.1,36.78,0.32,0.87,4330832.0,158840226.25,0.8991,0
sh.688365,"光云科技",2026-06-01,18.13,21.72,18.11,21.35,18.1,3.25,17.9558,41067820.0,848700810.96,9.6443,0
sh.688366,"昊海生科",2026-06-01,34.32,34.85,33.77,34.8,34.46,0.339999999999996,0.9867,556538.0,19134860.75,0.2868,0
sh.688367,"工大高科",2026-06-01,34.21,36.3,34.21,35.17,34.21,0.960000000000001,2.8062,1957489.0,69477217.32,2.2339,0
sh.688368,"晶丰明源",2026-06-01,221.0,225.81,203.5,204.09,218.0,-13.91,-6.3807,4797682.0,1024425590.5,5.4211,0
sh.688369,"致远互联",2026-06-01,21.33,22.88,21.22,22.37,21.24,1.13,5.3202,5848617.0,130570783.68,5.0761,0
sh.688370,"丛麟科技",2026-06-01,22.48,23.13,22.39,23.03,22.66,0.370000000000001,1.6328,737565.0,16846268.53,0.5379,0
sh.688371,"菲沃泰",2026-06-01,35.5,36.63,34.19,34.41,35.99,-1.58000000000001,-4.3901,9602131.0,337936081.96,2.8623,0
sh.688372,"伟测科技",2026-06-01,153.26,155.98,147.0,148.98,152.8,-3.82000000000002,-2.5,7614324.0,1155213819.14,4.53,0
sh.688373,"盟科药业",2026-06-01,4.72,4.84,4.66,4.78,4.68,0.100000000000001,2.1368,10722041.0,51089297.6,1.7704,0
sh.688375,"国博电子",2026-06-01,90.9,93.0,89.52,89.89,91.0,-1.11,-1.2198,5963215.0,544462089.18,1.0005,0
sh.688376,"美埃科技",2026-06-01,69.72,70.38,67.33,67.94,69.72,-1.78,-2.5531,1883070.0,129134527.09,1.3923,0
sh.688377,"迪威尔",2026-06-01,27.16,29.6,27.01,29.08,27.31,1.77,6.4811,3574502.0,101833424.73,1.5304,0
sh.688378,"奥来德",2026-06-01,41.75,43.38,40.77,40.88,41.75,-0.869999999999997,-2.0838,14012501.0,587537875.78,5.8153,0
sh.688379,"华光新材",2026-06-01,69.62,70.48,66.01,66.68,69.62,-2.94,-4.2229,3063793.0,207430646.16,3.401,0
sh.688380,"中微半导",2026-06-01,45.92,45.92,42.9,43.01,46.0,-2.99,-6.5,9070779.0,400316089.46,2.2656,0
sh.688381,"帝奥微",2026-06-01,44.0,44.44,40.5,40.58,44.92,-4.34,-9.6616,20116689.0,846509040.51,8.128,0
sh.688382,"益方生物",2026-06-01,19.9,21.12,18.62,18.69,19.5,-0.809999999999999,-4.1538,18889267.0,371688337.93,3.2661,0
sh.688383,"新益昌",2026-06-01,136.8,140.0,130.08,134.09,136.28,-2.19,-1.607,2187186.0,297458129.32,2.1518,0
sh.688385,"复旦微电",2026-06-01,60.83,63.98,58.78,59.47,60.41,-0.939999999999998,-1.556,25305132.0,1536173605.54,4.6914,0
sh.688386,"泛亚微透",2026-06-01,78.43,82.3,78.3,80.0,78.43,1.56999999999999,2.0018,1834170.0,147700633.59,2.0156,0
sh.688387,"信科移动",2026-06-01,15.98,16.09,15.23,15.27,16.14,-0.870000000000001,-5.3903,73434014.0,1146730565.09,3.6412,0
sh.688388,"嘉元科技",2026-06-01,48.99,49.43,45.78,45.8,48.75,-2.95,-6.0513,39769083.0,1875139962.52,8.7275,0
sh.688389,"普门科技",2026-06-01,11.76,11.93,11.68,11.88,11.76,0.120000000000001,1.0204,1410475.0,16659739.89,0.3292,0
sh.688390,"固德威",2026-06-01,143.21,152.96,143.2,144.47,140.4,4.06999999999999,2.8989,9536812.0,1419319612.25,3.9236,0
sh.688391,"钜泉科技",2026-06-01,31.26,31.39,30.22,30.9,31.22,-0.32,-1.025,2752648.0,84882483.06,2.3898,0
sh.688392,"骄成超声",2026-06-01,154.51,160.51,147.08,149.04,155.73,-6.69,-4.2959,3972287.0,604367219.54,3.4323,0
sh.688393,"安必平",2026-06-01,21.06,22.35,20.99,21.98,21.48,0.5,2.3277,1713800.0,37540540.27,1.8316,0
sh.688395,"正弦电气",2026-06-01,26.45,27.65,26.22,27.3,26.2,1.1,4.1985,2567725.0,69741654.07,2.9651,0
sh.688396,"华润微",2026-06-01,64.8,68.77,61.67,65.6,64.09,1.50999999999999,2.3561,55985032.0,3641610155.94,4.2151,0
sh.688398,"赛特新材",2026-06-01,30.69,30.74,28.63,29.38,30.73,-1.35,-4.3931,5584988.0,164719817.26,3.3281,0
sh.688399,"硕世生物",2026-06-01,52.46,54.83,52.2,53.35,53.09,0.259999999999998,0.4897,983600.0,52804420.43,1.1727,0
sh.688400,"凌云光",2026-06-01,61.23,62.0,55.51,55.63,61.43,-5.8,-9.4416,24389643.0,1407710402.7,5.2909,0
sh.688401,"路维光电",2026-06-01,79.63,80.14,72.15,72.88,79.06,-6.18000000000001,-7.8168,9576986.0,723122047.89,4.9532,0
sh.688403,"汇成股份",2026-06-01,20.88,21.5,19.7,19.74,21.1,-1.36,-6.4455,63457327.0,1290927719.76,6.4038,0
sh.688408,"中信博",2026-06-01,35.14,35.88,34.62,34.74,35.19,-0.449999999999996,-1.2788,3654904.0,128768210.3,1.6684,0
sh.688409,"富创精密",2026-06-01,150.99,153.72,142.02,142.1,150.51,-8.41,-5.5877,7992978.0,1168018313.43,2.6103,0
sh.688410,"山外山",2026-06-01,16.79,17.16,16.3,16.44,16.9,-0.459999999999997,-2.7219,8582989.0,142427520.23,2.6855,0
sh.688411,"海博思创",2026-06-01,280.41,309.17,276.5,293.04,276.0,17.04,6.1739,12095605.0,3589376980.22,9.1236,0
sh.688416,"恒烁股份",2026-06-01,121.82,123.63,114.0,114.5,120.92,-6.42,-5.3093,4138963.0,490460924.34,4.9762,0
sh.688418,"震有科技",2026-06-01,48.15,48.66,45.87,45.9,47.5,-1.6,-3.3684,5148413.0,242138732.43,2.6737,0
sh.688419,"耐科装备",2026-06-01,53.0,53.0,48.14,48.32,52.56,-4.24,-8.067,3622944.0,181865746.21,3.1627,0
sh.688420,"美腾科技",2026-06-01,24.52,25.98,24.31,25.59,24.52,1.07,4.3638,1326293.0,33756092.9,3.1776,0
sh.688425,"铁建重工",2026-06-01,4.44,4.5,4.43,4.48,4.45,0.0300000000000002,0.6742,18252181.0,81647978.49,0.3422,0
sh.688426,"康为世纪",2026-06-01,18.38,19.28,18.27,18.99,18.58,0.41,2.2067,1394421.0,26382295.06,1.2425,0
sh.688428,"诺诚健华",2026-06-01,24.5,25.0,23.23,23.24,24.45,-1.21,-4.9489,13795863.0,329525210.18,5.1408,0
sh.688429,"时创能源",2026-06-01,11.91,12.35,11.89,12.2,12.01,0.19,1.582,2477366.0,30262234.33,2.0674,0
sh.688432,"有研硅",2026-06-01,19.09,19.09,17.87,17.94,19.09,-1.15,-6.0241,24259013.0,443962228.07,1.9403,0
sh.688433,"华曙高科",2026-06-01,93.44,95.7,86.88,90.08,93.6,-3.52,-3.7607,8114788.0,728014773.32,1.9527,0
sh.688435,"英方软件",2026-06-01,37.46,43.43,37.37,42.6,37.45,5.15,13.7517,5481663.0,226405363.86,9.7803,0
sh.688439,"振华风光",2026-06-01,50.6,50.77,49.01,49.49,50.78,-1.29,-2.5404,4200066.0,209269827.3,2.1,0
sh.688443,"智翔金泰",2026-06-01,26.26,26.88,24.55,24.79,26.8,-2.01,-7.5,9727229.0,248711945.26,8.3367,0
sh.688448,"磁谷科技",2026-06-01,71.79,72.49,68.21,69.63,71.7,-2.07000000000001,-2.887,2225111.0,155622912.72,3.0786,0
sh.688449,"联芸科技",2026-06-01,75.49,76.5,70.21,70.83,75.85,-5.02,-6.6183,15091580.0,1095642788.41,5.1471,0
sh.688450,"光格科技",2026-06-01,45.65,47.67,45.4,46.65,47.25,-0.600000000000001,-1.2698,1357258.0,63201430.84,2.7738,0
sh.688455,"科捷智能",2026-06-01,20.5,21.37,20.22,20.88,20.5,0.379999999999999,1.8537,2476329.0,51832781.08,1.4737,0
sh.688456,"有研粉材",2026-06-01,76.98,80.5,75.3,76.02,77.1,-1.08,-1.4008,7710574.0,594737911.66,7.4383,0
sh.688458,"美芯晟",2026-06-01,39.45,40.06,37.93,38.08,39.43,-1.35,-3.4238,3442542.0,133849605.47,3.6728,0
sh.688459,"哈铁科技",2026-06-01,8.36,8.62,8.34,8.59,8.41,0.18,2.1403,1576306.0,13464339.65,0.3284,0
sh.688466,"金科环境",2026-06-01,16.03,16.89,16.0,16.76,16.21,0.550000000000001,3.393,2120439.0,35077445.21,1.7359,0
sh.688468,"科美诊断",2026-06-01,6.65,6.76,6.52,6.75,6.62,0.13,1.9637,2987638.0,19973167.22,0.7448,0
sh.688469,"芯联集成",2026-06-01,8.1,8.1,7.61,7.67,8.06,-0.390000000000001,-4.8387,251365026.0,1966581151.88,4.2823,0
sh.688472,"阿特斯",2026-06-01,13.24,13.71,12.98,12.99,13.25,-0.26,-1.9623,54738431.0,727594215.48,4.0618,0
sh.688475,"萤石网络",2026-06-01,28.1,28.62,27.52,27.97,28.23,-0.260000000000002,-0.921,4905655.0,137378869.96,0.6229,0
sh.688478,"晶升股份",2026-06-01,67.13,68.65,62.18,62.56,66.12,-3.56,-5.3842,7557763.0,484556087.13,5.4621,0
sh.688479,"友车科技",2026-06-01,41.42,41.71,39.83,40.85,41.83,-0.979999999999997,-2.3428,2086389.0,85327955.72,3.348,0
sh.688480,"赛恩斯",2026-06-01,99.05,100.0,91.67,91.73,98.31,-6.58,-6.6931,2285354.0,216881036.14,2.3974,0
sh.688484,"南芯科技",2026-06-01,42.65,43.58,40.8,41.03,42.0,-0.969999999999999,-2.3095,10953827.0,461240657.85,2.5613,0
sh.688485,"九州一轨",2026-06-01,52.92,53.55,50.0,50.65,53.31,-2.66,-4.9897,5891008.0,303306015.05,6.6372,0
sh.688486,"龙迅股份",2026-06-01,74.88,75.0,69.33,69.5,73.86,-4.36,-5.9031,4346471.0,311281795.7,3.2504,0
sh.688488,"艾迪药业",2026-06-01,15.57,15.69,14.92,14.98,15.52,-0.539999999999999,-3.4794,6869419.0,104731224.92,1.6325,0
sh.688489,"三未信安",2026-06-01,25.38,26.65,25.03,25.59,25.39,0.199999999999999,0.7877,1804063.0,46654793.34,1.0721,0
sh.688496,"*ST清越",2026-06-01,0.96,1.1,0.96,1.07,0.97,0.1,10.3093,20213950.0,20817784.59,8.4952,1
sh.688498,"源杰科技",2026-06-01,1133.5,1149.97,1060.02,1073.44,1132.79,-59.3499999999999,-5.2393,5612037.0,6204977280.6,4.5666,0
sh.688499,"利元亨",2026-06-01,56.74,60.13,55.7,55.85,57.3,-1.45,-2.5305,10291876.0,597904002.96,6.0997,0
sh.688500,"慧辰股份",2026-06-01,52.28,56.6,51.12,55.72,51.71,4.01,7.7548,4071980.0,222264688.44,5.554,0
sh.688501,"青达环保",2026-06-01,20.82,21.74,20.51,21.45,20.72,0.73,3.5232,1369954.0,29240698.04,1.1028,0
sh.688502,"茂莱光学",2026-06-01,445.0,453.0,430.02,432.99,452.0,-19.01,-4.2058,1654215.0,730489823.87,3.133,0
sh.688503,"聚和材料",2026-06-01,91.06,93.48,87.77,87.88,91.8,-3.92,-4.2702,11849701.0,1069426420.86,5.8977,0
sh.688505,"复旦张江",2026-06-01,7.22,7.28,7.11,7.23,7.16,0.0700000000000003,0.9777,2984446.0,21539854.46,0.42,0
sh.688506,"百利天恒",2026-06-01,239.99,243.9,205.66,213.15,238.57,-25.42,-10.6552,5789690.0,1260664800.75,1.4023,0
sh.688507,"索辰科技",2026-06-01,160.23,168.86,154.8,162.64,160.0,2.63999999999999,1.65,7958517.0,1292957750.78,16.1641,0
sh.688508,"芯朋微",2026-06-01,95.45,101.39,92.1,94.76,97.03,-2.27,-2.3395,11066797.0,1065504278.6,8.3573,0
sh.688509,"正元地信",2026-06-01,4.57,4.87,4.45,4.83,4.57,0.26,5.6893,16712839.0,79764291.48,4.3433,0
sh.688510,"航亚科技",2026-06-01,25.73,26.95,25.72,26.18,25.6,0.579999999999998,2.2656,7971121.0,210835462.57,3.0715,0
sh.688511,"天微电子",2026-06-01,24.7,24.88,23.72,23.92,24.38,-0.459999999999997,-1.8868,3033512.0,73425652.99,2.2693,0
sh.688512,"慧智微",2026-06-01,13.7,14.01,13.31,13.37,13.84,-0.470000000000001,-3.396,21047177.0,287401224.58,6.4846,0
sh.688513,"苑东生物",2026-06-01,54.01,54.91,48.86,48.87,53.08,-4.21,-7.9314,1981638.0,100948646.44,1.1225,0
sh.688515,"裕太微",2026-06-01,190.02,194.0,183.0,184.04,191.53,-7.49000000000001,-3.9106,3559991.0,669992053.29,7.1458,0
sh.688516,"奥特维",2026-06-01,65.19,65.49,61.5,61.71,64.49,-2.77999999999999,-4.3107,11463979.0,726527288.93,3.6421,0
sh.688517,"金冠电气",2026-06-01,22.4,23.3,21.99,22.2,22.67,-0.470000000000002,-2.0732,3207736.0,72623018.13,2.348,0
sh.688518,"联赢激光",2026-06-01,27.5,28.0,26.0,26.08,27.66,-1.58,-5.7122,20092497.0,541184695.3,5.8866,0
sh.688519,"南亚新材",2026-06-01,236.61,236.61,210.0,216.55,239.0,-22.45,-9.3933,8577459.0,1903794792.34,3.6535,0
sh.688520,"神州细胞",2026-06-01,39.37,41.3,38.77,39.22,38.25,0.969999999999999,2.5359,3679666.0,147455434.71,0.8263,0
sh.688521,"芯原股份",2026-06-01,248.5,248.5,226.6,227.3,246.84,-19.54,-7.9161,20105902.0,4719937952.9,3.823,0
sh.688522,"纳睿雷达",2026-06-01,21.64,22.0,21.47,21.88,21.64,0.239999999999998,1.1091,4305289.0,93776472.34,2.5004,0
sh.688523,"航天环宇",2026-06-01,57.55,59.85,56.43,57.28,56.43,0.850000000000001,1.5063,7784445.0,453523135.11,8.0655,0
sh.688525,"佰维存储",2026-06-01,331.0,333.99,305.0,305.0,327.37,-22.37,-6.8332,33896411.0,10779485259.62,7.1992,0
sh.688526,"科前生物",2026-06-01,13.15,13.3,12.95,13.27,13.15,0.119999999999999,0.9125,1929895.0,25346318.63,0.414,0
sh.688528,"秦川物联",2026-06-01,11.69,11.83,11.18,11.76,11.36,0.4,3.5211,3328180.0,38638323.99,1.9811,0
sh.688529,"豪森智能",2026-06-01,18.07,18.65,17.94,18.33,18.27,0.0599999999999987,0.3284,2556190.0,46931694.15,1.5199,0
sh.688530,"欧莱新材",2026-06-01,49.65,50.68,47.12,47.16,49.61,-2.45,-4.9385,5989742.0,290812421.83,8.5839,0
sh.688531,"日联科技",2026-06-01,178.0,183.53,167.0,168.3,178.7,-10.4,-5.8198,7820151.0,1364719019.44,6.8132,0
sh.688533,"上声电子",2026-06-01,24.83,25.76,24.82,25.6,24.88,0.720000000000002,2.8939,1118619.0,28460029.33,0.678,0
sh.688535,"华海诚科",2026-06-01,120.19,124.0,113.88,114.15,120.19,-6.03999999999999,-5.0254,8264774.0,969634765.17,6.9278,0
sh.688536,"思瑞浦",2026-06-01,304.4,310.88,280.0,280.56,309.01,-28.45,-9.2068,8119836.0,2372761186.69,5.9859,0
sh.688538,"和辉光电",2026-06-01,2.36,2.41,2.32,2.36,2.35,0.00999999999999979,0.4255,153417244.0,363453248.35,2.6671,0
sh.688539,"高华科技",2026-06-01,33.1,33.71,31.94,31.97,33.16,-1.19,-3.5887,2866048.0,93854969.56,1.5415,0
sh.688543,"国科军工",2026-06-01,43.38,44.33,43.25,43.46,43.25,0.210000000000001,0.4855,4413720.0,193523853.01,3.1718,0
sh.688545,"兴福电子",2026-06-01,75.91,76.9,72.8,74.27,75.2,-0.930000000000007,-1.2367,11080438.0,825477360.23,6.0798,0
sh.688548,"广钢气体",2026-06-01,27.8,28.54,26.73,26.81,27.7,-0.890000000000001,-3.213,21559338.0,593087821.59,3.1191,0
sh.688549,"中巨芯",2026-06-01,14.49,15.09,14.25,14.25,14.35,-0.0999999999999996,-0.6969,55166762.0,803913313.21,9.3611,0
sh.688550,"瑞联新材",2026-06-01,45.26,46.7,44.48,46.01,46.5,-0.490000000000002,-1.0538,8344959.0,380357061.31,4.8002,0
sh.688551,"科威尔",2026-06-01,68.63,72.1,66.6,66.6,68.0,-1.40000000000001,-2.0588,6071000.0,422551235.27,7.2213,0
sh.688552,"航天南湖",2026-06-01,31.33,31.85,31.01,31.19,31.3,-0.109999999999999,-0.3514,2634680.0,82772423.28,0.7812,0
sh.688553,"汇宇制药",2026-06-01,18.14,18.58,17.31,17.45,17.72,-0.27,-1.5237,7788879.0,138529925.56,2.2672,0
sh.688556,"高测股份",2026-06-01,11.9,12.04,11.27,11.38,11.93,-0.549999999999999,-4.6102,44126647.0,515892230.32,5.3115,0
sh.688557,"兰剑智能",2026-06-01,30.99,31.24,30.28,30.98,31.17,-0.190000000000001,-0.6096,1351390.0,41643739.61,1.3161,0
sh.688558,"国盛智科",2026-06-01,34.45,34.45,33.3,33.66,34.4,-0.740000000000002,-2.1512,2267757.0,76972696.6,1.718,0
sh.688559,"海目星",2026-06-01,63.1,65.08,61.01,61.18,63.53,-2.35,-3.699,11671169.0,737443899.8,4.7107,0
sh.688560,"明冠新材",2026-06-01,14.53,15.08,14.48,14.72,14.5,0.220000000000001,1.5172,4067541.0,60271260.26,2.0206,0
sh.688561,"奇安信",2026-06-01,26.92,28.58,26.34,27.69,26.79,0.900000000000002,3.3595,9651005.0,268178122.77,1.4146,0
sh.688562,"航天软件",2026-06-01,17.22,17.54,17.1,17.32,17.14,0.18,1.0502,3761917.0,65121445.61,0.9405,0
sh.688563,"航材股份",2026-06-01,52.01,52.25,51.4,51.58,51.96,-0.380000000000003,-0.7313,3140194.0,162509375.11,2.6842,0
sh.688565,"力源科技",2026-06-01,11.22,11.82,10.92,11.44,11.21,0.229999999999999,2.0517,5546681.0,63627077.31,3.7045,0
sh.688566,"吉贝尔",2026-06-01,25.13,25.59,24.9,25.32,25.13,0.190000000000001,0.7561,621068.0,15726241.25,0.3114,0
sh.688567,"孚能科技",2026-06-01,12.9,13.71,12.9,13.16,13.01,0.15,1.153,19050240.0,254753740.51,1.5588,0
sh.688568,"中科星图",2026-06-01,48.19,48.28,46.72,46.88,48.67,-1.79,-3.6778,12565374.0,596075007.61,1.555,0
sh.688569,"铁科轨道",2026-06-01,19.11,19.38,19.02,19.25,19.19,0.0599999999999987,0.3127,1106865.0,21215389.46,0.5254,0
sh.688570,"天玛智控",2026-06-01,15.92,16.21,15.87,16.17,15.92,0.250000000000002,1.5704,1148532.0,18484227.74,0.6103,0
sh.688571,"杭华股份",2026-06-01,8.51,9.14,8.46,8.9,8.59,0.31,3.6088,11155815.0,98792971.57,2.63,0
sh.688573,"信宇人",2026-06-01,21.24,22.08,21.18,21.38,20.92,0.459999999999997,2.1989,2544636.0,55137588.35,4.7817,0
sh.688575,"亚辉龙",2026-06-01,10.24,10.59,10.18,10.51,10.3,0.209999999999999,2.0388,8953367.0,93032372.57,1.5669,0
sh.688576,"西山科技",2026-06-01,70.21,72.45,69.86,71.77,70.22,1.55,2.2073,285819.0,20424875.92,1.3116,0
sh.688577,"浙海德曼",2026-06-01,71.17,74.2,70.5,71.5,70.99,0.510000000000005,0.7184,1482555.0,106948321.41,1.3323,0
sh.688578,"艾力斯",2026-06-01,89.83,92.64,88.8,89.21,89.12,0.0899999999999892,0.101,5446703.0,491363739.91,1.2104,0
sh.688579,"地纬智能",2026-06-01,8.84,9.25,8.82,9.12,8.82,0.299999999999999,3.4014,3402066.0,30999829.85,0.8505,0
sh.688580,"伟思医疗",2026-06-01,51.39,53.0,51.37,51.85,51.5,0.350000000000001,0.6796,1370930.0,71622918.1,1.4315,0
sh.688581,"安杰思",2026-06-01,55.55,57.0,55.39,56.0,55.99,0.00999999999999801,0.0179,615134.0,34502814.26,1.4801,0
sh.688582,"芯动联科",2026-06-01,48.7,49.14,46.8,46.8,48.7,-1.90000000000001,-3.9014,6300350.0,301534494.42,2.5179,0
sh.688583,"思看科技",2026-06-01,113.35,121.0,111.31,119.5,114.62,4.88,4.2575,2132941.0,247541694.66,6.9244,0
sh.688584,"上海合晶",2026-06-01,26.29,26.78,24.8,25.45,25.9,-0.449999999999999,-1.7375,17259915.0,442963497.87,5.0276,0
sh.688585,"上纬新材",2026-06-01,176.72,181.0,171.0,172.92,179.6,-6.68000000000001,-3.7194,5403689.0,942226775.17,1.3397,0
sh.688586,"江航装备",2026-06-01,13.13,13.41,12.86,12.89,13.15,-0.26,-1.9772,9075160.0,118893023.21,1.1468,0
sh.688588,"凌志软件",2026-06-01,10.1,10.87,10.1,10.62,10.2,0.42,4.1176,5944679.0,63236143.12,1.4861,0
sh.688589,"力合微",2026-06-01,21.13,21.95,21.13,21.52,21.58,-0.0599999999999987,-0.278,4822999.0,103905612.54,3.3187,0
sh.688590,"新致软件",2026-06-01,14.07,15.21,14.0,14.66,14.08,0.58,4.1193,15235704.0,226037552.66,5.412,0
sh.688591,"泰凌微",2026-06-01,33.9,34.0,32.81,32.81,33.56,-0.75,-2.2348,4890292.0,163078169.64,2.8893,0
sh.688592,"司南导航",2026-06-01,38.17,38.66,37.4,37.64,38.17,-0.530000000000001,-1.3885,1371940.0,52037450.7,3.5615,0
sh.688593,"新相微",2026-06-01,37.92,38.41,34.47,34.85,37.6,-2.75,-7.3138,26409564.0,950589399.67,5.7471,0
sh.688595,"芯海科技",2026-06-01,33.5,37.0,32.83,34.98,31.96,3.02,9.4493,11451814.0,402530133.28,7.9475,0
sh.688596,"正帆科技",2026-06-01,40.73,41.02,37.96,38.1,40.56,-2.46,-6.0651,13424365.0,525950177.88,4.5641,0
sh.688597,"煜邦电力",2026-06-01,7.79,8.18,7.79,7.95,7.87,0.0800000000000001,1.0165,4590118.0,36771915.93,1.3659,0
sh.688598,"金博股份",2026-06-01,31.13,31.59,29.9,30.06,31.21,-1.15,-3.6847,9689690.0,296881326.85,4.7597,0
sh.688599,"天合光能",2026-06-01,15.48,15.75,15.17,15.17,15.42,-0.25,-1.6213,43682981.0,673658372.14,1.8647,0
sh.688600,"皖仪科技",2026-06-01,26.12,26.99,25.43,25.91,26.66,-0.75,-2.8132,4422790.0,115200351.9,3.2832,0
sh.688601,"力芯微",2026-06-01,53.0,55.14,52.17,53.37,53.35,0.019999999999996,0.0375,7266804.0,389064439.36,5.4355,0
sh.688602,"康鹏科技",2026-06-01,6.86,7.08,6.74,6.96,6.9,0.0599999999999996,0.8696,7277164.0,50657723.42,2.8033,0
sh.688603,"天承科技",2026-06-01,164.0,167.89,152.81,159.89,165.33,-5.44000000000003,-3.2904,7236165.0,1158178013.93,15.2592,0
sh.688605,"先锋精科",2026-06-01,68.94,69.7,66.22,66.92,67.8,-0.879999999999995,-1.2979,5036887.0,340341824.25,4.6486,0
sh.688606,"奥泰生物",2026-06-01,47.1,47.83,46.53,47.42,46.48,0.940000000000005,2.0224,416242.0,19726774.97,0.525,0
sh.688607,"康众医疗",2026-06-01,56.0,59.76,55.55,55.88,58.5,-2.62,-4.4786,1920278.0,109546215.97,2.4206,0
sh.688608,"恒玄科技",2026-06-01,168.0,168.49,161.78,161.79,166.71,-4.92000000000002,-2.9512,4421411.0,728663662.03,2.621,0
sh.688609,"九联科技",2026-06-01,11.32,11.9,11.31,11.49,11.41,0.0800000000000001,0.7011,20791238.0,241199017.71,4.1582,0
sh.688610,"埃科光电",2026-06-01,184.07,184.07,168.8,171.18,185.0,-13.82,-7.4703,2367389.0,414418215.56,5.7836,0
sh.688611,"杭州柯林",2026-06-01,79.8,82.56,76.56,78.78,79.7,-0.920000000000002,-1.1543,3435796.0,272372537.9,2.2399,0
sh.688612,"威迈斯",2026-06-01,32.63,36.16,32.25,34.42,32.75,1.67,5.0992,10510392.0,359118023.95,4.1617,0
sh.688613,"奥精医疗",2026-06-01,16.86,17.31,16.68,17.14,16.9,0.240000000000002,1.4201,2040952.0,35031375.61,1.4897,0
sh.688615,"合合信息",2026-06-01,127.51,142.95,127.51,136.62,127.81,8.81,6.893,11135989.0,1519669120.44,8.2283,0
sh.688616,"西力科技",2026-06-01,12.13,12.69,12.13,12.51,12.25,0.26,2.1224,2781102.0,34821742.74,1.5504,0
sh.688617,"惠泰医疗",2026-06-01,205.58,209.39,201.43,204.58,205.59,-1.00999999999999,-0.4913,1914887.0,393446551.94,1.353,0
sh.688618,"三旺通信",2026-06-01,35.75,36.48,34.3,34.42,35.75,-1.33,-3.7203,2474406.0,86913419.17,2.2485,0
sh.688619,"罗普特",2026-06-01,16.19,18.49,16.19,17.56,16.38,1.18,7.2039,9018109.0,158274216.23,4.8631,0
sh.688620,"安凯微",2026-06-01,12.21,12.55,11.94,12.0,12.35,-0.35,-2.834,12991022.0,158984510.26,5.5919,0
sh.688621,"阳光诺和",2026-06-01,54.48,54.8,51.85,52.5,54.0,-1.5,-2.7778,1776969.0,94363216.93,1.5866,0
sh.688622,"*ST禾信",2026-06-01,119.43,130.42,112.11,118.0,116.98,1.02,0.8719,2495953.0,305225066.64,3.5421,1
sh.688623,"双元科技",2026-06-01,103.57,108.0,103.29,107.0,103.6,3.40000000000001,3.2819,1728358.0,183600011.23,9.0288,0
sh.688625,"呈和科技",2026-06-01,105.8,105.8,93.67,98.0,105.86,-7.86,-7.4249,5856366.0,575012366.07,3.1098,0
sh.688626,"翔宇医疗",2026-06-01,51.51,52.75,51.41,51.51,51.4,0.109999999999999,0.214,1303885.0,67699838.4,0.8149,0
sh.688627,"精智达",2026-06-01,364.33,372.82,346.0,349.58,367.0,-17.42,-4.7466,5056448.0,1805026459.35,6.9775,0
sh.688628,"优利德",2026-06-01,87.52,87.52,81.07,81.07,85.8,-4.73,-5.5128,3359202.0,280323609.42,3.0055,0
sh.688629,"华丰科技",2026-06-01,140.0,140.0,130.67,131.04,141.94,-10.9,-7.6793,17331496.0,2341743276.55,9.5342,0
sh.688630,"芯碁微装",2026-06-01,341.99,359.8,330.2,339.89,335.0,4.88999999999999,1.4597,10064425.0,3486371866.41,7.6396,0
sh.688631,"莱斯信息",2026-06-01,48.0,49.37,47.15,48.31,48.1,0.210000000000001,0.4366,1596919.0,77338016.94,2.4617,0
sh.688633,"星球石墨",2026-06-01,29.8,30.86,29.52,30.17,29.93,0.240000000000002,0.8019,7517802.0,227375217.27,4.7278,0
sh.688635,sh.688635,2026-06-01,744.4,747.87,586.01,595.8,720.5,-124.7,-17.3074,6736749.0,4370986253.9,37.9396,0
sh.688636,"智明达",2026-06-01,35.57,36.88,35.39,36.0,35.74,0.259999999999998,0.7275,4739402.0,172298288.32,2.8273,0
sh.688638,"誉辰智能",2026-06-01,37.81,38.39,36.27,36.7,35.83,0.870000000000005,2.4281,1488428.0,55908474.44,5.625,0
sh.688639,"华恒生物",2026-06-01,23.78,24.3,23.35,23.57,23.47,0.100000000000001,0.4261,4947399.0,116906166.85,1.978,0
sh.688646,"ST逸飞",2026-06-01,65.58,68.48,64.01,68.0,63.49,4.51,7.1035,1690363.0,113564685.92,2.9152,1
sh.688648,"中邮科技",2026-06-01,39.94,41.82,39.4,40.19,39.85,0.339999999999996,0.8532,2318603.0,93420114.22,3.3347,0
sh.688651,"盛邦安全",2026-06-01,35.59,36.71,35.26,35.84,35.68,0.160000000000004,0.4484,1196833.0,43229974.91,3.6877,0
sh.688652,"京仪装备",2026-06-01,135.87,136.88,129.87,130.8,135.53,-4.72999999999999,-3.49,5459369.0,726078113.14,4.5212,0
sh.688653,"康希通信",2026-06-01,14.8,14.8,14.09,14.15,14.62,-0.469999999999999,-3.2148,12058188.0,173256902.57,3.8109,0
sh.688655,"迅捷兴",2026-06-01,48.92,49.21,46.32,46.88,48.05,-1.16999999999999,-2.435,6959572.0,333226920.36,5.2175,0
sh.688656,"浩欧博",2026-06-01,112.5,113.8,108.6,111.11,111.52,-0.409999999999997,-0.3676,495659.0,55200365.2,0.7808,0
sh.688657,"浩辰软件",2026-06-01,36.0,37.66,36.0,36.8,36.43,0.369999999999997,1.0156,1384372.0,51311060.31,2.3191,0
sh.688658,"悦康药业",2026-06-01,17.85,18.24,17.47,17.57,17.82,-0.25,-1.4029,7765877.0,137776585.46,1.7258,0
sh.688659,"元琛科技",2026-06-01,10.53,11.0,10.21,10.82,10.52,0.300000000000001,2.8517,6018009.0,64833837.99,3.7613,0
sh.688660,"电气风电",2026-06-01,10.21,10.38,10.1,10.16,10.22,-0.0600000000000005,-0.5871,18989305.0,194814425.42,1.4242,0
sh.688661,"和林微纳",2026-06-01,115.9,118.0,108.0,109.07,117.2,-8.13000000000001,-6.9369,5010497.0,560875361.68,3.2988,0
sh.688662,"富信科技",2026-06-01,94.2,95.0,87.11,87.8,95.2,-7.40000000000001,-7.7731,6466469.0,587452152.64,7.3283,0
sh.688663,"新风光",2026-06-01,90.21,93.75,88.61,91.13,90.3,0.829999999999998,0.9192,3747918.0,344027470.73,2.6492,0
sh.688665,"四方光电",2026-06-01,51.01,52.54,50.82,51.1,51.57,-0.469999999999999,-0.9114,928903.0,47909355.78,0.918,0
sh.688667,"菱电电控",2026-06-01,120.33,123.06,115.0,115.7,120.91,-5.20999999999999,-4.309,1503843.0,177778965.69,2.8538,0
sh.688668,"鼎通科技",2026-06-01,290.11,292.66,264.12,266.09,289.93,-23.84,-8.2227,5604348.0,1533375668.68,4.0241,0
sh.688669,"聚石化学",2026-06-01,40.32,42.55,40.0,40.3,40.3,0.0,0.0,4703891.0,193727435.91,3.8768,0
sh.688670,"金迪克",2026-06-01,16.52,17.2,16.35,16.95,16.55,0.399999999999999,2.4169,1173853.0,19915175.33,0.9528,0
sh.688671,"碧兴物联",2026-06-01,25.98,26.69,25.2,25.98,25.88,0.100000000000001,0.3864,2621844.0,68191924.17,5.5966,0
sh.688676,"金盘科技",2026-06-01,100.48,106.92,100.01,100.69,100.48,0.209999999999994,0.209,20380402.0,2100537204.99,4.4326,0
sh.688677,"海泰新光",2026-06-01,153.92,158.0,142.5,143.52,154.98,-11.46,-7.3945,5466013.0,818746692.94,4.5597,0
sh.688678,"福立旺",2026-06-01,21.88,22.87,21.55,21.73,22.06,-0.329999999999998,-1.4959,15236218.0,335683834.27,3.7797,0
sh.688679,"通源环境",2026-06-01,60.99,60.99,57.53,58.09,60.08,-1.98999999999999,-3.3123,3838516.0,225495321.09,2.9148,0
sh.688680,"海优新材",2026-06-01,42.4,44.57,41.4,42.76,41.66,1.1,2.6404,2967650.0,128741686.19,3.0415,0
sh.688681,"科汇股份",2026-06-01,17.29,17.82,16.82,17.57,17.26,0.309999999999999,1.7961,2801895.0,49272287.64,2.6769,0
sh.688682,"霍莱沃",2026-06-01,42.87,42.87,40.52,41.07,41.21,-0.140000000000001,-0.3397,2525114.0,104155761.26,2.4795,0
sh.688683,"莱尔科技",2026-06-01,38.53,39.4,37.0,37.64,37.89,-0.25,-0.6598,2879502.0,109387673.77,1.8556,0
sh.688685,"迈信林",2026-06-01,47.26,47.93,45.5,45.7,46.93,-1.23,-2.6209,3385719.0,158750924.77,2.3055,0
sh.688686,"奥普特",2026-06-01,145.01,151.9,138.03,138.89,149.49,-10.6,-7.0908,3177763.0,454982835.8,2.5997,0
sh.688687,"凯因科技",2026-06-01,17.15,17.43,17.05,17.34,17.04,0.300000000000001,1.7606,1836020.0,31772875.27,1.074,0
sh.688689,"银河微电",2026-06-01,38.57,40.85,38.35,39.74,38.75,0.990000000000002,2.5548,5561708.0,222059499.15,4.3146,0
sh.688690,"纳微科技",2026-06-01,37.84,39.64,37.1,38.24,38.13,0.109999999999999,0.2885,21550678.0,824249725.56,5.3368,0
sh.688691,"灿芯股份",2026-06-01,106.49,107.82,98.0,98.1,105.8,-7.7,-7.2779,7556364.0,767103021.94,10.3561,0
sh.688692,"达梦数据",2026-06-01,259.54,298.56,259.54,285.2,257.51,27.69,10.753,4816796.0,1373110665.52,6.586,0
sh.688693,"锴威特",2026-06-01,113.78,114.0,102.01,105.23,113.78,-8.55,-7.5145,3406986.0,365015145.4,8.7573,0
sh.688695,"中创股份",2026-06-01,21.97,22.9,21.57,22.66,21.97,0.690000000000001,3.1406,1702283.0,38261133.29,3.1881,0
sh.688696,"极米科技",2026-06-01,75.3,78.17,75.04,76.28,75.98,0.299999999999997,0.3948,707314.0,54153605.78,1.0102,0
sh.688697,"纽威数控",2026-06-01,20.96,21.21,20.41,20.73,20.82,-0.0899999999999999,-0.4323,7446499.0,154539313.86,1.6282,0
sh.688698,"伟创电气",2026-06-01,67.49,69.36,64.57,64.79,67.5,-2.70999999999999,-4.0148,6166048.0,410936422.0,2.881,0
sh.688699,"明微电子",2026-06-01,62.7,63.5,58.8,60.05,62.7,-2.65000000000001,-4.2265,5479665.0,334368178.68,4.9786,0
sh.688700,"东威科技",2026-06-01,83.55,85.99,79.73,79.99,82.38,-2.39,-2.9012,14906762.0,1230022592.39,4.9955,0
sh.688701,"卓锦股份",2026-06-01,9.69,10.04,9.36,9.81,9.63,0.18,1.8692,3623717.0,35611781.09,2.6987,0
sh.688702,"盛科通信",2026-06-01,284.46,284.68,253.0,253.0,281.52,-28.52,-10.1307,8877152.0,2346495772.2,4.3732,0
sh.688707,"振华新材",2026-06-01,14.9,17.35,14.86,16.24,14.46,1.78,12.3098,53617490.0,887564948.39,10.5393,0
sh.688708,"佳驰科技",2026-06-01,50.64,52.6,49.44,50.69,49.65,1.04,2.0947,2323224.0,118881230.46,1.6329,0
sh.688709,"成都华微",2026-06-01,35.6,37.18,34.77,34.99,35.6,-0.609999999999999,-1.7135,7446970.0,266794600.16,3.3583,0
sh.688710,"益诺思",2026-06-01,60.3,62.7,57.8,58.49,60.51,-2.02,-3.3383,2047791.0,122222548.42,2.2579,0
sh.688711,"宏微科技",2026-06-01,33.98,34.77,32.76,32.97,33.9,-0.93,-2.7434,12185886.0,409519504.92,5.7186,0
sh.688712,"北芯生命",2026-06-01,42.49,42.52,40.33,40.76,42.0,-1.24,-2.9524,2802207.0,115703473.15,7.5501,0
sh.688716,"中研股份",2026-06-01,32.5,33.74,32.13,32.85,32.7,0.149999999999999,0.4587,2440647.0,80722730.36,3.4903,0
sh.688717,"艾罗能源",2026-06-01,106.08,113.15,104.2,107.06,104.22,2.84,2.725,6485854.0,707982734.87,6.5482,0
sh.688718,"唯赛勃",2026-06-01,16.12,16.28,15.7,16.04,15.83,0.209999999999999,1.3266,2057975.0,33086781.92,1.1844,0
sh.688719,"爱科赛博",2026-06-01,75.45,76.11,70.07,71.36,76.12,-4.76000000000001,-6.2533,3068051.0,221915425.51,3.4195,0
sh.688720,"艾森股份",2026-06-01,92.83,94.2,87.87,87.92,92.26,-4.34,-4.7041,5023993.0,454271957.23,8.9103,0
sh.688721,"龙图光罩",2026-06-01,43.92,44.99,42.0,42.15,43.98,-1.83,-4.161,3223246.0,140144651.38,6.0265,0
sh.688722,"同益中",2026-06-01,16.01,16.39,16.01,16.18,16.08,0.100000000000001,0.6219,2505302.0,40687943.03,1.1179,0
sh.688726,"拉普拉斯",2026-06-01,59.05,61.69,57.53,57.69,59.05,-1.36,-2.3031,12431732.0,739343592.16,5.6527,0
sh.688727,"恒坤新材",2026-06-01,52.5,52.89,50.51,50.77,52.37,-1.59999999999999,-3.0552,4401900.0,226698842.38,8.1474,0
sh.688728,"格科微",2026-06-01,14.33,14.68,13.85,13.88,14.49,-0.609999999999999,-4.2098,39231663.0,556835929.72,1.57,0
sh.688729,"屹唐股份",2026-06-01,25.7,25.7,24.16,24.2,25.43,-1.23,-4.8368,14801760.0,365225951.1,6.8845,0
sh.688733,"壹石通",2026-06-01,35.6,37.68,35.6,35.8,36.53,-0.730000000000004,-1.9984,9891168.0,362317991.16,4.9511,0
sh.688737,"中自科技",2026-06-01,26.19,27.37,25.41,26.34,25.96,0.379999999999999,1.4638,2421682.0,64199030.26,2.0254,0
sh.688739,"成大生物",2026-06-01,21.48,21.88,21.36,21.86,21.48,0.379999999999999,1.7691,1924770.0,41755071.17,0.4622,0
sh.688750,"金天钛业",2026-06-01,17.31,17.6,17.24,17.31,17.36,-0.0500000000000007,-0.288,2641211.0,46025245.24,1.134,0
sh.688755,"汉邦科技",2026-06-01,37.7,38.66,37.54,38.34,37.9,0.440000000000005,1.1609,798263.0,30507713.93,1.2993,0
sh.688757,"胜科纳米",2026-06-01,38.1,39.28,36.79,36.93,38.82,-1.89,-4.8686,8626457.0,327280800.15,4.7602,0
sh.688758,"赛分科技",2026-06-01,18.48,18.97,18.13,18.3,18.48,-0.18,-0.974,2965162.0,54603201.05,0.9944,0
sh.688759,"必贝特",2026-06-01,32.8,35.08,32.61,34.37,32.7,1.66999999999999,5.107,4964540.0,168936527.55,9.3022,0
sh.688765,"禾元生物",2026-06-01,51.68,52.64,50.7,51.11,51.66,-0.549999999999997,-1.0647,1379445.0,70924360.18,2.9806,0
sh.688766,"普冉股份",2026-06-01,389.0,396.25,369.07,373.04,386.1,-13.06,-3.3825,5770673.0,2204565786.19,3.8978,0
sh.688767,"博拓生物",2026-06-01,38.0,39.1,37.78,38.06,37.46,0.600000000000001,1.6017,2308887.0,88354346.43,1.5461,0
sh.688768,"容知日新",2026-06-01,49.6,51.34,48.32,49.42,49.56,-0.140000000000001,-0.2825,2189809.0,108963479.74,2.5094,0
sh.688772,"珠海冠宇",2026-06-01,16.1,16.84,16.08,16.13,15.92,0.209999999999999,1.3191,39771093.0,652180255.99,3.5128,0
sh.688775,"影石创新",2026-06-01,170.07,176.0,168.0,171.3,171.0,0.300000000000011,0.1754,1414260.0,243498482.44,4.3118,0
sh.688776,"国光电气",2026-06-01,65.52,66.5,64.2,64.4,64.95,-0.549999999999997,-0.8468,2031984.0,132444943.18,1.8748,0
sh.688777,"中控技术",2026-06-01,86.0,93.3,86.0,88.46,85.8,2.66,3.1002,35345270.0,3186935835.42,4.49,0
sh.688778,"厦钨新能",2026-06-01,62.78,63.98,60.91,61.13,62.82,-1.69,-2.6902,7371757.0,460523697.37,1.4606,0
sh.688779,"五矿新能",2026-06-01,8.86,9.19,8.85,8.92,8.85,0.0700000000000003,0.791,30397278.0,273897334.44,1.5756,0
sh.688781,"视涯科技",2026-06-01,51.27,53.53,48.5,48.71,51.1,-2.39,-4.6771,6021863.0,306030092.86,14.7468,0
sh.688783,"西安奕材",2026-06-01,37.0,37.48,34.8,35.15,37.94,-2.79,-7.3537,33015046.0,1178024775.0,17.8289,0
sh.688785,"恒运昌",2026-06-01,350.0,354.98,331.0,333.0,349.9,-16.9,-4.83,959090.0,326159296.06,7.5355,0
sh.688786,"悦安新材",2026-06-01,38.8,40.16,36.53,36.79,38.8,-2.01,-5.1804,8589765.0,327580699.38,5.9734,0
sh.688787,"海天瑞声",2026-06-01,134.0,143.66,134.0,138.11,134.69,3.42000000000002,2.5392,3535130.0,493567194.1,5.8601,0
sh.688788,"科思科技",2026-06-01,44.08,45.48,43.87,44.36,44.0,0.359999999999999,0.8182,1955786.0,87449990.89,1.2467,0
sh.688789,"宏华数科",2026-06-01,54.37,54.78,53.14,53.8,54.37,-0.57,-1.0484,1550947.0,83594451.65,0.8604,0
sh.688790,"昂瑞微",2026-06-01,132.15,132.18,126.36,126.57,132.2,-5.63,-4.2587,769437.0,99040709.34,6.3813,0
sh.688793,"倍轻松",2026-06-01,18.26,19.47,18.26,19.27,18.26,1.01,5.5312,2902492.0,55347271.12,3.3771,0
sh.688795,"摩尔线程",2026-06-01,647.33,661.5,599.47,600.03,643.0,-42.97,-6.6827,3145873.0,1979553353.63,10.7067,0
sh.688796,"百奥赛图",2026-06-01,111.0,115.4,99.5,100.0,109.6,-9.59999999999999,-8.7591,2030835.0,215283680.28,5.6589,0
sh.688798,"艾为电子",2026-06-01,74.75,76.92,73.96,74.92,74.22,0.700000000000003,0.9431,5965620.0,448551088.76,4.3948,0
sh.688799,"华纳药厂",2026-06-01,50.56,52.65,50.02,50.25,50.22,0.0300000000000011,0.0597,2691854.0,137595929.36,2.0498,0
sh.688800,"瑞可达",2026-06-01,124.0,126.5,118.11,119.01,119.37,-0.359999999999999,-0.3016,9275074.0,1128294694.76,4.5096,0
sh.688802,"沐曦股份",2026-06-01,681.0,690.0,633.99,637.6,676.02,-38.42,-5.6833,1845434.0,1223180263.59,10.1739,0
sh.688805,"健信超导",2026-06-01,52.15,54.28,52.01,52.2,53.79,-1.59,-2.9559,1829837.0,96993830.37,5.8055,0
sh.688807,"优迅股份",2026-06-01,441.0,441.58,385.02,390.0,441.9,-51.9,-11.7447,2751876.0,1109669413.64,18.3023,0
sh.688808,"联讯仪器",2026-06-01,1681.0,1732.0,1571.18,1628.77,1719.95,-91.1800000000001,-5.3013,2222805.0,3660066880.38,11.5194,0
sh.688809,"强一股份",2026-06-01,447.78,484.88,446.0,458.33,439.0,19.33,4.4032,3130387.0,1458700849.38,12.8542,0
sh.688811,"有研复材",2026-06-01,28.8,29.11,27.5,27.68,29.21,-1.53,-5.2379,11864260.0,334203255.87,12.8783,0
sh.688813,"泰金新能",2026-06-01,179.99,183.97,150.0,162.78,186.8,-24.02,-12.8587,4989115.0,846694928.74,16.5878,0
sh.688816,"易思维",2026-06-01,62.83,65.0,62.2,62.5,63.83,-1.33,-2.0837,988806.0,62363605.22,5.1275,0
sh.688818,"电科蓝天",2026-06-01,69.0,69.0,65.15,65.2,68.87,-3.67,-5.3289,12800169.0,855129107.95,9.6959,0
sh.688819,"天能股份",2026-06-01,24.51,25.08,24.43,24.95,24.54,0.41,1.6707,2924632.0,72730453.47,0.3009,0
sh.688820,"盛合晶微",2026-06-01,193.0,197.89,178.82,178.85,196.5,-17.65,-8.9822,34191048.0,6366553003.84,19.7747,0
sh.688981,"中芯国际",2026-06-01,139.76,140.8,132.04,132.44,139.91,-7.47,-5.3391,100884914.0,13645017172.36,5.0453,0
sh.689009,"九号公司",2026-06-01,38.3,39.45,38.02,38.67,38.42,0.25,0.6507,11210975.0,432539234.16,2.0176,0
sz.000001,"平安银行",2026-06-01,10.9,10.99,10.81,10.99,10.93,0.0600000000000005,0.5489,95459569.0,1042306455.86,0.4919,0
sz.000002,"万科A",2026-06-01,3.45,3.5,3.41,3.47,3.55,-0.0799999999999996,-2.2535,328412503.0,1135995932.81,3.3798,0
sz.000004,"*ST国华",2026-06-01,2.76,2.76,2.76,2.76,2.76,0.0,,,,,1
sz.000006,"深振业A",2026-06-01,9.04,9.13,8.87,8.88,9.1,-0.219999999999999,-2.4176,27844699.0,249715591.32,2.0626,0
sz.000007,"全新好",2026-06-01,11.18,11.87,11.14,11.61,11.33,0.279999999999999,2.4713,9946820.0,115499251.8,2.8711,0
sz.000008,"神州高铁",2026-06-01,2.56,2.61,2.54,2.61,2.57,0.04,1.5564,33441449.0,86464472.71,1.2311,0
sz.000009,"中国宝安",2026-06-01,7.34,7.54,7.34,7.47,7.4,0.0699999999999994,0.9459,15735478.0,117572967.17,0.6108,0
sz.000010,"*ST美丽",2026-06-01,2.21,2.21,2.21,2.21,2.1,0.11,5.2381,5094300.0,11258403.0,0.5868,1
sz.000011,"深物业A",2026-06-01,7.36,7.62,7.23,7.57,7.35,0.220000000000001,2.9932,4766400.0,35718733.0,0.9053,0
sz.000012,"南玻A",2026-06-01,4.06,4.3,4.02,4.16,4.05,0.11,2.716,68588193.0,287832499.91,3.5006,0
sz.000014,"沙河股份",2026-06-01,10.6,11.34,10.55,11.19,10.67,0.52,4.8735,10401024.0,115672632.56,4.2971,0
sz.000016,"*ST康佳A",2026-06-01,3.42,3.45,3.29,3.37,3.46,-0.0899999999999999,-2.6012,35725346.0,120012667.72,2.2376,1
sz.000017,"深中华A",2026-06-01,5.38,5.61,5.33,5.57,5.41,0.16,2.9575,8419214.0,46641042.42,1.9099,0
sz.000019,"深粮控股",2026-06-01,6.47,6.67,6.4,6.67,6.45,0.22,3.4109,12297203.0,80938193.26,2.9546,0
sz.000020,"深华发A",2026-06-01,12.46,12.97,12.3,12.75,12.46,0.289999999999999,2.3274,4473500.0,57194930.0,2.4693,0
sz.000021,"深科技",2026-06-01,39.01,39.7,36.28,36.43,39.79,-3.36,-8.4443,181575323.0,6862487715.75,11.5356,0
sz.000025,"特力A",2026-06-01,15.34,15.85,15.2,15.6,15.66,-0.0600000000000005,-0.3831,12671445.0,196073839.05,3.2261,0
sz.000026,"飞亚达",2026-06-01,23.9,24.11,22.71,22.8,23.95,-1.15,-4.8017,17799353.0,413308996.85,4.8824,0
sz.000027,"深圳能源",2026-06-01,8.17,8.24,7.64,8.02,8.08,-0.0600000000000005,-0.7426,123952171.0,982552262.36,2.6055,0
sz.000028,"国药一致",2026-06-01,23.51,23.64,23.32,23.62,23.62,0.0,0.0,2409637.0,56620675.25,0.5041,0
sz.000029,"深深房A",2026-06-01,24.4,25.58,23.79,23.93,24.75,-0.82,-3.3131,10191194.0,250055745.46,1.1429,0
sz.000030,"富奥股份",2026-06-01,4.6,4.7,4.56,4.68,4.58,0.0999999999999996,2.1834,11143644.0,51776625.31,0.6669,0
sz.000031,"大悦城",2026-06-01,2.59,2.87,2.55,2.87,2.61,0.26,9.9617,53967800.0,150114997.0,1.2591,0
sz.000032,"深桑达A",2026-06-01,16.47,16.9,16.34,16.49,16.47,0.0199999999999996,0.1214,19561122.0,325160435.92,1.719,0
sz.000034,"神州数码",2026-06-01,26.39,27.75,26.38,26.59,25.84,0.75,2.9025,68965928.0,1868270184.52,8.1218,0
sz.000035,"中国天楹",2026-06-01,5.89,5.96,5.81,5.9,5.89,0.0100000000000007,0.1698,31522800.0,185676156.0,1.3628,0
sz.000036,"华联控股",2026-06-01,5.13,5.26,5.08,5.19,5.19,0.0,0.0,28135481.0,146281993.8,2.0054,0
sz.000037,"深南电A",2026-06-01,12.25,12.65,11.31,12.65,11.5,1.15,10.0,103259609.0,1268046518.39,30.4683,0
sz.000039,"中集集团",2026-06-01,11.02,11.19,10.74,10.81,11.02,-0.209999999999999,-1.9056,39655652.0,431542229.88,1.7231,0
sz.000042,"中洲控股",2026-06-01,9.75,10.0,9.69,9.94,9.8,0.139999999999999,1.4286,5903200.0,58172868.0,0.8889,0
sz.000045,"深纺织A",2026-06-01,11.1,11.52,11.05,11.38,11.28,0.100000000000001,0.8865,7078600.0,80344869.0,1.5489,0
sz.000048,"京基智农",2026-06-01,12.8,13.79,12.7,13.79,12.54,1.25,9.9681,8274262.0,110866195.63,1.5632,0
sz.000049,"德赛电池",2026-06-01,25.33,25.95,25.33,25.52,25.32,0.199999999999999,0.7899,7097724.0,182324996.79,1.8458,0
sz.000050,"深天马A",2026-06-01,7.6,8.05,7.58,7.8,7.62,0.18,2.3622,46836300.0,367894966.0,1.9229,0
sz.000055,"方大集团",2026-06-01,3.45,3.81,3.42,3.81,3.46,0.35,10.1156,28206991.0,105946768.71,4.1735,0
sz.000056,"*ST皇庭",2026-06-01,1.52,1.63,1.52,1.56,1.6,-0.04,-2.5,66645667.0,103711200.86,7.3745,1
sz.000058,"深赛格",2026-06-01,7.18,7.4,7.16,7.32,7.24,0.0800000000000001,1.105,7392140.0,54105626.0,0.7507,0
sz.000059,"华锦股份",2026-06-01,4.4,4.58,4.39,4.56,4.43,0.13,2.9345,27868000.0,125451321.0,1.7424,0
sz.000060,"中金岭南",2026-06-01,7.71,8.01,7.66,7.68,7.71,-0.0300000000000002,-0.3891,231687770.0,1809617724.49,5.2169,0
sz.000061,"农产品",2026-06-01,6.4,6.67,6.28,6.6,6.46,0.14,2.1672,21479286.0,140424961.77,1.1971,0
sz.000062,"深圳华强",2026-06-01,29.18,31.54,29.02,30.47,29.14,1.33,4.5642,45665169.0,1384358173.47,4.3703,0
sz.000063,"中兴通讯",2026-06-01,36.65,36.83,35.06,35.1,36.72,-1.62,-4.4118,161557217.0,5788833394.78,4.0112,0
sz.000065,"北方国际",2026-06-01,12.0,12.45,11.83,12.2,12.26,-0.0600000000000005,-0.4894,19147932.0,231915004.16,1.964,0
sz.000066,"中国长城",2026-06-01,18.52,19.39,18.34,18.48,17.8,0.68,3.8202,282660749.0,5314231196.57,8.7632,0
sz.000068,"华控赛格",2026-06-01,3.19,3.21,3.1,3.16,3.14,0.02,0.6369,22752693.0,71988873.16,2.2602,0
sz.000069,"华侨城A",2026-06-01,1.92,2.09,1.89,2.02,1.94,0.0800000000000001,4.1237,109081933.0,220203086.4,1.5812,0
sz.000070,"特发信息",2026-06-01,17.61,17.71,17.0,17.01,18.07,-1.06,-5.8661,47958330.0,827087462.85,5.5979,0
sz.000078,"ST海王",2026-06-01,1.75,1.76,1.7,1.76,1.68,0.0800000000000001,4.7619,95789723.0,167655259.12,3.6488,1
sz.000088,"盐田港",2026-06-01,4.47,4.51,4.41,4.5,4.47,0.0300000000000002,0.6711,26967905.0,120558935.16,0.8526,0
sz.000089,"深圳机场",2026-06-01,6.78,6.87,6.64,6.86,6.8,0.0600000000000005,0.8824,10874601.0,73720187.85,0.5303,0
sz.000090,"天健集团",2026-06-01,3.84,4.01,3.65,3.87,3.85,0.02,0.5195,151151975.0,576753185.43,8.0898,0
sz.000096,"广聚能源",2026-06-01,8.23,8.51,8.17,8.5,8.21,0.289999999999999,3.5323,7872238.0,66219651.76,1.541,0
sz.000099,"中信海直",2026-06-01,15.57,15.82,15.53,15.68,15.6,0.0800000000000001,0.5128,6639700.0,104203519.0,0.8559,0
sz.000100,"TCL科技",2026-06-01,4.27,4.53,4.27,4.4,4.28,0.12,2.8037,1025329447.0,4534573144.12,5.3592,0
sz.000151,"中成股份",2026-06-01,13.25,13.98,12.85,13.74,13.31,0.43,3.2307,41332684.0,564579363.69,13.4225,0
sz.000153,"丰原药业",2026-06-01,5.66,5.85,5.6,5.84,5.68,0.16,2.8169,7704016.0,44468342.59,1.6789,0
sz.000155,"川能动力",2026-06-01,14.28,14.65,14.22,14.6,14.25,0.35,2.4561,49445775.0,717036028.72,2.6783,0
sz.000156,"华数传媒",2026-06-01,6.99,7.18,6.91,7.11,6.95,0.16,2.3022,9949000.0,70423773.0,0.5853,0
sz.000157,"中联重科",2026-06-01,7.18,7.27,7.14,7.22,7.21,0.00999999999999979,0.1387,59114701.0,425907963.51,0.8362,0
sz.000158,"常山北明",2026-06-01,15.25,16.22,15.25,15.9,15.33,0.57,3.7182,35329735.0,560465843.99,2.2249,0
sz.000159,"国际实业",2026-06-01,6.47,6.98,6.42,6.89,6.47,0.42,6.4915,35513035.0,243338374.49,7.3883,0
sz.000166,"申万宏源",2026-06-01,4.41,4.45,4.36,4.43,4.41,0.0199999999999996,0.4535,98722245.0,435509731.78,0.4381,0
sz.000301,"东方盛虹",2026-06-01,12.04,12.46,11.95,12.2,12.05,0.149999999999999,1.2448,19472500.0,238183999.56,0.2947,0
sz.000333,"美的集团",2026-06-01,80.32,82.0,80.29,81.7,80.85,0.850000000000009,1.0513,37671119.0,3058758976.78,0.549,0
sz.000338,"潍柴动力",2026-06-01,35.18,35.7,32.86,33.7,35.34,-1.64,-4.6406,144362515.0,4923451280.13,2.9145,0
sz.000400,"许继电气",2026-06-01,26.98,27.29,26.8,27.22,26.62,0.599999999999998,2.2539,32474380.0,880326114.29,3.2099,0
sz.000401,"金隅冀东",2026-06-01,3.97,4.11,3.93,4.1,3.99,0.109999999999999,2.7569,14030368.0,56861401.31,0.5332,0
sz.000402,"金融街",2026-06-01,3.11,3.17,3.02,3.13,3.09,0.04,1.2945,151681623.0,471986893.93,5.0752,0
sz.000403,"派林生物",2026-06-01,12.9,12.94,12.39,12.39,12.9,-0.51,-3.9535,16062173.0,201644346.13,1.7075,0
sz.000404,"长虹华意",2026-06-01,8.25,8.4,8.13,8.28,8.33,-0.0500000000000007,-0.6002,18859538.0,156099198.16,2.7225,0
sz.000407,"胜利股份",2026-06-01,4.15,4.31,4.13,4.3,4.15,0.149999999999999,3.6145,18038300.0,76784184.0,2.0597,0
sz.000408,"藏格矿业",2026-06-01,77.0,78.16,75.79,76.05,77.18,-1.13000000000001,-1.4641,12102164.0,929427181.29,0.7714,0
sz.000409,"云鼎科技",2026-06-01,9.5,10.19,9.41,9.98,9.59,0.390000000000001,4.0667,17194833.0,169202405.31,2.912,0
sz.000410,"沈阳机床",2026-06-01,5.27,5.47,5.18,5.34,5.26,0.0800000000000001,1.5209,22636092.0,120554200.28,1.1484,0
sz.000411,"英特集团",2026-06-01,11.65,12.18,11.42,12.15,11.68,0.470000000000001,4.024,21976181.0,259653011.08,3.8983,0
sz.000415,"渤海租赁",2026-06-01,4.08,4.12,4.0,4.07,4.12,-0.0499999999999998,-1.2136,61790199.0,251378939.1,1.1458,0
sz.000417,"合百集团",2026-06-01,7.4,8.08,7.32,7.85,7.5,0.35,4.6667,103671996.0,811626956.47,13.3079,0
sz.000419,"通程控股",2026-06-01,5.1,5.37,5.02,5.34,5.12,0.22,4.2969,12251500.0,64428817.0,2.2538,0
sz.000420,"吉林化纤",2026-06-01,4.4,4.5,4.34,4.43,4.46,-0.0300000000000002,-0.6726,89343153.0,395140945.81,3.6347,0
sz.000421,"南京公用",2026-06-01,5.76,6.08,5.71,6.03,5.77,0.260000000000001,4.5061,11267302.0,67167073.81,1.9619,0
sz.000422,"湖北宜化",2026-06-01,14.12,14.46,14.06,14.4,14.12,0.280000000000001,1.983,24097750.0,344814988.87,2.278,0
sz.000423,"东阿阿胶",2026-06-01,49.8,50.0,48.83,49.72,49.99,-0.270000000000003,-0.5401,7474198.0,368712836.27,1.1627,0
sz.000425,"徐工机械",2026-06-01,9.7,9.99,9.68,9.81,9.75,0.0600000000000005,0.6154,124527355.0,1225905176.06,1.3836,0
sz.000426,"兴业银锡",2026-06-01,38.91,40.96,38.44,39.69,39.7,-0.0100000000000051,-0.0252,55038089.0,2204897950.12,3.1004,0
sz.000428,"华天酒店",2026-06-01,3.59,3.75,3.55,3.74,3.59,0.15,4.1783,14423390.0,52897267.8,1.4155,0
sz.000429,"粤高速A",2026-06-01,14.0,14.16,13.66,14.16,14.01,0.15,1.0707,8423398.0,117619219.49,0.6463,0
sz.000430,"ST张家界",2026-06-01,7.45,8.08,7.42,7.98,7.51,0.470000000000001,6.2583,19444790.0,152379889.74,5.2475,0
sz.000488,"ST晨鸣",2026-06-01,2.26,2.3,2.24,2.3,2.28,0.02,0.8772,9024093.0,20521903.74,0.5326,1
sz.000498,"山东路桥",2026-06-01,5.28,5.34,5.24,5.34,5.27,0.0700000000000003,1.3283,9317288.0,49251502.94,0.6429,0
sz.000501,"武商集团",2026-06-01,7.75,7.87,7.59,7.87,7.81,0.0600000000000005,0.7682,9302601.0,72197180.85,1.2109,0
sz.000503,"国新健康",2026-06-01,7.12,7.31,7.01,7.23,7.13,0.100000000000001,1.4025,11814985.0,84654784.55,1.2066,0
sz.000504,"*ST生物",2026-06-01,9.47,9.56,9.32,9.54,9.46,0.0799999999999983,0.8457,2549060.0,24117366.0,0.7745,1
sz.000505,"京粮控股",2026-06-01,5.91,6.13,5.82,6.11,5.9,0.21,3.5593,9540226.0,57582680.06,1.5086,0
sz.000506,"招金黄金",2026-06-01,14.01,14.74,14.01,14.1,14.19,-0.0899999999999999,-0.6342,41807043.0,602348236.64,4.5016,0
sz.000507,"珠海港",2026-06-01,5.15,5.5,5.1,5.45,5.13,0.32,6.2378,45041911.0,241549660.47,4.9916,0
sz.000509,"华塑控股",2026-06-01,4.98,5.2,4.72,4.92,5.16,-0.24,-4.6512,243677712.0,1208270245.66,22.7073,0
sz.000510,"新金路",2026-06-01,16.7,18.32,16.69,18.32,16.65,1.67,10.03,28374300.0,504955405.0,4.6775,0
sz.000513,"丽珠集团",2026-06-01,30.86,31.16,30.64,30.9,30.86,0.0399999999999991,0.1296,4655655.0,143700510.84,0.8195,0
sz.000514,"渝开发",2026-06-01,4.4,4.61,4.28,4.57,4.45,0.12,2.6966,16378717.0,73998968.2,1.9411,0
sz.000516,"国际医学",2026-06-01,4.23,4.31,4.21,4.28,4.25,0.0300000000000002,0.7059,15651113.0,66843986.51,0.7133,0
sz.000517,"荣安地产",2026-06-01,1.88,1.96,1.83,1.95,1.88,0.0700000000000001,3.7234,28266735.0,54318314.62,1.1343,0
sz.000518,"*ST四环",2026-06-01,3.41,3.74,3.41,3.59,3.5,0.0899999999999999,2.5714,117796332.0,422121319.42,11.4417,0
sz.000519,"中兵红箭",2026-06-01,19.89,20.28,19.15,19.28,19.67,-0.390000000000001,-1.9827,80926190.0,1584769080.55,5.8113,0
sz.000520,"凤凰航运",2026-06-01,3.6,3.89,3.6,3.83,3.61,0.22,6.0942,27446322.0,103879872.03,2.7119,0
sz.000521,"长虹美菱",2026-06-01,5.97,6.11,5.66,5.81,5.57,0.239999999999999,4.3088,26066290.0,151290863.32,2.9782,0
sz.000523,"红棉股份",2026-06-01,3.14,3.33,3.08,3.28,3.14,0.14,4.4586,36841801.0,119299772.89,2.7802,0
sz.000524,"岭南控股",2026-06-01,9.4,9.55,9.21,9.51,9.38,0.129999999999999,1.3859,8422498.0,79509870.39,1.2572,0
sz.000525,"红太阳",2026-06-01,4.8,4.99,4.8,4.96,4.84,0.12,2.4793,19273390.0,95185163.5,1.7336,0
sz.000526,"学大教育",2026-06-01,28.8,29.88,28.67,29.64,29.03,0.609999999999999,2.1013,2335515.0,68628455.3,1.9551,0
sz.000528,"柳工",2026-06-01,8.96,9.1,8.91,9.06,8.98,0.0800000000000001,0.8909,19279294.0,173917956.01,0.9478,0
sz.000529,"广弘控股",2026-06-01,5.1,5.27,5.0,5.26,5.08,0.18,3.5433,5790320.0,30088146.6,1.0161,0
sz.000530,"冰山冷热",2026-06-01,6.2,6.44,6.17,6.39,6.23,0.159999999999999,2.5682,71810975.0,455591435.8,11.9662,0
sz.000531,"穗恒运A",2026-06-01,7.87,8.23,7.51,8.22,7.84,0.380000000000001,4.8469,69478604.0,550505597.73,7.6371,0
sz.000532,"华金资本",2026-06-01,12.0,12.33,11.86,12.17,12.11,0.0600000000000005,0.4955,9233415.0,112322932.61,2.6877,0
sz.000533,"顺钠股份",2026-06-01,11.99,12.69,11.8,12.69,11.54,1.15,9.9653,52823299.0,652458035.79,7.7125,0
sz.000534,"万泽股份",2026-06-01,33.36,34.26,32.06,32.33,32.83,-0.5,-1.523,19242050.0,638360538.99,3.8414,0
sz.000536,"华映科技",2026-06-01,3.8,4.05,3.77,3.92,3.89,0.0299999999999998,0.7712,84099825.0,332223397.04,3.0437,0
sz.000537,"绿发电力",2026-06-01,11.03,11.17,10.4,10.9,10.98,-0.0800000000000001,-0.7286,68969657.0,749802487.86,3.355,0
sz.000538,"云南白药",2026-06-01,49.98,50.09,49.41,49.82,49.94,-0.119999999999997,-0.2403,11035879.0,548600965.93,0.6225,0
sz.000539,"粤电力A",2026-06-01,9.77,9.77,8.5,9.77,8.88,0.889999999999999,10.0225,476488884.0,4494654376.33,18.6464,0
sz.000541,"佛山照明",2026-06-01,4.96,5.05,4.92,5.05,4.96,0.0899999999999999,1.8145,7671036.0,38488493.13,0.6234,0
sz.000543,"皖能电力",2026-06-01,9.92,9.94,9.25,9.82,9.8,0.0199999999999996,0.2041,137194408.0,1324084770.04,6.0522,0
sz.000544,"中原环保",2026-06-01,7.88,8.14,7.88,8.12,7.91,0.209999999999999,2.6549,5493146.0,44216185.86,0.5636,0
sz.000545,"金浦钛业",2026-06-01,2.44,2.6,2.41,2.55,2.46,0.0899999999999999,3.6585,38056145.0,96861873.1,3.862,0
sz.000546,"金圆股份",2026-06-01,5.55,5.68,5.53,5.61,5.59,0.0200000000000005,0.3578,23806300.0,133816511.0,3.417,0
sz.000547,"航天发展",2026-06-01,20.12,20.61,20.06,20.1,20.3,-0.199999999999999,-0.9852,64075470.0,1303467008.18,4.0321,0
sz.000548,"湖南投资",2026-06-01,4.82,5.02,4.76,5.0,4.83,0.17,3.5197,10390900.0,51240573.0,2.0814,0
sz.000550,"江铃汽车",2026-06-01,16.65,16.83,16.6,16.73,16.75,-0.0199999999999996,-0.1194,6355600.0,106266342.8,1.2259,0
sz.000551,"创元科技",2026-06-01,15.69,15.8,15.49,15.64,15.82,-0.18,-1.1378,12126960.0,189699915.6,2.5027,0
sz.000552,"甘肃能化",2026-06-01,2.73,2.87,2.69,2.86,2.73,0.13,4.7619,150322770.0,422794077.94,4.0346,0
sz.000553,"安道麦A",2026-06-01,6.24,6.42,6.19,6.41,6.27,0.140000000000001,2.2329,11396476.0,72339530.13,0.5235,0
sz.000554,"泰山石油",2026-06-01,6.86,6.95,6.74,6.93,6.74,0.19,2.819,14146732.0,97441615.89,3.9009,0
sz.000555,"神州信息",2026-06-01,12.81,13.37,12.81,13.18,12.78,0.4,3.1299,25136603.0,330990616.51,2.5791,0
sz.000557,"西部创业",2026-06-01,4.15,4.31,4.13,4.29,4.19,0.0999999999999996,2.3866,8252995.0,35091596.47,0.5661,0
sz.000558,"天府文旅",2026-06-01,3.76,3.85,3.68,3.83,3.75,0.0800000000000001,2.1333,30779111.0,116984194.05,2.3884,0
sz.000559,"万向钱潮",2026-06-01,14.92,15.24,14.7,15.07,14.78,0.290000000000001,1.9621,56221106.0,842290398.15,1.6963,0
sz.000560,"我爱我家",2026-06-01,2.73,2.79,2.68,2.78,2.78,0.0,0.0,107589603.0,294187530.02,4.6009,0
sz.000561,"烽火电子",2026-06-01,8.1,8.26,8.04,8.18,8.1,0.0800000000000001,0.9877,7818611.0,63952865.09,1.0072,0
sz.000563,"陕国投A",2026-06-01,2.98,3.03,2.94,3.02,2.98,0.04,1.3423,40519955.0,121308421.17,0.7923,0
sz.000564,"供销大集",2026-06-01,1.72,1.76,1.68,1.73,1.74,-0.01,-0.5747,355679892.0,613174208.23,2.3563,0
sz.000565,"渝三峡A",2026-06-01,6.8,7.08,6.73,7.03,6.79,0.24,3.5346,10354100.0,72032259.75,2.388,0
sz.000566,"海南海药",2026-06-01,4.11,4.21,4.06,4.18,4.11,0.0699999999999994,1.7032,21888845.0,91100020.59,1.688,0
sz.000567,"海德股份",2026-06-01,6.22,6.34,6.08,6.3,6.24,0.0599999999999996,0.9615,25144510.0,157436835.69,1.2904,0
sz.000568,"泸州老窖",2026-06-01,90.91,91.38,89.4,90.4,91.04,-0.640000000000001,-0.703,14082175.0,1270525757.02,0.9572,0
sz.000570,"苏常柴A",2026-06-01,5.5,5.68,5.45,5.66,5.54,0.12,2.1661,14123770.0,79305307.9,2.5417,0
sz.000571,"新大洲A",2026-06-01,5.66,5.9,5.52,5.8,5.59,0.21,3.7567,27021230.0,155209085.8,3.3196,0
sz.000572,"海马汽车",2026-06-01,4.5,4.65,4.47,4.59,4.5,0.0899999999999999,2.0,42834844.0,196740202.52,2.6083,0
sz.000573,"粤宏远A",2026-06-01,4.4,4.57,4.36,4.51,4.42,0.0899999999999999,2.0362,19121387.0,86134408.5,3.0209,0
sz.000576,"甘化科工",2026-06-01,7.49,7.71,7.4,7.65,7.49,0.16,2.1362,6542100.0,49869966.0,1.508,0
sz.000581,"威孚高科",2026-06-01,19.2,19.33,19.1,19.25,19.28,-0.0300000000000011,-0.1556,8592377.0,165272321.21,1.0823,0
sz.000582,"北部湾港",2026-06-01,13.51,13.73,13.0,13.22,13.57,-0.35,-2.5792,68751879.0,909803089.57,3.1876,0
sz.000586,"汇源通信",2026-06-01,15.22,15.22,15.22,15.22,16.91,-1.69,-9.9941,2419300.0,36821746.0,1.2654,0
sz.000589,"贵州轮胎",2026-06-01,4.72,4.81,4.67,4.79,4.7,0.0899999999999999,1.9149,39810947.0,189740894.2,2.5782,0
sz.000590,"古汉医药",2026-06-01,10.16,10.53,10.07,10.44,10.15,0.289999999999999,2.8571,5045721.0,52553834.94,2.108,0
sz.000591,"太阳能",2026-06-01,6.04,6.08,5.72,5.92,6.07,-0.15,-2.4712,219239444.0,1292950181.66,5.6166,0
sz.000592,"平潭发展",2026-06-01,8.58,8.74,8.53,8.61,8.58,0.0299999999999994,0.3497,78214244.0,676284407.81,4.0841,0
sz.000593,"德龙汇能",2026-06-01,20.65,21.78,20.48,21.25,20.59,0.66,3.2054,16435505.0,349219187.4,4.5847,0
sz.000595,"*ST宝实",2026-06-01,7.88,7.98,7.71,7.8,8.03,-0.23,-2.8643,13181100.0,103237692.0,1.1576,1
sz.000596,"古井贡酒",2026-06-01,93.0,95.33,92.2,94.89,93.03,1.86,1.9994,4197525.0,394596536.3,1.0273,0
sz.000597,"东北制药",2026-06-01,4.66,4.7,4.62,4.7,4.66,0.04,0.8584,10551018.0,49148384.91,0.7487,0
sz.000598,"兴蓉环境",2026-06-01,7.01,7.15,6.93,7.14,7.01,0.13,1.8545,45962934.0,325054695.74,1.5428,0
sz.000599,"青岛双星",2026-06-01,5.05,5.19,5.01,5.16,5.07,0.0899999999999999,1.7751,12156041.0,62517090.15,1.4884,0
sz.000600,"建投能源",2026-06-01,12.6,12.6,11.71,12.21,12.55,-0.34,-2.7092,124301946.0,1517934320.01,11.4033,0
sz.000601,"韶能股份",2026-06-01,8.47,8.49,7.61,8.17,8.46,-0.290000000000001,-3.4279,172483956.0,1382505517.25,16.433,0
sz.000603,"盛达资源",2026-06-01,30.74,31.45,30.29,30.87,30.9,-0.0299999999999976,-0.0971,13367217.0,415358396.41,2.0049,0
sz.000605,"渤海股份",2026-06-01,6.24,6.64,6.15,6.61,6.26,0.350000000000001,5.5911,8520220.0,55171273.8,2.416,0
sz.000607,"华媒控股",2026-06-01,3.61,3.81,3.56,3.8,3.6,0.2,5.5556,20369543.0,76220941.34,2.3016,0
sz.000608,"*ST阳光",2026-06-01,4.54,5.04,4.37,4.93,4.58,0.35,7.6419,90213072.0,429543689.59,12.1022,0
sz.000609,"*ST中迪",2026-06-01,12.81,13.17,12.48,12.49,13.14,-0.65,-4.9467,13185086.0,168854856.3,4.5301,1
sz.000610,"*ST西旅",2026-06-01,7.38,7.7,7.27,7.68,7.34,0.34,4.6322,6042811.0,45857283.99,2.5659,1
sz.000612,"焦作万方",2026-06-01,11.57,11.9,11.54,11.78,11.56,0.219999999999999,1.9031,35417180.0,417118457.23,2.9707,0
sz.000615,"*ST美谷",2026-06-01,3.75,3.87,3.71,3.82,3.78,0.04,1.0582,11123383.0,42281898.53,1.2022,1
sz.000617,"中油资本",2026-06-01,7.81,7.94,7.71,7.88,7.8,0.0800000000000001,1.0256,74712492.0,587289133.19,0.591,0
sz.000619,"海螺新材",2026-06-01,5.56,5.92,5.47,5.77,5.55,0.22,3.964,13859601.0,80182057.47,3.8499,0
sz.000620,"盈新发展",2026-06-01,2.78,2.83,2.75,2.81,2.8,0.0100000000000002,0.3571,117777738.0,330145349.64,2.5211,0
sz.000623,"吉林敖东",2026-06-01,17.22,17.44,17.11,17.38,17.25,0.129999999999999,0.7536,11256016.0,194848492.45,0.9449,0
sz.000625,"长安汽车",2026-06-01,7.87,8.08,7.81,8.07,7.92,0.15,1.8939,104844602.0,837463128.86,1.2682,0
sz.000626,"远大控股",2026-06-01,7.6,8.2,7.51,8.2,7.45,0.749999999999999,10.0671,12999300.0,103566429.0,2.5807,0
sz.000628,"高新发展",2026-06-01,60.89,61.28,56.38,56.45,60.89,-4.44,-7.2918,14115816.0,819584807.24,7.3429,0
sz.000629,"钒钛股份",2026-06-01,3.42,3.49,3.38,3.45,3.42,0.0300000000000002,0.8772,115379709.0,396943058.8,1.2419,0
sz.000630,"铜陵有色",2026-06-01,6.9,7.05,6.8,6.82,6.9,-0.0800000000000001,-1.1594,414954415.0,2866898963.54,3.7239,0
sz.000631,"顺发恒能",2026-06-01,3.45,3.46,3.35,3.42,3.46,-0.04,-1.1561,31105568.0,106193627.56,1.3524,0
sz.000632,"ST三木",2026-06-01,3.95,4.16,3.95,4.1,4.01,0.0899999999999999,2.2444,12822301.0,52502385.08,2.7546,1
sz.000633,"合金投资",2026-06-01,5.57,5.84,5.45,5.76,5.57,0.19,3.4111,10526197.0,60432965.87,2.7334,0
sz.000635,"英力特",2026-06-01,6.93,7.37,6.9,7.33,6.96,0.37,5.3161,7832605.0,56632540.78,2.1353,0
sz.000636,"风华高科",2026-06-01,48.98,58.26,48.98,55.05,53.03,2.02,3.8092,258333593.0,14108174781.57,22.3276,0
sz.000637,"茂化实华",2026-06-01,4.22,4.47,4.16,4.45,4.23,0.22,5.2009,12811477.0,56277261.71,3.5139,0
sz.000638,"*ST万方",2026-06-01,0.89,0.89,0.89,0.89,0.89,0.0,,,,,1
sz.000639,"ST西王",2026-06-01,1.56,1.63,1.56,1.61,1.64,-0.0299999999999998,-1.8293,86739083.0,136253963.72,8.0357,1
sz.000650,"仁和药业",2026-06-01,5.37,5.44,5.31,5.43,5.35,0.0800000000000001,1.4953,14656365.0,78801506.17,1.1008,0
sz.000651,"格力电器",2026-06-01,38.9,39.29,38.63,39.09,39.17,-0.0799999999999983,-0.2042,48647735.0,1898417139.44,0.881,0
sz.000652,"泰达股份",2026-06-01,3.74,3.84,3.68,3.83,3.73,0.1,2.681,21103196.0,79800395.65,1.4472,0
sz.000655,"金岭矿业",2026-06-01,7.18,7.46,7.15,7.42,7.22,0.2,2.7701,7034800.0,51880975.0,1.1816,0
sz.000656,"*ST金科",2026-06-01,1.45,1.46,1.44,1.46,1.46,0.0,0.0,65122125.0,94385550.77,0.859,1
sz.000657,"中钨高新",2026-06-01,68.02,70.8,63.01,63.18,68.0,-4.82,-7.0882,93046973.0,6103847867.52,6.4041,0
sz.000659,"珠海中富",2026-06-01,3.97,4.03,3.92,3.97,4.0,-0.0299999999999998,-0.75,14669191.0,58311636.07,1.1409,0
sz.000661,"长春高新",2026-06-01,73.0,73.82,72.18,73.15,73.57,-0.419999999999987,-0.5709,5462058.0,398901700.2,1.3668,0
sz.000663,"永安林业",2026-06-01,5.94,6.28,5.86,6.23,5.95,0.28,4.7059,7887300.0,48754306.0,2.575,0
sz.000665,"湖北广电",2026-06-01,4.39,4.46,4.32,4.43,4.4,0.0299999999999994,0.6818,13034079.0,57559190.6,1.1462,0
sz.000668,"*ST荣控",2026-06-01,18.36,19.27,18.09,19.27,18.35,0.919999999999998,5.0136,2792009.0,53220614.06,1.9014,1
sz.000669,"ST金鸿",2026-06-01,4.56,4.58,4.35,4.45,4.37,0.0800000000000001,1.8307,17896077.0,79682037.63,2.6302,1
sz.000670,"盈方微",2026-06-01,8.48,8.84,8.4,8.5,8.7,-0.199999999999999,-2.2989,62203356.0,536068066.44,7.5686,0
sz.000672,"上峰水泥",2026-06-01,16.72,16.9,15.87,16.64,17.04,-0.399999999999999,-2.3474,40091612.0,657839841.2,4.1357,0
sz.000676,"智度股份",2026-06-01,5.77,6.19,5.76,6.07,5.76,0.31,5.3819,41206046.0,248172746.7,3.2728,0
sz.000677,"ST海龙",2026-06-01,1.98,2.15,1.96,2.1,2.06,0.04,1.9417,81081858.0,163720134.33,9.3847,1
sz.000678,"襄阳轴承",2026-06-01,11.44,11.84,11.37,11.65,11.44,0.210000000000001,1.8357,8836394.0,102667820.9,1.9226,0
sz.000679,"大连友谊",2026-06-01,6.48,6.73,6.21,6.66,6.54,0.12,1.8349,7358871.0,48193863.73,2.0648,0
sz.000680,"山推股份",2026-06-01,10.7,11.42,10.69,11.25,10.76,0.49,4.5539,29928265.0,336448939.23,2.2765,0
sz.000681,"视觉中国",2026-06-01,21.65,22.65,21.38,22.65,20.59,2.06,10.0049,46531787.0,1034602843.75,6.882,0
sz.000682,"东方电子",2026-06-01,13.99,14.45,13.88,14.35,13.99,0.359999999999999,2.5733,43145526.0,612666216.9,3.2184,0
sz.000683,"博源化工",2026-06-01,7.17,7.37,7.08,7.26,7.2,0.0599999999999996,0.8333,46284585.0,336395716.08,1.3849,0
sz.000685,"中山公用",2026-06-01,11.46,11.63,11.34,11.53,11.46,0.0699999999999985,0.6108,20102667.0,231056193.89,1.6126,0
sz.000686,"东北证券",2026-06-01,7.93,7.99,7.86,7.97,7.96,0.00999999999999979,0.1256,20956821.0,166332143.06,0.8954,0
sz.000688,"国城矿业",2026-06-01,41.34,42.76,39.18,39.31,42.18,-2.87,-6.8042,22125943.0,895099677.66,1.8671,0
sz.000690,"宝新能源",2026-06-01,6.27,6.33,5.85,6.08,6.19,-0.11,-1.7771,299724528.0,1826095243.07,13.7838,0
sz.000691,"*ST亚太",2026-06-01,8.58,9.45,8.35,9.32,8.59,0.73,8.4983,35325665.0,311424474.4,10.9276,0
sz.000692,"惠天热电",2026-06-01,5.32,5.48,5.14,5.48,5.27,0.210000000000001,3.9848,67191445.0,359808524.27,12.6102,0
sz.000695,"滨海能源",2026-06-01,14.88,16.19,14.85,15.26,15.14,0.119999999999999,0.7926,22229302.0,348103450.92,10.0217,0
sz.000697,"炼石航空",2026-06-01,11.71,12.33,11.71,11.9,11.77,0.130000000000001,1.1045,18355000.0,220953272.0,2.8104,0
sz.000698,"ST沈化",2026-06-01,3.42,3.53,3.41,3.51,3.43,0.0799999999999996,2.3324,4570085.0,15924237.46,0.5816,1
sz.000700,"模塑科技",2026-06-01,14.18,14.35,13.65,13.7,14.18,-0.48,-3.385,49314056.0,685170399.05,5.3718,0
sz.000701,"厦门信达",2026-06-01,5.54,5.77,5.46,5.72,5.59,0.13,2.3256,17579019.0,99984082.37,2.6326,0
sz.000702,"正虹科技",2026-06-01,6.05,6.37,5.97,6.35,6.06,0.29,4.7855,8857226.0,55432490.52,3.3219,0
sz.000703,"恒逸石化",2026-06-01,12.66,13.26,12.52,12.89,12.85,0.0400000000000009,0.3113,41937830.0,541806427.48,1.1031,0
sz.000705,"浙江震元",2026-06-01,6.98,7.31,6.92,7.22,7.0,0.22,3.1429,8091100.0,58136517.0,2.8695,0
sz.000707,"双环科技",2026-06-01,4.85,5.13,4.84,5.1,4.83,0.27,5.5901,14667455.0,74092347.56,2.6634,0
sz.000708,"中信特钢",2026-06-01,14.0,14.09,13.32,14.08,14.14,-0.0600000000000005,-0.4243,21269581.0,293963609.53,0.4214,0
sz.000709,"河钢股份",2026-06-01,2.23,2.27,2.18,2.26,2.23,0.0299999999999998,1.3453,104230448.0,233140491.8,1.0085,0
sz.000710,"贝瑞基因",2026-06-01,8.75,9.05,8.7,8.98,8.82,0.16,1.8141,6019500.0,53681764.0,1.8267,0
sz.000711,"ST京蓝",2026-06-01,6.01,6.18,5.87,5.87,6.18,-0.31,-5.0162,103883080.0,617441619.72,4.3625,1
sz.000712,"锦龙股份",2026-06-01,11.07,11.19,10.97,11.05,11.24,-0.19,-1.6904,35809109.0,395912538.04,3.9977,0
sz.000713,"国投丰乐",2026-06-01,5.83,6.03,5.8,6.02,5.88,0.14,2.381,6574300.0,39165875.34,1.0707,0
sz.000715,"中兴商业",2026-06-01,5.12,5.3,5.05,5.28,5.18,0.100000000000001,1.9305,9736315.0,50744046.4,2.0019,0
sz.000716,"黑芝麻",2026-06-01,5.67,6.22,5.63,6.11,5.84,0.27,4.6233,77366713.0,464630520.65,10.4735,0
sz.000717,"中南股份",2026-06-01,2.23,2.3,2.19,2.29,2.23,0.0600000000000001,2.6906,22546778.0,51117950.37,0.9303,0
sz.000718,"苏宁环球",2026-06-01,1.99,2.08,1.96,2.07,2.01,0.0600000000000001,2.9851,51044747.0,104365928.72,2.237,0
sz.000719,"中原传媒",2026-06-01,13.15,13.47,12.92,13.33,13.16,0.17,1.2918,6712551.0,88709787.55,1.0062,0
sz.000720,"新能泰山",2026-06-01,5.06,5.27,4.84,5.11,5.28,-0.17,-3.2197,135131000.0,684214601.44,10.7543,0
sz.000721,"西安饮食",2026-06-01,6.51,6.7,6.43,6.68,6.51,0.17,2.6114,12693700.0,84283733.0,2.4775,0
sz.000722,"湖南发展",2026-06-01,14.9,16.26,14.56,16.26,14.78,1.48,10.0135,54735941.0,839629270.09,11.7925,0
sz.000723,"美锦能源",2026-06-01,4.28,4.44,4.22,4.43,4.33,0.0999999999999996,2.3095,116613583.0,509284068.3,2.6533,0
sz.000725,"京东方A",2026-06-01,5.12,5.59,5.12,5.36,5.11,0.25,4.8924,3386887593.0,18297384713.54,9.3196,0
sz.000726,"鲁泰A",2026-06-01,6.05,6.19,5.98,6.18,6.04,0.14,2.3179,10345532.0,63017884.57,1.7555,0
sz.000727,"冠捷科技",2026-06-01,2.74,3.01,2.72,3.01,2.74,0.27,9.854,359063616.0,1067669384.92,7.9271,0
sz.000728,"国元证券",2026-06-01,7.12,7.2,7.06,7.19,7.13,0.0600000000000005,0.8415,31166866.0,222747994.93,0.7142,0
sz.000729,"燕京啤酒",2026-06-01,12.77,13.08,12.75,12.99,12.77,0.220000000000001,1.7228,44811636.0,579731299.89,1.7856,0
sz.000731,"四川美丰",2026-06-01,6.06,6.2,6.0,6.17,6.06,0.11,1.8152,6904343.0,42393133.11,1.258,0
sz.000733,"振华科技",2026-06-01,50.62,53.17,50.58,50.87,51.49,-0.620000000000005,-1.2041,35752253.0,1853944204.72,6.4524,0
sz.000735,"罗牛山",2026-06-01,5.55,5.65,5.49,5.63,5.59,0.04,0.7156,20879100.0,116557346.0,1.8142,0
sz.000736,"*ST中地",2026-06-01,5.34,5.39,5.22,5.37,5.36,0.00999999999999979,0.1866,5252692.0,27991542.48,0.7031,1
sz.000737,"北方铜业",2026-06-01,13.96,14.16,13.86,13.97,13.9,0.0700000000000003,0.5036,35562323.0,498230950.82,1.8672,0
sz.000738,"航发控制",2026-06-01,19.16,19.44,19.12,19.17,19.14,0.0300000000000011,0.1567,12500486.0,240585069.33,0.9505,0
sz.000739,"普洛药业",2026-06-01,16.55,16.95,16.49,16.8,16.61,0.190000000000001,1.1439,8835000.0,148264884.74,0.7629,0
sz.000750,"国海证券",2026-06-01,3.72,3.75,3.69,3.73,3.72,0.00999999999999979,0.2688,43735301.0,162522387.68,0.7546,0
sz.000751,"锌业股份",2026-06-01,5.15,5.32,5.11,5.21,5.17,0.04,0.7737,38781630.0,203509775.2,2.7507,0
sz.000752,"*ST西发",2026-06-01,9.08,9.12,8.99,9.11,9.07,0.0399999999999991,0.441,2451922.0,22198468.76,0.9296,1
sz.000753,"漳州发展",2026-06-01,5.34,5.51,5.29,5.5,5.34,0.16,2.9963,18787640.0,102548734.5,1.8949,0
sz.000755,"山西高速",2026-06-01,5.3,5.35,5.15,5.32,5.28,0.04,0.7576,16206192.0,85441996.45,1.1045,0
sz.000756,"新华制药",2026-06-01,13.38,13.59,13.33,13.57,13.38,0.19,1.42,3366917.0,45347419.84,0.6749,0
sz.000757,"浩物股份",2026-06-01,4.04,4.27,3.95,4.23,4.01,0.220000000000001,5.4863,19182799.0,79990482.01,3.6009,0
sz.000758,"中色股份",2026-06-01,6.66,6.82,6.66,6.76,6.7,0.0599999999999996,0.8955,27932136.0,188965593.64,1.4088,0
sz.000759,"中百集团",2026-06-01,5.75,6.14,5.6,5.98,6.11,-0.13,-2.1277,100340872.0,597502802.19,15.3027,0
sz.000761,"本钢板材",2026-06-01,2.51,2.61,2.44,2.6,2.51,0.0900000000000003,3.5857,20076151.0,51188219.4,0.5414,0
sz.000762,"西藏矿业",2026-06-01,29.42,29.87,29.18,29.35,29.57,-0.219999999999999,-0.744,14262332.0,421233132.39,2.7385,0
sz.000766,"通化金马",2026-06-01,22.95,23.9,22.94,23.73,23.17,0.559999999999999,2.4169,17340788.0,407391299.51,1.7951,0
sz.000767,"晋控电力",2026-06-01,6.14,6.14,5.5,6.14,5.58,0.56,10.0358,687078933.0,4103194987.76,23.5927,0
sz.000768,"中航西飞",2026-06-01,21.85,22.09,21.71,22.04,21.75,0.289999999999999,1.3333,16225860.0,356266916.57,0.5844,0
sz.000776,"广发证券",2026-06-01,18.9,19.38,18.68,19.0,18.89,0.109999999999999,0.5823,76942839.0,1466517278.14,1.3032,0
sz.000777,"中核科技",2026-06-01,17.52,17.87,17.36,17.66,17.63,0.0300000000000011,0.1702,5634461.0,99609912.84,1.4696,0
sz.000778,"新兴铸管",2026-06-01,4.45,4.51,4.35,4.45,4.49,-0.04,-0.8909,114889454.0,510134317.96,2.9508,0
sz.000779,"甘咨询",2026-06-01,7.36,7.71,7.28,7.68,7.36,0.319999999999999,4.3478,9081764.0,68889292.48,1.954,0
sz.000782,"恒申新材",2026-06-01,7.43,7.6,7.32,7.34,7.46,-0.12,-1.6086,19389645.0,144167126.65,3.6713,0
sz.000783,"长江证券",2026-06-01,8.11,8.12,7.92,7.95,8.13,-0.180000000000001,-2.214,98604530.0,789662391.72,1.7831,0
sz.000785,"居然智家",2026-06-01,2.4,2.49,2.37,2.48,2.41,0.0699999999999998,2.9046,63713248.0,156260442.15,1.0977,0
sz.000786,"北新建材",2026-06-01,22.45,23.29,22.0,23.25,22.9,0.350000000000001,1.5284,13398238.0,306628769.84,0.793,0
sz.000788,"北大医药",2026-06-01,5.36,5.54,5.3,5.53,5.38,0.15,2.7881,16637803.0,90773746.05,2.7916,0
sz.000789,"万年青",2026-06-01,4.51,4.64,4.49,4.63,4.54,0.0899999999999999,1.9824,4580327.0,21013732.68,0.5744,0
sz.000790,"华神科技",2026-06-01,3.92,4.02,3.88,3.96,3.92,0.04,1.0204,17786269.0,70415260.14,2.8567,0
sz.000791,"甘肃能源",2026-06-01,9.88,9.94,9.18,9.63,9.84,-0.209999999999999,-2.1341,109032002.0,1042525168.01,5.6329,0
sz.000792,"盐湖股份",2026-06-01,30.5,31.02,30.33,30.38,30.77,-0.390000000000001,-1.2675,56078046.0,1719367411.75,1.0598,0
sz.000793,"*ST华闻",2026-06-01,2.65,2.65,2.52,2.59,2.65,-0.0600000000000001,-2.2642,20177124.0,51985959.92,1.0289,1
sz.000795,"英洛华",2026-06-01,8.79,8.96,8.78,8.85,8.83,0.0199999999999996,0.2265,11257314.0,99924547.7,0.993,0
sz.000796,"凯撒旅业",2026-06-01,4.65,4.75,4.58,4.72,4.65,0.0699999999999994,1.5054,33405980.0,156971181.95,2.5103,0
sz.000797,"中国武夷",2026-06-01,2.53,2.66,2.51,2.63,2.55,0.0800000000000001,3.1373,32130860.0,83861479.4,2.0459,0
sz.000798,"中水渔业",2026-06-01,8.35,8.69,8.3,8.66,8.39,0.27,3.2181,6507820.0,55913862.8,1.7789,0
sz.000799,"酒鬼酒",2026-06-01,45.76,46.9,44.43,45.3,45.74,-0.440000000000005,-0.962,30596470.0,1389083875.15,9.4172,0
sz.000800,"一汽解放",2026-06-01,6.06,6.11,6.01,6.1,6.08,0.0199999999999996,0.3289,15176244.0,92241380.91,0.3084,0
sz.000801,"四川九洲",2026-06-01,12.47,13.37,12.46,12.92,12.46,0.459999999999999,3.6918,21026279.0,272402795.98,2.0696,0
sz.000802,"北京文化",2026-06-01,5.08,5.34,5.05,5.17,5.07,0.0999999999999996,1.9724,51053300.0,266007288.0,7.1349,0
sz.000803,"山高环能",2026-06-01,7.9,8.5,7.83,8.3,7.88,0.420000000000001,5.3299,21968696.0,181163131.96,4.778,0
sz.000807,"云铝股份",2026-06-01,28.6,29.13,28.32,28.91,28.49,0.420000000000002,1.4742,60496090.0,1744729131.67,1.7444,0
sz.000809,"和展能源",2026-06-01,4.17,4.26,4.16,4.23,4.18,0.0500000000000007,1.1962,45486300.0,191978642.0,5.5149,0
sz.000810,"创维数字",2026-06-01,11.45,11.92,11.43,11.68,11.51,0.17,1.477,16392776.0,192235001.44,1.476,0
sz.000811,"冰轮环境",2026-06-01,33.0,33.41,31.0,31.17,32.93,-1.76,-5.3447,37713307.0,1205092585.01,3.8546,0
sz.000812,"陕西金叶",2026-06-01,3.7,3.83,3.65,3.83,3.69,0.14,3.794,16127701.0,60957404.73,2.1329,0
sz.000813,"德展健康",2026-06-01,3.31,3.47,3.3,3.41,3.37,0.04,1.1869,38892549.0,132461248.09,1.8549,0
sz.000815,"美利云",2026-06-01,16.01,16.55,15.92,16.22,16.07,0.149999999999999,0.9334,37326779.0,608989728.4,5.3687,0
sz.000816,"智慧农业",2026-06-01,2.64,2.77,2.6,2.76,2.71,0.0499999999999998,1.845,33867460.0,92143004.25,2.3527,0
sz.000818,"航锦科技",2026-06-01,14.54,14.65,14.26,14.46,14.46,0.0,0.0,18393042.0,266266715.59,2.7944,0
sz.000819,"岳阳兴长",2026-06-01,14.85,15.31,14.69,14.98,14.83,0.15,1.0115,4614549.0,69578917.56,1.2624,0
sz.000820,"*ST节能",2026-06-01,3.65,3.74,3.61,3.72,3.71,0.0100000000000002,0.2695,3723261.0,13726928.09,1.2538,1
sz.000821,"ST京机",2026-06-01,8.76,9.06,8.76,8.95,8.75,0.199999999999999,2.2857,9569100.0,85576446.0,1.5826,1
sz.000822,"山东海化",2026-06-01,4.84,5.05,4.81,5.03,4.81,0.220000000000001,4.5738,17420814.0,86834392.1,1.9463,0
sz.000823,"超声电子",2026-06-01,15.87,16.77,15.58,15.91,16.26,-0.350000000000001,-2.1525,52709848.0,850975098.17,9.3369,0
sz.000825,"太钢不锈",2026-06-01,3.86,3.94,3.82,3.93,3.87,0.0600000000000001,1.5504,27576539.0,107673566.2,0.4841,0
sz.000826,"*ST启环",2026-06-01,2.22,2.3,2.17,2.28,2.21,0.0699999999999998,3.1674,31301045.0,70656334.55,2.1963,1
sz.000828,"东莞控股",2026-06-01,10.08,10.23,9.95,10.22,10.12,0.100000000000001,0.9881,6243267.0,63184238.26,0.6006,0
sz.000829,"天音控股",2026-06-01,8.37,8.81,8.36,8.67,8.43,0.24,2.847,22968766.0,198252802.1,2.2428,0
sz.000830,"鲁西化工",2026-06-01,13.0,13.59,12.93,13.42,12.99,0.43,3.3102,34047055.0,454832255.85,1.788,0
sz.000831,"中国稀土",2026-06-01,48.8,49.58,48.13,48.85,48.8,0.0500000000000043,0.1025,19809915.0,969607965.4,1.8667,0
sz.000833,"粤桂股份",2026-06-01,23.54,23.97,23.23,23.82,23.35,0.469999999999999,2.0128,24112210.0,571517942.37,5.3145,0
sz.000837,"秦川机床",2026-06-01,11.57,11.69,11.44,11.45,11.6,-0.15,-1.2931,14991503.0,172984236.38,1.4881,0
sz.000838,"*ST发展",2026-06-01,1.85,1.93,1.85,1.91,1.89,0.02,1.0582,25943416.0,49126001.41,2.462,1
sz.000839,"国安股份",2026-06-01,2.97,3.05,2.93,3.03,2.99,0.0399999999999996,1.3378,55104875.0,165784576.5,1.4058,0
sz.000848,"承德露露",2026-06-01,8.18,8.28,8.11,8.25,8.24,0.00999999999999979,0.1214,21434161.0,175603701.41,2.1198,0
sz.000850,"华茂股份",2026-06-01,3.97,4.17,3.94,4.15,3.97,0.18,4.534,15570601.0,63695474.05,1.6505,0
sz.000852,"石化机械",2026-06-01,5.86,6.02,5.8,5.97,5.86,0.109999999999999,1.8771,12759004.0,76070039.83,1.3423,0
sz.000856,"冀东装备",2026-06-01,8.94,9.29,8.87,9.24,8.98,0.26,2.8953,8354400.0,76765486.0,3.6804,0
sz.000858,"五粮液",2026-06-01,83.95,83.95,82.83,83.41,84.89,-1.48,-1.7434,27998720.0,2332216891.66,0.7213,0
sz.000859,"国风新材",2026-06-01,10.65,10.89,10.43,10.53,10.78,-0.25,-2.3191,73028749.0,778177730.88,8.1512,0
sz.000860,"顺鑫农业",2026-06-01,11.38,11.53,11.24,11.51,11.5,0.00999999999999979,0.087,9401930.0,107295014.7,1.2675,0
sz.000862,"银星能源",2026-06-01,7.14,7.66,6.77,7.44,7.15,0.29,4.0559,87354566.0,627553486.72,13.9107,0
sz.000863,"三湘印象",2026-06-01,4.98,5.14,4.85,5.03,4.99,0.04,0.8016,24144700.0,121563592.0,2.0757,0
sz.000868,"安凯客车",2026-06-01,3.88,4.0,3.82,3.95,3.88,0.0700000000000003,1.8041,13308939.0,52541401.05,1.8149,0
sz.000869,"张裕A",2026-06-01,18.24,18.51,18.03,18.49,18.24,0.25,1.3706,1194941.0,21873048.64,0.2626,0
sz.000875,"电投绿能",2026-06-01,7.35,7.4,6.95,7.1,7.18,-0.0800000000000001,-1.1142,136992621.0,977296965.05,4.0987,0
sz.000876,"新希望",2026-06-01,7.82,7.96,7.76,7.94,7.89,0.0500000000000007,0.6337,17424255.0,137581454.9,0.3872,0
sz.000877,"天山股份",2026-06-01,4.33,4.43,4.27,4.4,4.34,0.0600000000000005,1.3825,11355201.0,49680826.43,0.1597,0
sz.000878,"云南铜业",2026-06-01,17.71,18.23,17.61,17.9,17.72,0.18,1.0158,41110769.0,738720850.65,2.0518,0
sz.000880,"潍柴重机",2026-06-01,30.05,30.57,29.35,29.38,30.08,-0.699999999999999,-2.3271,19840459.0,593576656.01,8.7393,0
sz.000881,"中广核技",2026-06-01,7.32,7.5,7.23,7.42,7.37,0.0499999999999998,0.6784,9219801.0,68252761.28,1.0202,0
sz.000882,"华联股份",2026-06-01,1.5,1.55,1.46,1.54,1.5,0.04,2.6667,97144000.0,147776970.0,3.5516,0
sz.000883,"湖北能源",2026-06-01,5.34,5.46,5.2,5.42,5.33,0.0899999999999999,1.6886,109855500.0,588751370.7,1.6954,0
sz.000885,"城发环境",2026-06-01,13.25,13.55,13.13,13.5,13.18,0.32,2.4279,5048276.0,67447284.1,0.7862,0
sz.000886,"海南高速",2026-06-01,4.76,4.88,4.75,4.85,4.79,0.0599999999999996,1.2526,14498515.0,70156214.65,1.4827,0
sz.000887,"中鼎股份",2026-06-01,21.12,21.77,20.92,21.13,21.17,-0.0400000000000027,-0.1889,60286810.0,1285151312.23,4.5867,0
sz.000888,"峨眉山A",2026-06-01,10.4,10.62,10.24,10.61,10.37,0.24,2.3144,7509671.0,78909643.52,1.4252,0
sz.000889,"中嘉博创",2026-06-01,3.97,4.11,3.87,4.01,4.04,-0.0300000000000002,-0.7426,65514000.0,263412064.2,7.5317,0
sz.000890,"法尔胜",2026-06-01,10.45,11.07,10.33,10.81,10.55,0.26,2.4645,29963100.0,323502768.0,7.1427,0
sz.000892,"欢瑞世纪",2026-06-01,4.22,4.46,4.16,4.29,4.37,-0.0800000000000001,-1.8307,86097700.0,373683988.0,12.1122,0
sz.000893,"亚钾国际",2026-06-01,44.95,46.92,44.74,45.8,44.3,1.5,3.386,14219072.0,652122213.15,1.7515,0
sz.000895,"双汇发展",2026-06-01,25.0,25.14,24.68,25.03,25.02,0.0100000000000016,0.04,13986705.0,348292505.58,0.4037,0
sz.000897,"津滨发展",2026-06-01,1.93,2.01,1.89,2.0,1.93,0.0700000000000001,3.6269,46208404.0,91105146.89,2.8572,0
sz.000898,"鞍钢股份",2026-06-01,2.03,2.09,2.0,2.08,2.04,0.04,1.9608,50337379.0,103496659.85,0.6326,0
sz.000899,"赣能股份",2026-06-01,14.14,14.66,13.4,14.52,14.04,0.48,3.4188,65295915.0,921689487.73,6.6924,0
sz.000900,"现代投资",2026-06-01,3.84,3.91,3.77,3.9,3.84,0.0600000000000001,1.5625,13825814.0,53410704.83,0.9109,0
sz.000901,"航天科技",2026-06-01,19.0,19.26,18.88,18.93,19.01,-0.0800000000000018,-0.4208,13955267.0,265903082.48,1.7484,0
sz.000902,"新洋丰",2026-06-01,13.03,13.22,12.91,13.2,13.02,0.18,1.3825,11999966.0,157407786.23,1.0501,0
sz.000903,"ST云动",2026-06-01,1.89,1.94,1.84,1.94,1.85,0.0899999999999999,4.8649,61898720.0,118659692.04,3.2235,1
sz.000905,"厦门港务",2026-06-01,9.25,9.48,9.15,9.34,9.28,0.0600000000000005,0.6466,8934598.0,83745407.28,1.2044,0
sz.000906,"浙商中拓",2026-06-01,6.27,6.43,6.08,6.41,6.28,0.13,2.0701,14346931.0,90669042.92,2.0459,0
sz.000908,"ST景峰",2026-06-01,7.08,7.35,7.01,7.16,7.11,0.0499999999999998,0.7032,11167920.0,80035866.9,1.2694,1
sz.000909,"*ST数源",2026-06-01,4.52,4.85,4.51,4.85,4.62,0.23,4.9784,9144900.0,43407038.0,2.0893,1
sz.000910,"大亚圣象",2026-06-01,6.28,6.5,6.17,6.43,6.33,0.0999999999999996,1.5798,6095646.0,38856381.86,1.114,0
sz.000911,"*ST广糖",2026-06-01,5.5,5.78,5.5,5.78,5.5,0.28,5.0909,4477500.0,25531951.0,1.1185,1
sz.000912,"泸天化",2026-06-01,3.76,3.91,3.74,3.89,3.77,0.12,3.183,28464800.0,109917802.0,1.8154,0
sz.000913,"钱江摩托",2026-06-01,11.45,11.7,11.36,11.66,11.4,0.26,2.2807,4918409.0,56981101.13,0.9457,0
sz.000915,"华特达因",2026-06-01,27.33,27.81,27.18,27.77,27.32,0.449999999999999,1.6471,2169894.0,59905776.71,0.9266,0
sz.000917,"电广传媒",2026-06-01,7.96,8.4,7.9,8.23,7.96,0.27,3.392,64873249.0,533175143.14,4.5767,0
sz.000919,"金陵药业",2026-06-01,6.31,6.48,6.31,6.47,6.34,0.13,2.0505,10873300.0,69784652.69,1.7488,0
sz.000920,"沃顿科技",2026-06-01,12.78,13.1,12.26,12.26,12.85,-0.59,-4.5914,24352600.0,305733902.38,5.1529,0
sz.000921,"海信家电",2026-06-01,24.28,25.28,23.95,25.18,24.66,0.52,2.1087,14422593.0,360610760.14,1.5709,0
sz.000922,"佳电股份",2026-06-01,13.37,13.46,12.8,13.16,13.5,-0.34,-2.5185,23119256.0,303013517.92,3.2797,0
sz.000923,"河钢资源",2026-06-01,15.48,15.82,15.37,15.63,15.52,0.110000000000001,0.7088,10729378.0,167862098.42,1.7088,0
sz.000925,"众合科技",2026-06-01,7.72,7.92,7.61,7.8,7.81,-0.00999999999999979,-0.128,27349000.0,213056924.0,4.0623,0
sz.000926,"福星股份",2026-06-01,2.48,2.74,2.43,2.48,2.59,-0.11,-4.2471,184948007.0,468380509.13,11.7561,0
sz.000927,"中国铁物",2026-06-01,2.7,2.75,2.67,2.74,2.7,0.04,1.4815,62041286.0,168479646.06,1.0254,0
sz.000928,"中钢国际",2026-06-01,5.87,6.07,5.83,6.05,5.91,0.14,2.3689,15740594.0,94093171.67,1.0972,0
sz.000929,"*ST兰黄",2026-06-01,10.38,10.55,10.21,10.52,10.38,0.139999999999999,1.3487,1974501.0,20590063.35,1.063,1
sz.000930,"中粮科技",2026-06-01,5.1,5.27,5.06,5.26,5.11,0.149999999999999,2.9354,19191919.0,99649905.53,1.0339,0
sz.000931,"中关村",2026-06-01,4.21,4.35,4.16,4.34,4.2,0.14,3.3333,8516808.0,36608931.36,1.134,0
sz.000932,"华菱钢铁",2026-06-01,4.03,4.09,3.97,4.08,4.01,0.0700000000000003,1.7456,82245412.0,333721982.0,1.2002,0
sz.000933,"神火股份",2026-06-01,29.35,30.48,29.06,30.25,29.05,1.2,4.1308,56672816.0,1694026064.5,2.5217,0
sz.000935,"四川双马",2026-06-01,29.16,30.01,28.2,28.88,29.44,-0.560000000000002,-1.9022,9139565.0,264887789.72,1.1972,0
sz.000936,"华西股份",2026-06-01,6.31,6.6,6.27,6.5,6.37,0.13,2.0408,19355027.0,124606611.48,2.1848,0
sz.000937,"冀中能源",2026-06-01,5.46,5.66,5.39,5.65,5.44,0.21,3.8603,56933740.0,317361852.24,1.6582,0
sz.000938,"紫光股份",2026-06-01,29.11,29.89,27.65,27.84,28.64,-0.800000000000001,-2.7933,180393593.0,5157391649.5,6.3073,0
sz.000948,"南天信息",2026-06-01,13.09,13.79,13.05,13.78,13.14,0.639999999999999,4.8706,6758973.0,91876575.32,1.7369,0
sz.000949,"新乡化纤",2026-06-01,6.77,7.0,6.7,6.72,6.82,-0.100000000000001,-1.4663,44942133.0,306499253.86,2.7132,0
sz.000950,"重药控股",2026-06-01,5.85,5.86,5.72,5.83,5.81,0.0200000000000005,0.3442,30554015.0,176782759.49,1.768,0
sz.000951,"中国重汽",2026-06-01,21.59,21.9,20.98,21.67,21.49,0.180000000000003,0.8376,16464605.0,355098204.79,1.4084,0
sz.000952,"广济药业",2026-06-01,6.65,6.96,6.6,6.86,6.71,0.15,2.2355,5406633.0,37096627.72,1.5717,0
sz.000953,"河化股份",2026-06-01,6.47,6.71,6.42,6.59,6.46,0.13,2.0124,6551300.0,43227883.0,1.7894,0
sz.000955,"欣龙控股",2026-06-01,4.28,4.46,4.19,4.45,4.27,0.180000000000001,4.2155,19038801.0,83530121.43,3.5368,0
sz.000957,"中通客车",2026-06-01,10.35,10.51,10.21,10.42,10.25,0.17,1.6585,13346414.0,138550259.38,2.251,0
sz.000958,"电投产融",2026-06-01,6.14,6.25,6.05,6.2,6.1,0.100000000000001,1.6393,64139865.0,396453681.63,1.1914,0
sz.000959,"首钢股份",2026-06-01,3.6,3.67,3.55,3.65,3.61,0.04,1.108,32656741.0,118492247.62,0.4383,0
sz.000960,"锡业股份",2026-06-01,38.17,41.02,38.09,39.26,37.5,1.76,4.6933,98220859.0,3908102606.36,5.9693,0
sz.000962,"东方钽业",2026-06-01,57.31,59.19,54.59,55.31,59.66,-4.34999999999999,-7.2913,39605491.0,2227380037.39,7.8948,0
sz.000963,"华东医药",2026-06-01,29.15,29.42,28.84,29.06,29.02,0.0399999999999991,0.1378,11811779.0,342794952.78,0.6738,0
sz.000965,"天保基建",2026-06-01,3.3,3.47,3.2,3.45,3.31,0.14,4.2296,23606380.0,80178005.4,2.127,0
sz.000966,"长源电力",2026-06-01,5.41,5.46,5.03,5.33,5.4,-0.0700000000000003,-1.2963,186254168.0,982119109.38,5.7107,0
sz.000967,"盈峰环境",2026-06-01,10.64,10.84,10.26,10.4,10.69,-0.289999999999999,-2.7128,94087749.0,994061848.6,2.8637,0
sz.000968,"蓝焰控股",2026-06-01,7.51,7.96,7.5,7.85,7.49,0.359999999999999,4.8064,33298210.0,259160777.7,3.4417,0
sz.000969,"安泰科技",2026-06-01,22.67,23.48,22.46,22.51,22.97,-0.459999999999997,-2.0026,57464953.0,1317404150.2,5.5183,0
sz.000970,"中科三环",2026-06-01,11.16,11.34,11.05,11.08,11.18,-0.0999999999999996,-0.8945,17121896.0,191248319.38,1.4084,0
sz.000972,"*ST中基",2026-06-01,3.57,3.73,3.55,3.73,3.56,0.17,4.7753,12416211.0,45769141.43,1.6098,1
sz.000973,"佛塑科技",2026-06-01,14.68,15.06,14.53,14.72,14.76,-0.0399999999999991,-0.271,44115776.0,653225767.14,4.5601,0
sz.000975,"山金国际",2026-06-01,22.36,23.06,22.27,22.7,22.46,0.239999999999998,1.0686,45337003.0,1031451005.48,1.7968,0
sz.000977,"浪潮信息",2026-06-01,66.71,67.48,63.86,64.14,64.63,-0.489999999999995,-0.7582,101762567.0,6706456538.14,6.9376,0
sz.000978,"桂林旅游",2026-06-01,6.66,6.76,6.55,6.71,6.65,0.0599999999999996,0.9023,14606519.0,97401189.3,3.1202,0
sz.000980,"众泰汽车",2026-06-01,2.68,2.76,2.61,2.7,2.69,0.0100000000000002,0.3717,147779969.0,399510983.41,2.9307,0
sz.000981,"山子高科",2026-06-01,3.54,3.62,3.5,3.59,3.59,0.0,0.0,188297199.0,673364147.54,1.9793,0
sz.000983,"山西焦煤",2026-06-01,6.88,7.35,6.74,7.3,6.79,0.51,7.511,209164848.0,1493940835.38,3.6844,0
sz.000985,"大庆华科",2026-06-01,17.04,17.91,16.5,17.7,17.08,0.620000000000001,3.63,2117100.0,37038585.0,1.6331,0
sz.000987,"越秀资本",2026-06-01,8.0,8.07,7.94,7.97,8.03,-0.0599999999999996,-0.7472,28551217.0,228333780.73,0.5695,0
sz.000988,"华工科技",2026-06-01,154.9,154.92,142.58,143.07,151.92,-8.84999999999999,-5.8254,85015892.0,12563483269.56,8.4594,0
sz.000989,"九芝堂",2026-06-01,8.06,8.29,8.0,8.26,8.07,0.19,2.3544,12008650.0,98296497.55,1.73,0
sz.000990,"诚志股份",2026-06-01,9.59,9.89,9.52,9.72,9.58,0.140000000000001,1.4614,26414827.0,256307889.97,2.1736,0
sz.000993,"闽东电力",2026-06-01,15.0,15.09,13.6,14.43,14.88,-0.450000000000001,-3.0242,37471933.0,537812733.07,8.5212,0
sz.000995,"皇台酒业",2026-06-01,12.91,13.55,12.8,13.35,13.39,-0.0400000000000009,-0.2987,17199600.0,227320811.43,9.6949,0
sz.000997,"新大陆",2026-06-01,20.6,21.12,20.52,20.73,20.68,0.0500000000000007,0.2418,25984205.0,541097445.48,2.5792,0
sz.000998,"隆平高科",2026-06-01,8.48,8.72,8.48,8.68,8.49,0.19,2.2379,16769361.0,144451777.76,1.2758,0
sz.000999,"华润三九",2026-06-01,24.3,24.59,24.22,24.52,24.45,0.0700000000000003,0.2863,11864954.0,289309248.54,0.7136,0
sz.001201,"东瑞股份",2026-06-01,11.72,12.03,11.61,12.0,11.76,0.24,2.0408,2444270.0,29112232.5,1.2134,0
sz.001202,"炬申股份",2026-06-01,15.36,16.06,15.3,16.01,15.5,0.510000000000002,3.2903,1955210.0,30905403.6,1.6736,0
sz.001203,"大中矿业",2026-06-01,39.0,39.13,37.38,37.66,39.0,-1.34,-3.4359,23887647.0,912085496.31,1.8291,0
sz.001205,"盛航股份",2026-06-01,13.81,14.36,13.71,14.35,13.84,0.51,3.685,3666098.0,51982640.93,2.2021,0
sz.001206,"依依股份",2026-06-01,16.8,17.33,16.59,17.21,16.82,0.390000000000001,2.3187,2890996.0,49399049.68,2.7053,0
sz.001207,"联科科技",2026-06-01,18.2,18.66,18.01,18.36,18.3,0.0599999999999987,0.3279,5066360.0,92952163.6,1.7314,0
sz.001208,"华菱线缆",2026-06-01,15.8,16.46,15.7,16.11,15.88,0.229999999999999,1.4484,13913700.0,225844591.0,4.3653,0
sz.001209,"洪兴股份",2026-06-01,20.53,21.46,20.4,21.17,20.67,0.5,2.419,3463158.0,73400053.46,3.6039,0
sz.001210,"金房能源",2026-06-01,30.6,33.51,30.59,33.51,30.46,3.05,10.0131,7063925.0,232290251.51,7.4123,0
sz.001211,"双枪科技",2026-06-01,40.83,45.99,40.4,43.85,42.0,1.85,4.4048,6405802.0,283422731.06,9.529,0
sz.001212,"中旗新材",2026-06-01,50.5,52.33,50.4,50.68,50.61,0.0700000000000003,0.1383,5962047.0,305256053.27,3.4294,0
sz.001213,"中铁特货",2026-06-01,3.82,3.88,3.77,3.87,3.81,0.0600000000000001,1.5748,10096700.0,38717929.0,0.2272,0
sz.001215,"千味央厨",2026-06-01,39.3,40.49,39.06,39.82,39.31,0.509999999999998,1.2974,2447955.0,97733318.55,2.5262,0
sz.001216,"华瓷股份",2026-06-01,16.28,17.11,16.01,16.85,16.12,0.73,4.5285,6031960.0,101321036.4,2.4565,0
sz.001217,"华尔泰",2026-06-01,9.87,10.13,9.74,10.09,9.82,0.27,2.7495,3943800.0,39511181.0,1.2017,0
sz.001218,"丽臣实业",2026-06-01,24.05,25.86,24.02,25.68,24.29,1.39,5.7225,3764822.0,95410282.17,3.1889,0
sz.001219,"青岛食品",2026-06-01,13.53,13.97,13.43,13.96,13.62,0.340000000000002,2.4963,3205133.0,44239601.62,1.6858,0
sz.001220,"世盟股份",2026-06-01,32.6,33.47,32.52,33.28,32.68,0.600000000000001,1.836,839829.0,27839859.97,3.7146,0
sz.001221,"悍高集团",2026-06-01,51.56,51.56,49.6,49.93,51.6,-1.67,-3.2364,1603783.0,80584649.48,4.4538,0
sz.001222,"源飞宠物",2026-06-01,16.18,16.54,15.95,16.4,16.21,0.189999999999998,1.1721,2322520.0,37889951.0,2.0554,0
sz.001223,"欧克科技",2026-06-01,56.5,57.44,54.61,54.96,56.95,-1.99,-3.4943,1047700.0,58268958.0,2.1004,0
sz.001225,"和泰机电",2026-06-01,45.62,50.75,44.62,49.81,46.14,3.67,7.9541,4657346.0,227658991.22,22.137,0
sz.001226,"拓山重工",2026-06-01,48.6,50.6,48.03,49.1,48.87,0.230000000000004,0.4706,1160900.0,57268061.0,3.4218,0
sz.001227,"兰州银行",2026-06-01,2.12,2.16,2.11,2.15,2.12,0.0299999999999998,1.4151,49854836.0,106570450.29,1.1821,0
sz.001228,"永泰运",2026-06-01,30.05,30.5,29.56,30.12,29.82,0.300000000000001,1.006,1036700.0,31305633.0,1.2981,0
sz.001229,"魅视科技",2026-06-01,37.18,38.49,36.62,37.95,36.79,1.16,3.153,2291827.0,86683162.71,4.3505,0
sz.001230,"劲旅环境",2026-06-01,24.52,25.68,24.49,25.12,24.57,0.550000000000001,2.2385,2647397.0,66659901.13,3.3701,0
sz.001231,"农心科技",2026-06-01,21.51,22.29,21.19,22.18,21.64,0.539999999999999,2.4954,1794834.0,39502215.86,3.5108,0
sz.001233,"海安集团",2026-06-01,52.5,53.0,52.11,52.16,52.88,-0.720000000000006,-1.3616,1140035.0,59874077.36,3.0229,0
sz.001234,"泰慕士",2026-06-01,24.0,25.5,23.85,24.94,23.94,1.0,4.1771,3151880.0,78815476.4,3.4452,0
sz.001236,"弘业期货",2026-06-01,8.33,8.47,8.2,8.43,8.37,0.0600000000000005,0.7168,9649718.0,80853422.02,1.2729,0
sz.001237,sz.001237,2026-06-01,71.0,73.33,69.0,72.35,70.74,1.61,2.2759,6292743.0,453358568.98,18.0535,0
sz.001238,"浙江正特",2026-06-01,40.99,42.35,40.49,42.18,41.0,1.18,2.878,450179.0,18739816.33,0.4343,0
sz.001239,"永达股份",2026-06-01,13.41,13.83,13.32,13.7,13.44,0.26,1.9345,1886100.0,25817515.0,1.6545,0
sz.001255,"博菲电气",2026-06-01,30.91,32.16,30.81,31.83,31.29,0.539999999999999,1.7258,1487791.0,47282275.41,1.9519,0
sz.001256,"炜冈科技",2026-06-01,22.86,23.44,22.14,22.93,22.59,0.34,1.5051,2683100.0,61732669.0,2.5096,0
sz.001257,"盛龙股份",2026-06-01,24.91,26.45,24.62,24.91,25.2,-0.289999999999999,-1.1508,29902074.0,763885249.55,21.8346,0
sz.001258,"立新能源",2026-06-01,10.47,10.74,9.92,10.74,10.46,0.279999999999999,2.6769,63144900.0,660954037.0,6.7656,0
sz.001259,"利仁科技",2026-06-01,82.88,87.6,74.59,74.59,82.88,-8.28999999999999,-10.0024,5225269.0,426702862.52,10.9903,0
sz.001260,"坤泰股份",2026-06-01,18.87,19.77,18.57,19.58,18.88,0.699999999999999,3.7076,1398100.0,27232876.0,1.2157,0
sz.001266,"宏英智能",2026-06-01,50.02,50.93,48.21,48.8,50.31,-1.51000000000001,-3.0014,5139141.0,253368499.4,8.8373,0
sz.001267,"汇绿生态",2026-06-01,57.1,58.59,53.45,53.53,57.94,-4.41,-7.6113,37088443.0,2038486130.28,6.0945,0
sz.001268,"联合精密",2026-06-01,40.0,42.5,39.51,40.75,40.55,0.200000000000003,0.4932,2427300.0,99824727.0,3.5996,0
sz.001269,"欧晶科技",2026-06-01,25.48,27.0,24.88,26.08,25.77,0.309999999999999,1.2029,16371301.0,429773201.96,8.5085,0
sz.001270,"*ST铖昌",2026-06-01,141.13,144.0,131.22,131.55,145.8,-14.25,-9.7737,11491654.0,1575168345.68,5.6111,0
sz.001277,"速达股份",2026-06-01,31.81,33.25,31.6,32.91,31.98,0.929999999999996,2.9081,973207.0,31886943.49,2.1366,0
sz.001278,"一彬科技",2026-06-01,18.21,19.22,17.91,18.68,18.25,0.43,2.3562,3305600.0,62304969.0,3.8748,0
sz.001279,"强邦新材",2026-06-01,30.09,30.25,29.86,30.17,29.97,0.200000000000003,0.6673,574500.0,17310188.0,1.4363,0
sz.001280,"中国铀业",2026-06-01,72.01,72.83,70.6,70.86,72.47,-1.61,-2.2216,7098694.0,508471184.89,4.4904,0
sz.001282,"三联锻造",2026-06-01,17.77,18.26,17.65,18.1,17.75,0.350000000000001,1.9718,2254106.0,40724889.76,1.4759,0
sz.001283,"豪鹏科技",2026-06-01,55.01,56.99,54.58,54.78,54.53,0.25,0.4585,5381586.0,299668077.76,5.2047,0
sz.001285,"瑞立科密",2026-06-01,46.49,48.71,45.99,47.96,46.5,1.46,3.1398,2072609.0,98437408.87,4.9946,0
sz.001286,"陕西能源",2026-06-01,12.94,13.79,12.48,13.75,12.82,0.93,7.2543,78322716.0,1027154378.14,5.8017,0
sz.001287,"中电港",2026-06-01,25.99,26.83,25.26,25.3,25.99,-0.689999999999998,-2.6549,28261072.0,731285919.4,3.7191,0
sz.001288,"运机集团",2026-06-01,24.9,25.45,24.32,24.79,25.12,-0.330000000000002,-1.3137,3485140.0,86816496.6,2.2941,0
sz.001289,"龙源电力",2026-06-01,19.27,19.5,18.3,18.98,18.74,0.240000000000002,1.2807,19136649.0,361512680.26,0.3795,0
sz.001296,"长江材料",2026-06-01,19.82,21.14,19.68,20.78,19.82,0.960000000000001,4.8436,3248263.0,67259301.02,4.2132,0
sz.001298,"好上好",2026-06-01,21.27,21.8,21.01,21.29,21.35,-0.0600000000000023,-0.281,10257516.0,219988525.38,2.5177,0
sz.001299,"美能能源",2026-06-01,12.62,13.62,12.48,13.34,12.67,0.67,5.2881,23274365.0,305748652.94,8.2278,0
sz.001300,"三柏硕",2026-06-01,15.6,16.39,15.39,15.93,15.6,0.33,2.1154,3478100.0,55635349.0,1.4268,0
sz.001301,"尚太科技",2026-06-01,86.94,94.2,86.94,91.98,87.52,4.46000000000001,5.096,7036700.0,643524527.0,3.7884,0
sz.001306,"夏厦精密",2026-06-01,61.9,63.83,61.22,62.92,62.15,0.770000000000003,1.2389,542116.0,34088253.72,3.4976,0
sz.001308,"康冠科技",2026-06-01,22.54,23.17,21.8,21.94,22.35,-0.41,-1.8345,13440717.0,301923922.12,2.7586,0
sz.001309,"德明利",2026-06-01,641.4,646.0,597.0,597.41,640.0,-42.59,-6.6547,12172845.0,7477473564.64,7.5455,0
sz.001311,"多利科技",2026-06-01,20.32,22.13,19.93,21.65,20.3,1.35,6.6502,8667950.0,185406667.8,4.8935,0
sz.001312,"福恩股份",2026-06-01,21.2,21.65,21.04,21.57,21.31,0.260000000000002,1.2201,2939748.0,63133909.25,5.143,0
sz.001313,"粤海饲料",2026-06-01,8.36,8.49,8.26,8.35,8.37,-0.0199999999999996,-0.2389,10692200.0,89615250.0,1.5293,0
sz.001314,"亿道信息",2026-06-01,62.0,64.46,60.97,64.46,58.6,5.85999999999999,10.0,4520600.0,287143051.0,3.6342,0
sz.001316,"润贝航科",2026-06-01,36.5,37.19,35.89,36.18,36.71,-0.530000000000001,-1.4437,2637524.0,96218816.16,1.756,0
sz.001317,"三羊马",2026-06-01,51.2,55.26,50.8,53.68,51.26,2.42,4.721,4206700.0,224628543.22,4.9212,0
sz.001318,"阳光乳业",2026-06-01,12.05,12.3,11.8,12.3,12.03,0.270000000000001,2.2444,3384600.0,41218431.0,1.1974,0
sz.001319,"铭科精技",2026-06-01,22.79,23.44,22.7,23.26,22.85,0.41,1.7943,2670400.0,61714201.0,3.2566,0
sz.001322,"箭牌家居",2026-06-01,6.52,6.75,6.51,6.71,6.62,0.0899999999999999,1.3595,3725700.0,24808581.0,0.4742,0
sz.001323,"慕思股份",2026-06-01,20.77,21.17,20.14,21.03,20.35,0.68,3.3415,1852940.0,38638814.3,0.5953,0
sz.001324,"长青科技",2026-06-01,18.21,19.48,18.01,19.31,18.26,1.05,5.7503,4009600.0,76303942.0,2.9055,0
sz.001325,"元创股份",2026-06-01,41.35,42.16,41.13,41.71,41.35,0.359999999999999,0.8706,1207252.0,50340354.36,6.1594,0
sz.001326,"联域股份",2026-06-01,64.56,65.88,63.26,63.26,63.5,-0.240000000000002,-0.378,1377253.0,88722953.95,5.7344,0
sz.001328,"登康口腔",2026-06-01,30.97,31.58,30.6,31.52,30.96,0.559999999999999,1.8088,1875486.0,58680303.84,1.1597,0
sz.001330,"博纳影业",2026-06-01,9.06,9.3,8.99,9.09,9.05,0.0399999999999991,0.442,85326428.0,780809083.04,7.3377,0
sz.001331,"胜通能源",2026-06-01,69.78,69.78,69.78,69.78,69.78,0.0,,,,,0
sz.001332,"锡装股份",2026-06-01,46.28,48.39,44.2,47.99,46.45,1.54,3.3154,5821554.0,270181627.5,8.6624,0
sz.001333,"光华股份",2026-06-01,22.28,22.83,22.0,22.6,22.28,0.32,1.4363,1414500.0,31933788.0,3.2148,0
sz.001335,"信凯科技",2026-06-01,45.59,49.5,45.5,49.2,45.0,4.2,9.3333,3108191.0,150964372.06,12.168,0
sz.001336,"楚环科技",2026-06-01,26.66,27.6,24.48,27.31,26.91,0.399999999999999,1.4864,2270900.0,61277569.0,4.6041,0
sz.001337,"四川黄金",2026-06-01,49.0,50.49,48.61,49.12,49.13,-0.0100000000000051,-0.0204,7356100.0,365042164.0,1.7515,0
sz.001338,"永顺泰",2026-06-01,11.32,11.59,11.27,11.59,11.4,0.19,1.6667,5993771.0,68874403.83,1.1946,0
sz.001339,"智微智能",2026-06-01,105.0,112.39,104.63,106.17,104.0,2.17,2.0865,14271345.0,1547386083.0,11.4599,0
sz.001356,"富岭股份",2026-06-01,10.03,10.19,10.02,10.18,10.08,0.0999999999999996,0.9921,1969391.0,19949377.81,0.9815,0
sz.001358,"兴欣新材",2026-06-01,25.74,26.23,25.2,25.9,25.84,0.0599999999999987,0.2322,1555872.0,40164642.06,3.1307,0
sz.001359,"平安电工",2026-06-01,96.43,98.33,90.91,91.21,97.8,-6.59,-6.7382,2846617.0,264787984.39,6.138,0
sz.001360,"南矿集团",2026-06-01,20.15,21.43,20.1,20.23,20.52,-0.289999999999999,-1.4133,7360600.0,152930395.0,5.8658,0
sz.001365,sz.001365,2026-06-01,46.23,47.36,45.49,46.37,45.09,1.27999999999999,2.8388,8993944.0,418812310.65,15.6401,0
sz.001366,"播恩集团",2026-06-01,13.56,14.94,13.56,14.76,14.9,-0.140000000000001,-0.9396,15492200.0,224650240.0,9.6416,0
sz.001367,"海森药业",2026-06-01,20.88,21.05,20.56,20.73,20.7,0.0300000000000011,0.1449,1574890.0,32841377.8,1.2947,0
sz.001368,"通达创智",2026-06-01,25.1,25.9,24.7,25.5,25.03,0.469999999999999,1.8777,2341300.0,59525051.0,2.1636,0
sz.001369,"双欣材料",2026-06-01,14.42,14.67,14.29,14.46,14.59,-0.129999999999999,-0.891,11848717.0,171874238.47,5.894,0
sz.001373,"翔腾新材",2026-06-01,37.42,39.19,36.93,38.07,37.68,0.390000000000001,1.035,2065240.0,79261971.0,4.9219,0
sz.001376,"百通能源",2026-06-01,14.5,14.93,14.13,14.59,14.56,0.0299999999999994,0.206,19983000.0,291565689.0,9.336,0
sz.001378,"德冠新材",2026-06-01,19.75,20.42,19.37,20.23,19.75,0.48,2.4304,3242075.0,65231008.21,3.844,0
sz.001379,"腾达科技",2026-06-01,18.8,19.47,18.65,19.26,18.89,0.370000000000001,1.9587,2043300.0,39309158.0,3.0362,0
sz.001380,"华纬科技",2026-06-01,17.45,17.8,17.28,17.64,17.45,0.190000000000001,1.0888,1447889.0,25484283.44,0.5346,0
sz.001382,"新亚电缆",2026-06-01,20.46,21.06,20.3,21.04,20.56,0.48,2.3346,4041166.0,84390579.94,6.4145,0
sz.001386,"马可波罗",2026-06-01,16.27,16.72,16.2,16.59,16.4,0.190000000000001,1.1585,3833851.0,63450256.52,3.565,0
sz.001387,"雪祺电气",2026-06-01,12.71,13.13,12.24,12.99,12.49,0.5,4.0032,5493209.0,71021024.54,4.8224,0
sz.001388,"信通电子",2026-06-01,33.55,34.7,33.41,34.29,33.55,0.740000000000002,2.2057,921667.0,31630324.74,2.9541,0
sz.001389,"广合科技",2026-06-01,195.5,196.68,176.83,182.3,196.48,-14.18,-7.217,16876952.0,3087078540.86,11.1043,0
sz.001390,"古麒绒材",2026-06-01,17.8,18.26,17.58,18.22,17.7,0.52,2.9379,2027114.0,36581105.36,1.7066,0
sz.001391,"国货航",2026-06-01,5.17,5.24,5.14,5.24,5.16,0.0800000000000001,1.5504,13747130.0,71526050.9,0.9048,0
sz.001393,"维通利",2026-06-01,65.94,71.41,65.94,68.56,65.94,2.62,3.9733,8498485.0,590009747.83,17.6904,0
sz.001395,"亚联机械",2026-06-01,35.51,36.28,35.06,36.28,35.6,0.68,1.9101,563140.0,20258901.8,1.201,0
sz.001396,"誉帆科技",2026-06-01,46.0,48.24,45.32,45.77,47.18,-1.41,-2.9886,1971140.0,91162175.76,8.8762,0
sz.001400,"江顺科技",2026-06-01,110.0,111.0,105.05,106.12,110.12,-4.0,-3.6324,2141659.0,229927240.84,4.6325,0
sz.001696,"宗申动力",2026-06-01,14.7,15.0,14.65,14.86,14.74,0.119999999999999,0.8141,16345870.0,243032366.16,1.8337,0
sz.001872,"招商港口",2026-06-01,22.01,22.28,21.6,22.22,22.3,-0.0800000000000018,-0.3587,2499829.0,55064189.77,0.1086,0
sz.001896,"豫能控股",2026-06-01,16.4,18.01,15.09,17.65,16.37,1.28,7.8192,269803509.0,4508601453.95,17.683,0
sz.001914,"招商积余",2026-06-01,9.65,10.1,9.57,10.07,9.69,0.380000000000001,3.9216,12659668.0,125302956.27,1.2014,0
sz.001965,"招商公路",2026-06-01,9.99,10.0,9.7,9.98,10.04,-0.0599999999999987,-0.5976,18274910.0,180306742.46,0.2689,0
sz.001979,"招商蛇口",2026-06-01,8.71,9.15,8.61,9.1,8.82,0.279999999999999,3.1746,81935414.0,737421731.05,0.9738,0
sz.002001,"新和成",2026-06-01,29.28,29.95,29.0,29.85,29.37,0.48,1.6343,29096997.0,863928667.14,0.9581,0
sz.002003,"伟星股份",2026-06-01,9.2,9.34,9.09,9.3,9.19,0.110000000000001,1.197,8354021.0,77225247.16,0.8173,0
sz.002004,"华邦健康",2026-06-01,4.53,4.65,4.51,4.63,4.53,0.0999999999999996,2.2075,20742485.0,95148115.9,1.1014,0
sz.002005,"ST德豪",2026-06-01,2.93,2.99,2.91,2.97,2.93,0.04,1.3652,16708500.0,49476437.0,0.9537,1
sz.002006,"精工科技",2026-06-01,16.52,16.92,16.52,16.6,16.94,-0.34,-2.0071,9444881.0,157541828.66,1.817,0
sz.002007,"华兰生物",2026-06-01,13.68,14.15,13.65,14.01,13.74,0.27,1.9651,14549346.0,202967206.94,0.9246,0
sz.002008,"大族激光",2026-06-01,133.68,136.52,124.8,124.91,131.85,-6.94,-5.2636,40149208.0,5138824534.72,4.1965,0
sz.002009,"天奇股份",2026-06-01,21.55,22.13,21.32,21.61,21.45,0.16,0.7459,15380532.0,335264272.28,4.3442,0
sz.002010,"传化智联",2026-06-01,5.31,5.4,5.25,5.39,5.33,0.0599999999999996,1.1257,25056287.0,134172031.06,0.9087,0
sz.002011,"盾安环境",2026-06-01,12.48,12.77,12.23,12.41,12.47,-0.0600000000000005,-0.4812,21640742.0,269261601.27,2.0424,0
sz.002012,"凯恩股份",2026-06-01,7.42,7.98,7.4,7.55,7.82,-0.27,-3.4527,62982121.0,484879270.6,13.4685,0
sz.002014,"永新股份",2026-06-01,10.62,10.64,10.44,10.56,10.6,-0.0399999999999991,-0.3774,4060104.0,42728772.14,0.6737,0
sz.002015,"协鑫能科",2026-06-01,24.09,24.09,21.04,22.63,23.38,-0.75,-3.2079,157228953.0,3533606627.11,9.6856,0
sz.002016,"世荣兆业",2026-06-01,4.73,4.94,4.61,4.91,4.75,0.16,3.3684,18191574.0,87744032.3,2.2484,0
sz.002017,"东信和平",2026-06-01,16.29,16.81,16.25,16.62,16.3,0.32,1.9632,10767895.0,178911721.9,1.8563,0
sz.002019,"亿帆医药",2026-06-01,10.45,10.58,10.39,10.5,10.48,0.0199999999999996,0.1908,9229900.0,96724914.0,1.0955,0
sz.002020,"京新药业",2026-06-01,13.5,13.62,13.34,13.47,13.44,0.0300000000000011,0.2232,8562475.0,115265241.4,1.1827,0
sz.002021,"中捷资源",2026-06-01,2.75,2.81,2.72,2.77,2.75,0.02,0.7273,28834631.0,79948389.93,2.4121,0
sz.002022,"科华生物",2026-06-01,5.41,5.77,5.32,5.68,5.42,0.26,4.797,11937048.0,66894812.04,2.3211,0
sz.002023,"海特高新",2026-06-01,10.94,11.39,10.79,11.1,10.91,0.19,1.7415,28302253.0,315205220.58,3.8202,0
sz.002024,"ST易购",2026-06-01,1.25,1.27,1.22,1.26,1.26,0.0,0.0,41119401.0,51237279.25,0.4444,1
sz.002025,"航天电器",2026-06-01,65.16,65.97,61.3,61.42,65.15,-3.73,-5.7252,18217978.0,1153005721.05,4.0139,0
sz.002026,"山东威达",2026-06-01,12.16,12.45,12.16,12.21,12.28,-0.0699999999999985,-0.57,5945951.0,73079829.24,1.3498,0
sz.002027,"分众传媒",2026-06-01,5.55,5.7,5.54,5.68,5.58,0.0999999999999996,1.7921,157100021.0,887792921.18,1.0878,0
sz.002028,"思源电气",2026-06-01,205.5,219.81,203.5,216.0,202.15,13.85,6.8513,21750321.0,4662151897.38,3.5616,0
sz.002029,"七匹狼",2026-06-01,8.62,8.94,8.5,8.84,8.59,0.25,2.9104,18727048.0,164966498.68,2.8144,0
sz.002030,"达安基因",2026-06-01,6.89,6.92,6.56,6.71,7.08,-0.37,-5.226,80614383.0,542399141.92,5.744,0
sz.002031,"巨轮智能",2026-06-01,6.2,6.35,6.12,6.27,6.24,0.0299999999999994,0.4808,94864462.0,595539642.72,4.9573,0
sz.002032,"苏泊尔",2026-06-01,45.05,46.64,44.76,46.18,45.15,1.03,2.2813,3919426.0,181077686.15,0.4902,0
sz.002033,"丽江股份",2026-06-01,8.62,8.74,8.47,8.74,8.63,0.109999999999999,1.2746,17807309.0,154012666.94,3.2408,0
sz.002034,"旺能环境",2026-06-01,19.4,20.83,19.0,20.0,19.37,0.629999999999999,3.2525,21684398.0,430120288.5,4.2143,0
sz.002035,"华帝股份",2026-06-01,5.11,5.25,5.05,5.24,5.09,0.15,2.947,12099864.0,62656924.9,1.5472,0
sz.002036,"联创电子",2026-06-01,9.03,9.84,9.03,9.52,9.21,0.309999999999999,3.3659,86214602.0,821001841.61,8.1684,0
sz.002037,"保利联合",2026-06-01,7.41,7.56,7.32,7.5,7.41,0.0899999999999999,1.2146,6821900.0,50817592.0,1.4098,0
sz.002038,"双鹭药业",2026-06-01,5.83,5.95,5.77,5.93,5.88,0.0499999999999998,0.8503,22307850.0,131032013.5,2.6186,0
sz.002039,"黔源电力",2026-06-01,22.92,22.97,21.39,22.62,23.18,-0.559999999999999,-2.4159,27714295.0,618438445.03,6.482,0
sz.002040,"南京港",2026-06-01,8.9,9.36,8.88,9.27,8.99,0.279999999999999,3.1146,9928500.0,91386150.0,2.0426,0
sz.002041,"登海种业",2026-06-01,8.68,8.93,8.63,8.87,8.69,0.18,2.0713,15977164.0,141218948.16,1.8156,0
sz.002042,"华孚时尚",2026-06-01,4.19,4.28,4.16,4.18,4.24,-0.0600000000000005,-1.4151,34771317.0,146328866.15,2.0446,0
sz.002043,"兔宝宝",2026-06-01,13.07,13.59,12.75,13.52,12.93,0.59,4.563,16970744.0,224506643.38,2.1016,0
sz.002044,"美年健康",2026-06-01,5.62,5.8,5.54,5.7,5.69,0.00999999999999979,0.1757,130317806.0,737989288.5,3.3637,0
sz.002045,"国光电器",2026-06-01,9.14,9.58,9.11,9.46,9.14,0.32,3.5011,19006104.0,179103131.82,3.3835,0
sz.002046,"国机精工",2026-06-01,52.33,53.12,50.0,50.11,53.0,-2.89,-5.4528,17051811.0,872991166.89,3.2162,0
sz.002047,"*ST宝鹰",2026-06-01,4.91,4.97,4.82,4.88,4.89,-0.00999999999999979,-0.2045,21322601.0,104851798.93,1.4064,0
sz.002048,"宁波华翔",2026-06-01,26.08,26.59,25.43,25.56,26.07,-0.510000000000002,-1.9563,17181569.0,445040303.99,2.4206,0
sz.002049,"紫光国微",2026-06-01,79.0,81.05,76.5,76.51,79.3,-2.78999999999999,-3.5183,44971375.0,3508820253.08,5.2938,0
sz.002050,"三花智控",2026-06-01,46.34,47.0,44.54,44.57,46.34,-1.77,-3.8196,141143237.0,6433059086.56,3.831,0
sz.002051,"中工国际",2026-06-01,10.77,11.34,10.67,11.07,11.01,0.0600000000000005,0.545,78011508.0,857710544.32,6.361,0
sz.002052,"同洲电子",2026-06-01,9.88,10.04,9.7,9.78,9.86,-0.0800000000000001,-0.8114,11695700.0,115063972.0,1.6965,0
sz.002053,"云南能投",2026-06-01,11.68,11.95,11.3,11.95,11.52,0.43,3.7326,18568746.0,217235324.84,2.0168,0
sz.002054,"德美化工",2026-06-01,7.67,7.95,7.61,7.86,7.7,0.16,2.0779,8341892.0,65477180.07,2.1723,0
sz.002055,"ST得润",2026-06-01,7.53,7.77,7.52,7.77,7.4,0.369999999999999,5.0,62621647.0,482525455.25,10.5425,1
sz.002056,"横店东磁",2026-06-01,25.06,26.11,24.29,24.33,25.21,-0.880000000000003,-3.4907,73653866.0,1851975044.43,4.5325,0
sz.002057,"中钢天源",2026-06-01,9.08,9.36,9.08,9.22,9.08,0.140000000000001,1.5419,11994800.0,110750783.0,1.5923,0
sz.002058,"*ST威尔",2026-06-01,25.77,26.14,25.53,25.65,25.77,-0.120000000000001,-0.4657,801800.0,20661514.0,0.5603,1
sz.002059,"云南旅游",2026-06-01,4.55,4.63,4.49,4.62,4.58,0.04,0.8734,8144900.0,37264676.72,0.8285,0
sz.002060,"广东建工",2026-06-01,3.54,3.66,3.5,3.64,3.55,0.0900000000000003,2.5352,39887886.0,143470554.8,2.5523,0
sz.002061,"浙江交科",2026-06-01,3.6,3.73,3.56,3.69,3.59,0.1,2.7855,32064320.0,117155888.6,1.2337,0
sz.002062,"宏润建设",2026-06-01,8.06,8.97,8.06,8.97,8.15,0.82,10.0613,48069856.0,424977722.91,4.274,0
sz.002063,"远光软件",2026-06-01,5.89,6.07,5.89,6.06,5.89,0.17,2.8862,35444928.0,213232347.71,2.0039,0
sz.002064,"华峰化学",2026-06-01,10.05,10.53,9.93,10.17,10.11,0.0600000000000005,0.5935,43029090.0,440281926.48,0.8689,0
sz.002065,"东华软件",2026-06-01,7.43,7.72,7.43,7.64,7.43,0.21,2.8264,42330195.0,322423222.43,1.4557,0
sz.002066,"瑞泰科技",2026-06-01,24.05,24.3,23.16,23.36,24.04,-0.68,-2.8286,6233400.0,147345397.0,2.6984,0
sz.002067,"景兴纸业",2026-06-01,4.83,4.94,4.72,4.87,4.83,0.04,0.8282,42597741.0,206950925.5,3.1846,0
sz.002068,"黑猫股份",2026-06-01,9.41,10.41,9.36,10.41,9.46,0.949999999999999,10.0423,31823500.0,318995369.52,4.3298,0
sz.002069,"獐子岛",2026-06-01,3.36,3.61,3.35,3.58,3.41,0.17,4.9853,15900923.0,56183967.89,2.2389,0
sz.002072,"凯瑞德",2026-06-01,7.92,8.09,7.7,7.7,7.85,-0.149999999999999,-1.9108,16683800.0,131286057.0,4.5394,0
sz.002073,"软控股份",2026-06-01,5.68,5.8,5.67,5.8,5.68,0.12,2.1127,20270553.0,116629019.28,1.9993,0
sz.002074,"国轩高科",2026-06-01,32.95,33.48,32.55,32.58,32.95,-0.370000000000005,-1.1229,24125789.0,794954863.91,1.3895,0
sz.002075,"沙钢股份",2026-06-01,3.9,3.98,3.85,3.96,3.9,0.0600000000000001,1.5385,27997038.0,110195951.95,1.2762,0
sz.002076,"*ST星光",2026-06-01,2.74,2.74,2.65,2.73,2.74,-0.0100000000000002,-0.365,32017830.0,86638797.8,3.0719,1
sz.002077,"大港股份",2026-06-01,16.89,17.8,16.85,17.19,17.0,0.190000000000001,1.1176,40563977.0,703190315.28,6.9896,0
sz.002078,"太阳纸业",2026-06-01,13.77,13.99,13.5,13.95,13.81,0.139999999999999,1.0138,18736413.0,259010610.55,0.6746,0
sz.002079,"苏州固锝",2026-06-01,12.28,12.84,12.2,12.23,12.45,-0.219999999999999,-1.7671,61193973.0,763488975.19,7.5494,0
sz.002080,"中材科技",2026-06-01,72.4,72.4,64.04,64.04,71.15,-7.11,-9.993,61264871.0,4043836916.35,3.6508,0
sz.002081,"金螳螂",2026-06-01,6.29,6.78,6.17,6.78,6.16,0.62,10.0649,633493826.0,4135981853.7,23.9575,0
sz.002082,"ST万邦",2026-06-01,15.38,16.15,15.25,15.97,15.41,0.56,3.634,13904390.0,220251422.91,2.4486,1
sz.002083,"孚日股份",2026-06-01,10.0,10.13,9.95,9.97,10.03,-0.0599999999999987,-0.5982,17974601.0,180065464.95,1.8988,0
sz.002084,"海鸥住工",2026-06-01,3.3,3.48,3.25,3.45,3.31,0.14,4.2296,16972892.0,58036896.12,2.6333,0
sz.002085,"万丰奥威",2026-06-01,11.85,12.09,11.75,11.93,11.86,0.0700000000000003,0.5902,24253389.0,290239866.42,1.1423,0
sz.002086,"东方海洋",2026-06-01,1.9,1.94,1.86,1.93,1.91,0.02,1.0471,42003467.0,80070736.97,2.6563,0
sz.002088,"鲁阳节能",2026-06-01,8.81,9.05,8.77,9.01,8.85,0.16,1.8079,2438476.0,21828853.64,0.4822,0
sz.002090,"金智科技",2026-06-01,10.59,10.82,10.53,10.68,10.59,0.0899999999999999,0.8499,7412500.0,79443333.7,1.8764,0
sz.002091,"江苏国泰",2026-06-01,8.92,9.05,8.9,9.01,8.93,0.0800000000000001,0.8959,16025257.0,144115821.07,1.0027,0
sz.002092,"中泰化学",2026-06-01,4.67,4.77,4.61,4.74,4.64,0.100000000000001,2.1552,51616834.0,243765364.5,2.0041,0
sz.002093,"国脉科技",2026-06-01,7.37,7.59,7.33,7.5,7.37,0.13,1.7639,10696936.0,80149044.8,1.0617,0
sz.002094,"青岛金王",2026-06-01,5.2,5.4,5.14,5.38,5.22,0.16,3.0651,21066534.0,112475159.92,3.0511,0
sz.002095,"生意宝",2026-06-01,14.1,14.67,14.04,14.57,14.09,0.48,3.4067,3152900.0,45622357.0,1.2526,0
sz.002096,"易普力",2026-06-01,10.26,11.01,10.14,10.93,10.24,0.69,6.7383,16371284.0,174452318.15,1.3198,0
sz.002097,"山河智能",2026-06-01,8.58,8.7,8.52,8.67,8.58,0.0899999999999999,1.049,12769350.0,110291896.0,1.1905,0
sz.002098,"浔兴股份",2026-06-01,7.36,7.83,7.16,7.71,7.33,0.38,5.1842,7742207.0,59266347.48,2.1626,0
sz.002099,"海翔药业",2026-06-01,5.52,6.07,5.48,6.07,5.52,0.550000000000001,9.9638,54530498.0,321150043.43,3.3757,0
sz.002100,"天康生物",2026-06-01,6.58,6.69,6.5,6.64,6.6,0.04,0.6061,16287800.0,107647574.0,1.193,0
sz.002101,"广东鸿图",2026-06-01,8.91,9.16,8.88,9.14,8.89,0.25,2.8121,6931390.0,62656351.3,1.0467,0
sz.002102,"ST能特",2026-06-01,2.33,2.38,2.27,2.35,2.32,0.0300000000000002,1.2931,29083815.0,67502505.8,1.3385,1
sz.002103,"广博股份",2026-06-01,7.06,7.28,7.01,7.23,7.04,0.19,2.6989,6662302.0,47969912.4,1.7165,0
sz.002104,"恒宝股份",2026-06-01,11.9,12.49,11.89,12.19,11.97,0.219999999999999,1.8379,29500008.0,361321114.23,4.9191,0
sz.002105,"信隆健康",2026-06-01,5.88,6.16,5.8,6.12,5.9,0.22,3.7288,7797765.0,47210072.8,2.1395,0
sz.002106,"莱宝高科",2026-06-01,11.65,12.5,11.63,11.9,11.65,0.25,2.1459,32955882.0,398989146.18,4.6752,0
sz.002107,"沃华医药",2026-06-01,6.45,6.6,6.4,6.57,6.47,0.100000000000001,1.5456,9195085.0,59989393.15,1.6092,0
sz.002108,"沧州明珠",2026-06-01,5.01,5.08,4.98,5.04,4.98,0.0599999999999996,1.2048,29988219.0,151045556.95,1.8202,0
sz.002109,"ST兴化",2026-06-01,2.9,3.03,2.88,3.02,2.9,0.12,4.1379,15510545.0,46183264.5,1.2153,1
sz.002110,"三钢闽光",2026-06-01,3.13,3.23,3.09,3.23,3.12,0.11,3.5256,28888400.0,92151177.0,1.1893,0
sz.002111,"威海广泰",2026-06-01,10.14,10.45,10.09,10.34,10.18,0.16,1.5717,10401051.0,107472255.96,2.1281,0
sz.002112,"三变科技",2026-06-01,18.49,19.18,18.38,18.89,18.3,0.59,3.224,16808650.0,317106600.89,6.4136,0
sz.002114,"罗平锌电",2026-06-01,7.88,8.17,7.68,7.97,7.91,0.0599999999999996,0.7585,9868501.0,79001522.99,3.0516,0
sz.002115,"三维通信",2026-06-01,12.21,12.56,12.16,12.25,12.2,0.0500000000000007,0.4098,33035187.0,408692184.74,4.3918,0
sz.002116,"中国海诚",2026-06-01,9.03,9.36,8.94,9.27,8.99,0.279999999999999,3.1146,4086300.0,37567029.0,0.8883,0
sz.002117,"东港股份",2026-06-01,9.29,9.95,9.23,9.58,9.26,0.32,3.4557,15530131.0,150023978.01,2.9663,0
sz.002119,"康强电子",2026-06-01,22.3,23.15,21.4,21.45,23.0,-1.55,-6.7391,39267937.0,869489127.51,10.4635,0
sz.002120,"韵达股份",2026-06-01,6.94,6.99,6.87,6.98,6.9,0.0800000000000001,1.1594,37752000.0,261935362.0,1.341,0
sz.002121,"科陆电子",2026-06-01,8.28,8.34,7.86,7.88,8.28,-0.399999999999999,-4.8309,61393574.0,494797701.38,4.3855,0
sz.002122,"ST汇洲",2026-06-01,2.75,2.83,2.75,2.81,2.81,0.0,0.0,15757976.0,44005850.04,0.7928,1
sz.002123,"梦网科技",2026-06-01,8.26,8.63,8.2,8.57,8.32,0.25,3.0048,17627725.0,150190438.75,2.4465,0
sz.002124,"天邦食品",2026-06-01,2.58,2.66,2.55,2.63,2.57,0.0600000000000001,2.3346,86300584.0,226243112.32,4.3759,0
sz.002125,"湘潭电化",2026-06-01,14.99,15.64,14.87,15.05,14.81,0.24,1.6205,47373480.0,720796177.9,7.5254,0
sz.002126,"银轮股份",2026-06-01,50.17,52.01,49.5,49.9,49.92,-0.0200000000000031,-0.0401,20271128.0,1031560898.26,2.5523,0
sz.002127,"南极电商",2026-06-01,2.98,3.25,2.95,3.15,2.98,0.17,5.7047,69958792.0,218952641.46,3.5072,0
sz.002128,"电投能源",2026-06-01,30.7,32.32,30.36,32.19,30.95,1.24,4.0065,30505573.0,951777868.69,1.3609,0
sz.002129,"TCL中环",2026-06-01,9.75,10.07,9.54,9.56,9.75,-0.19,-1.9487,190395519.0,1856147123.95,4.713,0
sz.002130,"沃尔核材",2026-06-01,22.5,22.72,21.83,22.36,21.99,0.370000000000001,1.6826,55291159.0,1232344440.43,4.8207,0
sz.002131,"利欧股份",2026-06-01,5.88,6.2,5.76,6.1,5.98,0.119999999999999,2.0067,382292496.0,2323577002.07,6.5296,0
sz.002132,"恒星科技",2026-06-01,4.85,4.9,4.81,4.84,4.85,-0.00999999999999979,-0.2062,46462459.0,225338047.67,3.3207,0
sz.002133,"广宇集团",2026-06-01,2.86,3.02,2.78,3.0,2.88,0.12,4.1667,27097800.0,79915349.0,3.5198,0
sz.002134,"天津普林",2026-06-01,29.94,30.18,28.09,28.26,29.35,-1.09,-3.7138,13664630.0,395871243.9,5.5189,0
sz.002135,"东南网架",2026-06-01,7.2,7.43,7.11,7.31,7.23,0.0799999999999992,1.1065,26331861.0,193165166.48,2.5225,0
sz.002136,"安纳达",2026-06-01,13.36,13.7,13.22,13.41,13.36,0.0500000000000007,0.3743,4822200.0,65110833.0,2.2486,0
sz.002137,"实益达",2026-06-01,8.33,8.65,8.23,8.59,8.49,0.0999999999999996,1.1779,17087848.0,146218629.97,4.3101,0
sz.002138,"顺络电子",2026-06-01,48.85,50.33,46.0,46.5,50.35,-3.85,-7.6465,73036920.0,3477555307.02,9.6546,0
sz.002139,"拓邦股份",2026-06-01,10.38,10.6,10.36,10.47,10.37,0.100000000000001,0.9643,18962462.0,198880084.33,1.7704,0
sz.002140,"东华科技",2026-06-01,10.16,10.65,10.15,10.56,10.16,0.4,3.937,10813800.0,113683633.64,1.5295,0
sz.002141,"贤丰控股",2026-06-01,3.28,3.47,3.24,3.38,3.31,0.0699999999999998,2.1148,15652731.0,52738693.47,1.5154,0
sz.002142,"宁波银行",2026-06-01,31.26,31.43,30.9,31.41,31.03,0.379999999999999,1.2246,30997500.0,966421936.89,0.4697,0
sz.002144,"宏达高科",2026-06-01,11.9,12.39,11.72,12.3,12.02,0.280000000000001,2.3295,4053100.0,49463675.0,2.9445,0
sz.002145,"钛能化学",2026-06-01,4.34,4.5,4.33,4.43,4.34,0.0899999999999999,2.0737,49821307.0,221088111.31,1.3089,0
sz.002146,"荣盛发展",2026-06-01,1.28,1.32,1.25,1.31,1.3,0.01,0.7692,143172967.0,184873105.7,3.6603,0
sz.002148,"北纬科技",2026-06-01,6.62,6.86,6.56,6.78,6.63,0.15,2.2624,10965420.0,74205803.8,2.4405,0
sz.002149,"西部材料",2026-06-01,59.0,61.17,56.64,56.65,60.06,-3.41,-5.6777,39928456.0,2338400925.17,8.1797,0
sz.002150,"正泰电源",2026-06-01,30.95,34.0,30.61,32.29,31.5,0.789999999999999,2.5079,23965662.0,787110378.44,6.6841,0
sz.002151,"北斗星通",2026-06-01,34.01,34.78,33.88,34.1,34.14,-0.0399999999999991,-0.1172,12173668.0,418372819.14,2.7492,0
sz.002152,"广电运通",2026-06-01,10.45,10.63,10.31,10.51,10.42,0.0899999999999999,0.8637,22962981.0,241129949.61,0.9251,0
sz.002153,"石基信息",2026-06-01,8.23,8.76,8.2,8.48,8.23,0.25,3.0377,33592965.0,285723212.5,2.0999,0
sz.002154,"报喜鸟",2026-06-01,4.06,4.23,4.02,4.2,4.1,0.100000000000001,2.439,39758782.0,165438819.78,3.37,0
sz.002155,"湖南黄金",2026-06-01,24.21,24.76,24.06,24.39,24.28,0.109999999999999,0.453,29586683.0,725448482.01,1.8935,0
sz.002156,"通富微电",2026-06-01,65.0,66.0,60.96,61.39,66.0,-4.61,-6.9848,158786298.0,10013725182.38,10.464,0
sz.002157,"正邦科技",2026-06-01,3.09,3.15,3.07,3.12,3.1,0.02,0.6452,148088707.0,462247599.63,1.9016,0
sz.002158,"汉钟精机",2026-06-01,29.88,31.2,28.72,28.78,30.25,-1.47,-4.8595,13512436.0,399451588.56,2.5325,0
sz.002159,"三特索道",2026-06-01,14.94,15.27,14.75,15.23,14.93,0.300000000000001,2.0094,3531450.0,53430856.0,2.5503,0
sz.002160,"常铝股份",2026-06-01,4.48,4.65,4.45,4.6,4.47,0.13,2.9083,24967242.0,114497986.46,2.4223,0
sz.002161,"远望谷",2026-06-01,6.21,6.44,6.16,6.35,6.24,0.109999999999999,1.7628,15815000.0,100560987.0,2.1383,0
sz.002162,"悦心健康",2026-06-01,3.83,3.99,3.78,3.97,3.83,0.14,3.6554,13682690.0,53854756.4,1.4897,0
sz.002163,"海南发展",2026-06-01,10.25,10.43,10.18,10.29,10.27,0.0199999999999996,0.1947,19599300.0,202214955.0,2.4391,0
sz.002164,"宁波东力",2026-06-01,12.57,12.96,12.5,12.75,12.59,0.16,1.2708,11012600.0,140044811.0,2.2954,0
sz.002165,"红宝丽",2026-06-01,6.76,7.09,6.67,6.98,6.82,0.16,2.346,39569500.0,276556433.0,5.4385,0
sz.002166,"莱茵生物",2026-06-01,8.26,8.34,8.23,8.27,8.29,-0.0199999999999996,-0.2413,8645164.0,71619999.04,1.1705,0
sz.002167,"东方锆业",2026-06-01,13.37,13.57,12.88,13.01,13.4,-0.390000000000001,-2.9104,40550763.0,531746978.15,5.3447,0
sz.002168,"ST惠程",2026-06-01,3.77,3.78,3.68,3.74,3.76,-0.0199999999999996,-0.5319,6084700.0,22680893.0,0.7759,1
sz.002169,"智光电气",2026-06-01,16.58,16.98,16.33,16.35,16.43,-0.0799999999999983,-0.4869,47292186.0,787632175.3,6.2335,0
sz.002170,"芭田股份",2026-06-01,11.6,12.14,11.51,12.12,11.49,0.629999999999999,5.483,29237938.0,348182155.72,3.7145,0
sz.002171,"楚江新材",2026-06-01,11.7,12.04,11.6,11.75,11.92,-0.17,-1.4262,50722149.0,601519628.52,3.1431,0
sz.002172,"澳洋健康",2026-06-01,3.29,3.44,3.29,3.41,3.32,0.0900000000000003,2.7108,17864300.0,60563085.0,2.3348,0
sz.002173,"创新医疗",2026-06-01,17.23,17.23,17.23,17.23,19.14,-1.91,-9.9791,4642700.0,79993721.0,1.1031,0
sz.002174,"游族网络",2026-06-01,11.18,11.48,11.11,11.23,11.25,-0.0199999999999996,-0.1778,28938803.0,326947312.31,2.9552,0
sz.002175,"*ST东智",2026-06-01,2.62,2.77,2.6,2.7,2.65,0.0500000000000003,1.8868,24345300.0,65859866.0,1.9068,1
sz.002176,"江特电机",2026-06-01,11.7,11.85,11.5,11.58,11.77,-0.19,-1.6143,61098968.0,714305975.01,3.586,0
sz.002177,"御银股份",2026-06-01,6.78,7.08,6.73,6.97,6.83,0.14,2.0498,29893615.0,208495578.58,4.4292,0
sz.002178,"延华智能",2026-06-01,5.65,5.89,5.62,5.83,5.72,0.11,1.9231,18402107.0,106907964.91,2.5854,0
sz.002179,"中航光电",2026-06-01,36.75,37.18,35.75,35.84,36.42,-0.579999999999998,-1.5925,36348749.0,1325834764.64,1.7338,0
sz.002180,"奔图科技",2026-06-01,15.8,15.99,15.33,15.37,15.88,-0.510000000000002,-3.2116,18703200.0,291592845.77,1.3749,0
sz.002181,"粤传媒",2026-06-01,16.51,18.16,16.15,18.16,16.51,1.65,9.9939,148963216.0,2644759187.95,13.1299,0
sz.002182,"宝武镁业",2026-06-01,14.29,14.56,14.14,14.16,14.29,-0.129999999999999,-0.9097,22750800.0,325404505.0,2.6286,0
sz.002183,"怡亚通",2026-06-01,6.15,6.23,6.0,6.11,6.15,-0.04,-0.6504,82660940.0,506902221.75,3.1829,0
sz.002184,"海得控制",2026-06-01,12.0,12.25,11.91,12.04,12.1,-0.0600000000000005,-0.4959,11833487.0,142971188.25,4.923,0
sz.002185,"华天科技",2026-06-01,19.65,20.27,18.26,18.43,19.34,-0.91,-4.7053,674793683.0,12919091503.64,20.66,0
sz.002186,"全聚德",2026-06-01,9.6,9.87,9.5,9.83,9.6,0.23,2.3958,3694510.0,36064071.76,1.2042,0
sz.002187,"广百股份",2026-06-01,5.7,5.86,5.57,5.82,5.8,0.0200000000000005,0.3448,23794000.0,137404529.0,3.3948,0
sz.002188,"中天服务",2026-06-01,6.01,6.29,5.91,6.25,6.09,0.16,2.6273,12441001.0,76909030.21,4.834,0
sz.002189,"中光学",2026-06-01,21.36,21.63,21.05,21.08,21.24,-0.16,-0.7533,3218400.0,68472451.0,1.2323,0
sz.002190,"成飞集成",2026-06-01,27.46,28.0,26.92,27.83,27.71,0.119999999999997,0.4331,2554321.0,70913007.07,0.712,0
sz.002191,"劲嘉股份",2026-06-01,3.63,3.77,3.63,3.75,3.68,0.0699999999999998,1.9022,16033541.0,59703064.8,1.143,0
sz.002192,"融捷股份",2026-06-01,80.05,83.86,79.5,81.52,81.1,0.420000000000002,0.5179,17507082.0,1439417509.02,6.7564,0
sz.002193,"ST如意",2026-06-01,4.71,4.99,4.65,4.99,4.75,0.24,5.0526,7949800.0,38912163.0,3.0376,1
sz.002194,"武汉凡谷",2026-06-01,11.28,11.39,10.92,10.99,11.32,-0.33,-2.9152,20082600.0,222708754.64,3.931,0
sz.002195,"岩山科技",2026-06-01,7.6,7.83,7.51,7.71,7.67,0.04,0.5215,111944359.0,865697965.76,1.9919,0
sz.002196,"方正电机",2026-06-01,13.46,13.88,13.25,13.55,13.53,0.0200000000000014,0.1478,28848912.0,393210407.76,5.9067,0
sz.002197,"证通电子",2026-06-01,6.53,6.98,6.5,6.81,6.53,0.279999999999999,4.2879,19633481.0,133366483.64,3.6767,0
sz.002198,"ST嘉应",2026-06-01,3.85,4.04,3.85,4.04,3.85,0.19,4.9351,13069445.0,52226898.8,2.5754,1
sz.002199,"*ST东晶",2026-06-01,15.11,15.26,14.35,14.35,15.1,-0.75,-4.9669,5601660.0,81367432.4,2.4257,1
sz.002200,"*ST交投",2026-06-01,7.24,7.42,7.19,7.42,7.24,0.18,2.4862,1162100.0,8503121.0,0.5937,1
sz.002201,"九鼎新材",2026-06-01,11.1,11.1,10.85,10.86,11.06,-0.200000000000001,-1.8083,17217880.0,188595256.39,2.86,0
sz.002202,"金风科技",2026-06-01,23.88,24.08,23.37,23.46,23.42,0.0399999999999991,0.1708,101520117.0,2406303571.85,3.0183,0
sz.002203,"海亮股份",2026-06-01,20.52,20.78,19.91,20.06,20.51,-0.450000000000003,-2.1941,40874234.0,827397780.47,1.8477,0
sz.002204,"大连重工",2026-06-01,6.07,6.13,6.04,6.09,6.11,-0.0200000000000005,-0.3273,19159425.0,116395243.2,0.992,0
sz.002205,"国统股份",2026-06-01,12.89,13.48,12.51,13.17,12.99,0.18,1.3857,3830802.0,50266034.94,2.0613,0
sz.002206,"海利得",2026-06-01,5.18,5.63,5.12,5.53,5.15,0.38,7.3786,36349577.0,197913844.79,3.439,0
sz.002207,"*ST准油",2026-06-01,9.21,9.29,9.15,9.29,8.85,0.44,4.9718,4557590.0,42148461.1,1.7475,1
sz.002208,"合肥城建",2026-06-01,17.2,17.6,16.98,17.25,17.06,0.190000000000001,1.1137,62599602.0,1083950227.18,7.795,0
sz.002209,"达意隆",2026-06-01,11.91,12.82,11.88,12.6,11.99,0.609999999999999,5.0876,7791502.0,97391743.33,4.9846,0
sz.002210,"飞马国际",2026-06-01,2.82,2.88,2.74,2.81,2.9,-0.0899999999999999,-3.1034,159178456.0,447771353.53,5.9948,0
sz.002211,"ST宏达",2026-06-01,3.7,3.81,3.7,3.73,3.8,-0.0699999999999998,-1.8421,12084920.0,45297912.6,2.7944,1
sz.002212,"天融信",2026-06-01,6.69,6.89,6.64,6.81,6.62,0.19,2.8701,23920939.0,162463470.55,2.0501,0
sz.002213,"大为股份",2026-06-01,34.59,34.8,33.05,33.06,34.13,-1.07,-3.1351,11023222.0,372993642.48,5.3346,0
sz.002214,"*ST大立",2026-06-01,14.13,14.13,14.13,14.13,14.87,-0.739999999999998,-4.9765,3072600.0,43415838.0,0.6422,1
sz.002215,"诺普信",2026-06-01,8.83,9.28,8.69,9.24,8.79,0.450000000000001,5.1195,22495100.0,203483344.42,2.8014,0
sz.002216,"三全食品",2026-06-01,13.78,13.88,13.45,13.56,13.82,-0.26,-1.8813,9949202.0,135152350.74,1.578,0
sz.002217,"合力泰",2026-06-01,2.55,2.64,2.52,2.58,2.59,-0.00999999999999979,-0.3861,282014167.0,730150483.87,3.8742,0
sz.002218,"拓日新能",2026-06-01,4.54,4.63,4.49,4.6,4.56,0.04,0.8772,34289121.0,157210450.18,2.471,0
sz.002219,"新里程",2026-06-01,2.16,2.19,2.13,2.17,2.17,0.0,0.0,54518793.0,117922121.37,1.6663,0
sz.002221,"东华能源",2026-06-01,6.32,6.69,6.29,6.65,6.34,0.31,4.8896,21609700.0,141371812.0,1.4792,0
sz.002222,"福晶科技",2026-06-01,99.51,100.36,91.0,91.34,100.56,-9.22,-9.1687,39746386.0,3771463441.25,8.4901,0
sz.002223,"鱼跃医疗",2026-06-01,26.31,26.77,25.44,26.6,26.43,0.170000000000002,0.6432,15401677.0,402751888.87,1.6345,0
sz.002224,"三力士",2026-06-01,3.71,3.82,3.68,3.81,3.72,0.0899999999999999,2.4194,10043497.0,37995100.96,1.2455,0
sz.002225,"濮耐股份",2026-06-01,3.74,3.9,3.71,3.8,3.75,0.0499999999999998,1.3333,41268874.0,157377720.36,4.3504,0
sz.002226,"江南化工",2026-06-01,5.05,5.18,5.05,5.17,5.09,0.0800000000000001,1.5717,26018693.0,133531077.63,0.9822,0
sz.002227,"*ST特迅",2026-06-01,8.43,8.82,8.33,8.75,8.41,0.34,4.0428,4497400.0,38928644.0,1.8287,1
sz.002228,"合兴包装",2026-06-01,3.38,3.49,3.34,3.47,3.38,0.0900000000000003,2.6627,23070600.0,79573981.0,1.9077,0
sz.002229,"鸿博股份",2026-06-01,13.26,14.31,13.26,14.31,13.01,1.3,9.9923,45243107.0,637124607.35,9.1742,0
sz.002230,"科大讯飞",2026-06-01,47.9,49.87,47.6,49.14,47.9,1.24,2.5887,70303148.0,3444255489.83,3.2112,0
sz.002232,"启明信息",2026-06-01,15.41,15.99,15.32,15.8,15.45,0.350000000000001,2.2654,4778827.0,75257268.65,1.1697,0
sz.002233,"塔牌集团",2026-06-01,8.35,8.39,8.15,8.21,8.36,-0.149999999999999,-1.7943,11385376.0,93337774.03,0.9704,0
sz.002234,"民和股份",2026-06-01,7.36,8.08,7.31,7.97,7.36,0.609999999999999,8.288,14692474.0,115395248.74,4.8746,0
sz.002235,"安妮股份",2026-06-01,10.12,11.0,10.0,11.0,10.0,1.0,10.0,23142700.0,248889653.75,4.1806,0
sz.002236,"大华股份",2026-06-01,16.76,17.08,16.7,16.85,16.69,0.16,0.9587,34584247.0,585223197.91,1.4464,0
sz.002237,"恒邦股份",2026-06-01,13.4,13.72,13.36,13.57,13.46,0.109999999999999,0.8172,16035824.0,218056308.94,1.3449,0
sz.002238,"天威视讯",2026-06-01,6.51,6.81,6.48,6.75,6.53,0.22,3.3691,8156596.0,54650024.54,1.0163,0
sz.002239,"奥特佳",2026-06-01,2.64,2.7,2.62,2.69,2.65,0.04,1.5094,47580564.0,127122390.28,1.7738,0
sz.002240,"盛新锂能",2026-06-01,45.34,45.85,43.65,43.76,45.45,-1.69,-3.7184,47465059.0,2121172446.37,5.1993,0
sz.002241,"歌尔股份",2026-06-01,27.31,27.98,26.41,26.5,26.83,-0.329999999999998,-1.23,173280588.0,4701952204.3,5.5129,0
sz.002242,"九阳股份",2026-06-01,9.1,9.18,9.02,9.15,9.08,0.0700000000000003,0.7709,12225100.0,111379300.0,1.605,0
sz.002243,"力合科创",2026-06-01,9.02,9.17,8.75,8.9,9.06,-0.16,-1.766,33149728.0,294766030.69,2.753,0
sz.002244,"滨江集团",2026-06-01,10.17,10.78,10.03,10.54,10.38,0.159999999999998,1.5414,34098149.0,359833673.78,1.2365,0
sz.002245,"蔚蓝锂芯",2026-06-01,21.09,21.89,20.23,20.28,20.68,-0.399999999999999,-1.9342,120524911.0,2525421056.59,7.5019,0
sz.002246,"北化股份",2026-06-01,21.71,21.88,20.58,20.76,21.68,-0.919999999999998,-4.2435,17650927.0,371965382.42,3.2149,0
sz.002247,"聚力文化",2026-06-01,2.53,2.7,2.5,2.66,2.53,0.13,5.1383,37747706.0,99439068.12,5.8656,0
sz.002248,"华东数控",2026-06-01,10.18,10.35,10.08,10.23,10.18,0.0500000000000007,0.4912,8429464.0,86512367.44,2.7413,0
sz.002249,"大洋电机",2026-06-01,8.55,8.72,8.5,8.63,8.58,0.0500000000000007,0.5828,32113972.0,276000267.95,1.7248,0
sz.002250,"联化科技",2026-06-01,14.24,14.75,14.11,14.43,14.25,0.18,1.2632,13963852.0,202010214.93,1.5602,0
sz.002251,"步步高",2026-06-01,4.61,5.2,4.61,5.0,4.88,0.12,2.459,489320048.0,2425995552.26,22.7329,0
sz.002252,"上海莱士",2026-06-01,5.28,5.31,5.22,5.31,5.31,0.0,0.0,40915303.0,215252936.76,0.6168,0
sz.002253,"*ST智胜",2026-06-01,11.72,12.08,11.62,11.99,11.82,0.17,1.4382,4095250.0,48834375.0,1.9506,1
sz.002254,"泰和新材",2026-06-01,13.37,13.76,13.36,13.54,13.49,0.0499999999999989,0.3706,28327054.0,384491471.36,3.3301,0
sz.002255,"海陆重工",2026-06-01,9.71,9.96,9.71,9.83,9.75,0.0800000000000001,0.8205,13003535.0,128213445.62,2.0383,0
sz.002256,"兆新股份",2026-06-01,4.46,4.73,4.45,4.72,4.45,0.27,6.0674,159626574.0,739487928.63,7.9245,0
sz.002258,"利尔化学",2026-06-01,12.36,12.72,12.35,12.63,12.43,0.200000000000001,1.609,13843575.0,174399312.34,1.7323,0
sz.002259,"升达林业",2026-06-01,4.72,5.03,4.68,4.9,4.77,0.130000000000001,2.7254,21910288.0,106817339.68,2.9123,0
sz.002261,"拓维信息",2026-06-01,29.74,30.86,29.73,30.48,29.68,0.800000000000001,2.6954,51407227.0,1566598095.89,4.4854,0
sz.002262,"恩华药业",2026-06-01,20.36,20.75,20.23,20.66,20.29,0.370000000000001,1.8236,9667843.0,198851265.31,1.0937,0
sz.002263,"大东南",2026-06-01,3.88,3.95,3.83,3.85,3.9,-0.0499999999999998,-1.2821,141168682.0,548113004.49,7.5156,0
sz.002264,"新华都",2026-06-01,6.82,7.12,6.75,7.05,6.82,0.23,3.3724,22928301.0,160567573.04,3.5017,0
sz.002265,"建设工业",2026-06-01,20.75,20.85,20.4,20.44,20.45,-0.00999999999999801,-0.0489,5910374.0,121591051.38,0.5721,0
sz.002266,"浙富控股",2026-06-01,5.11,5.21,5.03,5.07,5.15,-0.0800000000000001,-1.5534,80609580.0,410800919.6,1.6646,0
sz.002267,"陕天然气",2026-06-01,7.43,7.73,7.39,7.71,7.43,0.28,3.7685,14373333.0,109058609.43,1.2925,0
sz.002268,"电科网安",2026-06-01,14.14,14.5,14.11,14.34,14.15,0.19,1.3428,9011826.0,129233259.42,1.0662,0
sz.002269,"美邦服饰",2026-06-01,1.54,1.6,1.52,1.6,1.54,0.0600000000000001,3.8961,74486703.0,117411785.26,3.1781,0
sz.002270,"华明装备",2026-06-01,22.44,22.7,21.62,21.73,22.27,-0.539999999999999,-2.4248,31436476.0,692083116.15,3.5077,0
sz.002271,"东方雨虹",2026-06-01,13.64,14.07,13.5,13.94,13.63,0.309999999999999,2.2744,50217635.0,697788931.11,2.623,0
sz.002272,"川润股份",2026-06-01,21.05,21.12,19.62,19.7,20.83,-1.13,-5.4249,49990054.0,1005904648.96,12.2485,0
sz.002273,"水晶光电",2026-06-01,38.52,39.27,36.19,36.53,39.36,-2.83,-7.19,100189175.0,3735285143.23,7.3556,0
sz.002274,"华昌化工",2026-06-01,5.5,5.79,5.5,5.75,5.56,0.19,3.4173,16828750.0,96055379.0,1.7944,0
sz.002275,"桂林三金",2026-06-01,13.5,13.73,13.32,13.72,13.56,0.16,1.1799,2963995.0,40096788.33,0.532,0
sz.002276,"万马股份",2026-06-01,11.93,12.06,11.88,11.95,11.86,0.0899999999999999,0.7589,14572977.0,174565514.95,1.447,0
sz.002277,"友阿股份",2026-06-01,6.77,6.85,6.63,6.68,6.88,-0.2,-2.907,39752018.0,266743194.33,2.8513,0
sz.002278,"神开股份",2026-06-01,8.8,9.13,8.73,9.08,8.88,0.199999999999999,2.2523,9488202.0,85917352.0,2.8514,0
sz.002279,"久其软件",2026-06-01,6.72,7.32,6.7,7.32,6.65,0.67,10.0752,69512813.0,503439574.87,8.7383,0
sz.002281,"光迅科技",2026-06-01,208.06,213.85,202.0,204.3,203.95,0.350000000000023,0.1716,52007306.0,10783911396.04,6.6679,0
sz.002282,"博深股份",2026-06-01,6.15,6.46,6.12,6.39,6.19,0.199999999999999,3.231,6489602.0,41138440.66,1.2851,0
sz.002283,"天润工业",2026-06-01,11.33,11.47,10.93,11.0,11.19,-0.19,-1.6979,32567398.0,364264039.23,3.2476,0
sz.002284,"亚太股份",2026-06-01,11.5,11.77,11.46,11.51,11.57,-0.0600000000000005,-0.5186,16041189.0,186067148.62,2.1909,0
sz.002285,"世联行",2026-06-01,2.61,2.68,2.56,2.66,2.62,0.04,1.5267,41346041.0,109180959.05,2.0932,0
sz.002286,"保龄宝",2026-06-01,9.07,9.36,9.01,9.2,9.16,0.0399999999999991,0.4367,12827402.0,117664623.44,3.4698,0
sz.002287,"奇正藏药",2026-06-01,21.08,21.36,20.94,21.34,21.05,0.289999999999999,1.3777,1760223.0,37315621.82,0.3083,0
sz.002289,"*ST宇顺",2026-06-01,45.1,45.1,43.01,43.76,42.95,0.809999999999995,1.8859,4570850.0,202710143.0,1.6656,1
sz.002290,"禾盛新材",2026-06-01,92.0,92.94,86.74,87.35,90.67,-3.32000000000001,-3.6616,9205796.0,823156219.27,3.7241,0
sz.002291,"遥望科技",2026-06-01,5.78,6.16,5.75,6.09,5.81,0.28,4.8193,39441335.0,237599267.33,4.538,0
sz.002292,"奥飞娱乐",2026-06-01,7.65,8.15,7.62,7.86,7.59,0.27,3.5573,54427197.0,429015383.35,5.3472,0
sz.002293,"罗莱生活",2026-06-01,9.82,10.01,9.61,9.98,9.94,0.0400000000000009,0.4024,7361510.0,72454478.1,0.8902,0
sz.002294,"信立泰",2026-06-01,33.43,33.59,32.69,32.8,33.42,-0.620000000000005,-1.8552,17263590.0,569956589.01,1.5489,0
sz.002295,"精艺股份",2026-06-01,9.99,10.43,9.96,10.28,10.07,0.209999999999999,2.0854,3820910.0,39441146.3,1.5258,0
sz.002296,"辉煌科技",2026-06-01,10.01,10.28,9.96,10.21,10.01,0.200000000000001,1.998,7768240.0,78943845.0,2.2366,0
sz.002297,"博云新材",2026-06-01,20.39,20.78,19.66,19.66,20.61,-0.949999999999999,-4.6094,112235078.0,2266149834.87,19.5837,0
sz.002298,"中电鑫龙",2026-06-01,9.33,9.58,9.3,9.48,9.32,0.16,1.7167,23606078.0,223333950.25,3.5726,0
sz.002299,"圣农发展",2026-06-01,16.99,17.74,16.91,17.55,16.99,0.560000000000002,3.2961,14792600.0,258501092.99,1.2136,0
sz.002300,"太阳电缆",2026-06-01,8.48,8.79,8.42,8.69,8.55,0.139999999999999,1.6374,19700215.0,170603094.36,2.7274,0
sz.002301,"齐心集团",2026-06-01,7.94,8.07,7.72,7.82,7.93,-0.109999999999999,-1.3871,17725343.0,139696026.12,2.4687,0
sz.002302,"西部建设",2026-06-01,5.2,5.28,5.14,5.27,5.18,0.0899999999999999,1.7375,6852123.0,35826458.14,0.5428,0
sz.002303,"美盈森",2026-06-01,3.28,3.39,3.27,3.38,3.29,0.0899999999999999,2.7356,13791357.0,46210978.77,1.4264,0
sz.002304,"洋河股份",2026-06-01,45.28,45.69,44.91,45.59,45.39,0.200000000000003,0.4406,6318315.0,286534588.0,0.4194,0
sz.002305,"*ST南置",2026-06-01,2.37,2.39,2.34,2.38,2.38,0.0,0.0,19532800.0,46262269.0,1.1264,1
sz.002306,"*ST云网",2026-06-01,2.06,2.11,2.01,2.1,2.09,0.0100000000000002,0.4785,14636500.0,30327398.0,1.7982,1
sz.002307,"北新路桥",2026-06-01,3.89,3.98,3.84,3.94,3.9,0.04,1.0256,11285192.0,44345860.57,0.8898,0
sz.002309,"中利集团",2026-06-01,3.53,3.65,3.49,3.61,3.54,0.0699999999999998,1.9774,142988300.0,513476859.0,5.9427,0
sz.002310,"东方新能",2026-06-01,2.92,2.97,2.81,2.97,2.92,0.0500000000000003,1.7123,192287858.0,559175566.88,4.3712,0
sz.002311,"海大集团",2026-06-01,46.85,48.85,46.85,48.56,46.83,1.73,3.6942,15883011.0,765126840.74,0.966,0
sz.002312,"川发龙蟒",2026-06-01,9.0,9.2,8.96,9.15,9.05,0.0999999999999996,1.105,16461100.0,150243551.5,0.8738,0
sz.002313,"日海智能",2026-06-01,8.86,9.25,8.81,9.13,8.93,0.200000000000001,2.2396,8555600.0,78033065.0,2.2853,0
sz.002314,"南山控股",2026-06-01,2.28,2.41,2.23,2.38,2.29,0.0899999999999999,3.9301,43793760.0,103193336.0,3.2723,0
sz.002315,"焦点科技",2026-06-01,26.93,28.8,26.84,28.29,26.95,1.34,4.9722,11899116.0,334194013.6,4.5259,0
sz.002316,"亚联发展",2026-06-01,4.94,5.2,4.85,5.16,4.98,0.18,3.6145,20065400.0,102600400.0,5.888,0
sz.002317,"众生药业",2026-06-01,23.56,23.97,22.96,23.15,23.54,-0.390000000000001,-1.6568,34966946.0,816139515.33,4.5911,0
sz.002318,"久立特材",2026-06-01,23.5,23.93,23.01,23.56,23.52,0.0399999999999991,0.1701,7856454.0,184239117.04,0.8229,0
sz.002319,"乐通股份",2026-06-01,11.17,12.17,11.1,11.84,11.18,0.66,5.9034,16759600.0,198036192.0,8.0009,0
sz.002320,"海峡股份",2026-06-01,7.67,7.77,7.54,7.68,7.62,0.0599999999999996,0.7874,19115450.0,146997835.5,0.855,0
sz.002321,"华英农业",2026-06-01,1.9,1.97,1.87,1.97,1.9,0.0700000000000001,3.6842,27883411.0,54129050.23,1.3129,0
sz.002322,"理工能科",2026-06-01,11.25,11.64,11.16,11.61,11.25,0.359999999999999,3.2,4320490.0,49623674.36,1.2295,0
sz.002323,"*ST雅博",2026-06-01,1.48,1.54,1.44,1.54,1.47,0.0700000000000001,4.7619,75361655.0,112934113.78,3.554,1
sz.002324,"普利特",2026-06-01,12.29,12.54,12.29,12.34,12.3,0.0399999999999991,0.3252,14624452.0,181632870.48,1.8839,0
sz.002326,"永太科技",2026-06-01,20.65,21.94,20.6,21.39,20.7,0.690000000000001,3.3333,26186159.0,558463393.57,3.2402,0
sz.002327,"富安娜",2026-06-01,6.83,7.14,6.79,7.13,6.83,0.3,4.3924,8970326.0,62894425.14,1.827,0
sz.002328,"新朋股份",2026-06-01,10.18,10.49,9.92,10.49,9.54,0.950000000000001,9.9581,86377530.0,896276698.98,15.1329,0
sz.002329,"皇氏集团",2026-06-01,4.27,4.4,4.22,4.37,4.33,0.04,0.9238,24033701.0,104378693.33,3.6885,0
sz.002330,"得利斯",2026-06-01,4.05,4.24,4.0,4.22,4.09,0.13,3.1785,15313600.0,63916253.0,2.411,0
sz.002331,"皖通科技",2026-06-01,8.45,8.81,8.33,8.59,8.44,0.15,1.7773,12039720.0,103279293.8,2.9843,0
sz.002332,"仙琚制药",2026-06-01,8.42,8.6,8.4,8.58,8.41,0.17,2.0214,10865393.0,92364915.84,1.1036,0
sz.002333,"罗普斯金",2026-06-01,5.02,5.19,5.02,5.18,5.04,0.14,2.7778,7165600.0,36777507.0,1.0751,0
sz.002334,"英威腾",2026-06-01,8.51,8.78,8.43,8.59,8.51,0.0800000000000001,0.9401,27975982.0,241052432.31,3.8062,0
sz.002335,"科华数据",2026-06-01,39.07,39.32,38.1,38.15,39.06,-0.910000000000004,-2.3297,24269141.0,938997045.55,3.6786,0
sz.002337,"赛象科技",2026-06-01,5.23,5.43,5.2,5.37,5.23,0.14,2.6769,10176688.0,54534949.45,1.7307,0
sz.002338,"奥普光电",2026-06-01,55.77,56.2,54.1,54.2,55.75,-1.55,-2.7803,5778100.0,317325759.0,2.4075,0
sz.002339,"积成电子",2026-06-01,8.7,8.9,8.61,8.76,8.68,0.0800000000000001,0.9217,11198940.0,98450933.9,2.3393,0
sz.002340,"格林美",2026-06-01,7.87,7.92,7.7,7.73,7.8,-0.0699999999999994,-0.8974,137229365.0,1071545051.91,2.7035,0
sz.002342,"巨力索具",2026-06-01,11.3,11.86,11.3,11.57,11.3,0.27,2.3894,87866550.0,1023212984.8,9.2037,0
sz.002343,"慈文传媒",2026-06-01,5.26,5.55,5.24,5.51,5.29,0.22,4.1588,14397600.0,78580636.0,3.0395,0
sz.002344,"海宁皮城",2026-06-01,3.92,4.09,3.89,4.06,3.95,0.109999999999999,2.7848,12426220.0,49957555.0,0.9698,0
sz.002345,"潮宏基",2026-06-01,9.13,9.49,9.04,9.45,9.21,0.239999999999998,2.6059,22003199.0,203626526.88,2.5372,0
sz.002346,"柘中股份",2026-06-01,20.78,21.68,20.31,20.44,20.85,-0.41,-1.9664,6421100.0,133607224.0,1.6376,0
sz.002347,"泰尔股份",2026-06-01,6.99,7.68,6.96,7.08,6.98,0.0999999999999996,1.4327,43631700.0,316157092.35,8.8434,0
sz.002348,"高乐股份",2026-06-01,15.34,15.41,13.97,14.7,15.37,-0.67,-4.3591,57139902.0,837727632.08,6.3241,0
sz.002349,"精华制药",2026-06-01,7.05,7.07,6.96,7.07,7.05,0.0200000000000005,0.2837,5947840.0,41784902.73,0.7305,0
sz.002350,"北京科锐",2026-06-01,16.24,16.85,15.46,15.83,16.97,-1.14,-6.7177,31466605.0,503977259.01,5.9309,0
sz.002351,"漫步者",2026-06-01,11.11,11.49,11.08,11.48,11.15,0.33,2.9596,23802751.0,270853948.69,4.5682,0
sz.002352,"顺丰控股",2026-06-01,34.9,35.13,34.53,35.13,34.95,0.18,0.515,12568387.0,438859141.25,0.2635,0
sz.002353,"杰瑞股份",2026-06-01,143.0,154.44,142.56,147.0,140.4,6.59999999999999,4.7009,24802800.0,3706009263.8,3.5892,0
sz.002354,"天娱数科",2026-06-01,7.05,7.48,7.0,7.44,7.15,0.29,4.0559,271418435.0,1980818835.36,16.6955,0
sz.002355,"兴民智通",2026-06-01,5.47,5.65,5.38,5.58,5.49,0.0899999999999999,1.6393,14922777.0,83037487.8,2.414,0
sz.002356,"赫美集团",2026-06-01,3.23,3.28,3.13,3.28,2.98,0.3,10.0671,41097120.0,134253384.6,3.1342,0
sz.002357,"富临运业",2026-06-01,10.34,10.83,10.12,10.53,10.26,0.27,2.6316,7678800.0,80960832.0,2.4496,0
sz.002358,"森源电气",2026-06-01,6.38,6.6,6.35,6.56,6.4,0.159999999999999,2.5,21855100.0,142713373.0,2.3506,0
sz.002360,"ST同德",2026-06-01,6.06,6.11,6.03,6.09,6.06,0.0300000000000002,0.495,5691766.0,34601367.62,1.7485,1
sz.002361,"神剑股份",2026-06-01,15.24,15.5,15.07,15.12,15.23,-0.110000000000001,-0.7223,62935205.0,961424720.52,7.7792,0
sz.002362,"汉王科技",2026-06-01,16.55,17.19,16.4,16.85,16.54,0.310000000000002,1.8742,4693701.0,79436203.15,2.261,0
sz.002363,"隆基机械",2026-06-01,7.1,7.35,7.03,7.28,7.08,0.2,2.8249,6604480.0,47926245.5,1.5885,0
sz.002364,"中恒电气",2026-06-01,55.62,56.04,50.48,50.66,56.05,-5.39,-9.6164,59726419.0,3141462968.94,10.7017,0
sz.002365,"永安药业",2026-06-01,11.7,12.04,11.67,12.03,11.76,0.27,2.2959,6716332.0,80180110.7,2.7381,0
sz.002366,"融发核电",2026-06-01,6.83,6.9,6.75,6.83,6.9,-0.0700000000000003,-1.0145,41816899.0,285284216.17,2.2599,0
sz.002367,"康力电梯",2026-06-01,5.63,6.16,5.59,5.99,5.68,0.31,5.4577,19777971.0,117225556.98,2.4891,0
sz.002368,"太极股份",2026-06-01,15.37,16.13,15.3,15.82,15.37,0.450000000000001,2.9278,12382667.0,195680485.88,1.9965,0
sz.002369,"卓翼科技",2026-06-01,6.38,6.7,6.35,6.56,6.38,0.18,2.8213,24263551.0,159723867.5,4.2853,0
sz.002370,"亚太药业",2026-06-01,5.9,6.2,5.89,5.96,5.98,-0.0200000000000005,-0.3344,22023100.0,132887554.0,2.9535,0
sz.002371,"北方华创",2026-06-01,624.99,629.8,588.92,589.89,629.87,-39.98,-6.3473,15100000.0,9081578562.33,2.0849,0
sz.002372,"伟星新材",2026-06-01,10.04,10.27,9.9,10.06,10.03,0.0300000000000011,0.2991,15937736.0,160377124.34,1.0836,0
sz.002373,"千方科技",2026-06-01,8.01,8.28,7.99,8.17,8.01,0.16,1.9975,21802370.0,178206922.15,1.5826,0
sz.002374,"中锐股份",2026-06-01,3.38,3.5,3.33,3.44,3.33,0.11,3.3033,37562279.0,129251933.34,3.4613,0
sz.002375,"亚厦股份",2026-06-01,4.18,4.42,4.12,4.39,4.13,0.26,6.2954,40584841.0,175531581.61,3.0492,0
sz.002376,"新北洋",2026-06-01,6.58,6.75,6.48,6.7,6.54,0.16,2.4465,12121182.0,80736501.61,1.5399,0
sz.002377,"国创高新",2026-06-01,2.87,2.99,2.81,2.98,2.87,0.11,3.8328,27260300.0,80299679.0,3.1247,0
sz.002378,"章源钨业",2026-06-01,29.41,31.14,28.83,29.07,28.93,0.140000000000001,0.4839,60396742.0,1797983554.88,5.0536,0
sz.002379,"宏桥控股",2026-06-01,20.41,21.29,19.72,20.96,21.26,-0.300000000000001,-1.4111,39461839.0,820562967.29,3.4726,0
sz.002380,"科远智慧",2026-06-01,39.64,41.0,37.91,39.73,39.64,0.0899999999999963,0.227,12641100.0,499790260.0,8.8894,0
sz.002381,"双箭股份",2026-06-01,5.79,6.08,5.72,6.05,5.86,0.19,3.2423,7671852.0,45821330.56,2.3945,0
sz.002382,"蓝帆医疗",2026-06-01,6.44,6.51,6.25,6.41,6.4,0.00999999999999979,0.1563,15792260.0,100956581.48,1.5827,0
sz.002383,"合众思壮",2026-06-01,7.71,7.97,7.69,7.86,7.77,0.0900000000000007,1.1583,10353230.0,81609206.87,1.3984,0
sz.002384,"东山精密",2026-06-01,209.22,212.0,191.75,191.75,213.05,-21.3,-9.9977,135958957.0,26724508108.06,9.8072,0
sz.002385,"大北农",2026-06-01,3.33,3.41,3.33,3.4,3.35,0.0499999999999998,1.4925,50509499.0,170664404.12,1.4583,0
sz.002386,"天原股份",2026-06-01,5.67,5.93,5.65,5.91,5.68,0.23,4.0493,24347670.0,142050987.3,1.8709,0
sz.002387,"维信诺",2026-06-01,7.96,8.35,7.88,8.12,8.03,0.0899999999999999,1.1208,23723558.0,193743547.23,1.7007,0
sz.002388,"新亚制程",2026-06-01,5.33,5.75,5.32,5.54,5.45,0.0899999999999999,1.6514,97610369.0,548467001.73,19.2857,0
sz.002389,"航天彩虹",2026-06-01,19.66,19.85,19.45,19.75,19.74,0.0100000000000016,0.0507,13239902.0,260920233.34,1.3445,0
sz.002390,"信邦制药",2026-06-01,3.03,3.08,3.0,3.08,3.03,0.0500000000000003,1.6502,25858412.0,78764487.24,1.3413,0
sz.002391,"长青股份",2026-06-01,5.59,5.84,5.54,5.79,5.6,0.19,3.3929,8985261.0,51541832.09,1.9361,0
sz.002392,"北京利尔",2026-06-01,8.06,8.25,8.05,8.05,8.02,0.0300000000000011,0.3741,24856800.0,202313885.0,2.1474,0
sz.002393,"力生制药",2026-06-01,14.84,15.05,14.68,15.02,14.86,0.16,1.0767,1899806.0,28400676.48,0.6328,0
sz.002394,"联发股份",2026-06-01,10.05,10.65,9.8,10.44,9.94,0.5,5.0302,9012850.0,93261477.5,2.7893,0
sz.002395,"双象股份",2026-06-01,14.37,14.87,14.28,14.69,14.35,0.34,2.3693,6293746.0,92233692.86,2.3468,0
sz.002396,"星网锐捷",2026-06-01,22.61,23.19,21.75,21.78,22.69,-0.91,-4.0106,33302348.0,744044962.13,4.3968,0
sz.002397,"梦洁股份",2026-06-01,4.81,4.9,4.6,4.84,4.8,0.04,0.8333,29724999.0,143142629.19,4.5883,0
sz.002398,"垒知集团",2026-06-01,4.43,4.69,4.38,4.64,4.44,0.199999999999999,4.5045,20253558.0,92915610.3,3.323,0
sz.002399,"海普瑞",2026-06-01,9.94,10.06,9.88,10.0,9.94,0.0600000000000005,0.6036,4785360.0,47674209.88,0.3837,0
sz.002400,"省广集团",2026-06-01,8.08,8.55,8.06,8.52,8.12,0.4,4.9261,127496254.0,1068534206.33,7.3861,0
sz.002401,"中远海科",2026-06-01,12.81,13.38,12.81,13.33,12.96,0.369999999999999,2.8549,3709498.0,49039079.91,0.9989,0
sz.002402,"和而泰",2026-06-01,27.15,27.45,26.41,26.44,27.19,-0.75,-2.7584,32761340.0,882149397.27,4.0023,0
sz.002403,"爱仕达",2026-06-01,10.5,10.64,10.23,10.57,10.35,0.220000000000001,2.1256,4084943.0,42876391.71,1.3747,0
sz.002404,"嘉欣丝绸",2026-06-01,6.11,6.73,6.05,6.73,6.12,0.61,9.9673,28003658.0,184653562.82,6.1473,0
sz.002405,"四维图新",2026-06-01,8.59,8.82,8.4,8.69,8.73,-0.0400000000000009,-0.4582,64849024.0,561100799.12,2.753,0
sz.002406,"远东传动",2026-06-01,8.85,9.18,8.7,8.72,8.85,-0.129999999999999,-1.4689,80218840.0,714037492.41,13.3207,0
sz.002407,"多氟多",2026-06-01,33.77,35.67,33.77,34.42,33.7,0.719999999999999,2.1365,126469649.0,4414415549.05,11.7235,0
sz.002408,"齐翔腾达",2026-06-01,5.11,5.24,5.05,5.2,5.1,0.100000000000001,1.9608,29467102.0,152316833.78,1.0711,0
sz.002409,"雅克科技",2026-06-01,108.0,110.8,104.59,104.99,107.36,-2.37,-2.2075,21490051.0,2306379650.37,6.7468,0
sz.002410,"广联达",2026-06-01,9.9,10.22,9.9,10.11,9.9,0.209999999999999,2.1212,44636647.0,451321030.23,2.8429,0
sz.002412,"汉森制药",2026-06-01,6.66,6.93,6.54,6.87,6.69,0.18,2.6906,11826373.0,80297957.36,2.3755,0
sz.002413,"雷科防务",2026-06-01,10.45,10.64,10.38,10.49,10.47,0.0199999999999996,0.191,38703142.0,407676580.18,2.9877,0
sz.002414,"高德红外",2026-06-01,12.88,13.16,12.83,12.96,12.87,0.0900000000000016,0.6993,53381254.0,694494640.82,1.5707,0
sz.002415,"海康威视",2026-06-01,30.56,30.76,30.01,30.06,30.56,-0.5,-1.6361,70762722.0,2145921550.73,0.7822,0
sz.002416,"爱施德",2026-06-01,10.45,10.71,10.43,10.56,10.54,0.0200000000000014,0.1898,19151042.0,202592849.08,1.5647,0
sz.002418,"康盛股份",2026-06-01,4.65,4.75,4.58,4.65,4.63,0.0200000000000005,0.432,42736200.0,199994369.0,3.7607,0
sz.002419,"天虹股份",2026-06-01,4.91,5.01,4.8,5.0,4.9,0.0999999999999996,2.0408,15434478.0,76334224.68,1.3207,0
sz.002420,"毅昌科技",2026-06-01,6.0,6.25,5.83,6.18,5.93,0.25,4.2159,13711800.0,84048264.0,3.3881,0
sz.002421,"达实智能",2026-06-01,3.95,4.52,3.9,4.52,4.11,0.409999999999999,9.9757,369633680.0,1605318702.27,18.4505,0
sz.002422,"科伦药业",2026-06-01,36.91,38.27,36.0,36.21,36.37,-0.159999999999997,-0.4399,29292419.0,1081317535.89,2.2557,0
sz.002423,"中粮资本",2026-06-01,9.15,9.34,9.08,9.33,9.17,0.16,1.7448,14730959.0,136365383.33,0.6393,0
sz.002424,"ST百灵",2026-06-01,4.56,4.8,4.56,4.72,4.59,0.13,2.8322,10142800.0,47590329.0,0.836,1
sz.002425,"凯撒文化",2026-06-01,3.1,3.23,3.03,3.16,3.1,0.0600000000000001,1.9355,23322560.0,73463662.8,2.5345,0
sz.002426,"胜利精密",2026-06-01,3.66,3.66,3.66,3.66,3.33,0.33,9.9099,76438881.0,279766304.46,2.2465,0
sz.002427,"尤夫股份",2026-06-01,4.63,4.82,4.59,4.77,4.63,0.14,3.0238,14060693.0,66876163.32,1.4282,0
sz.002428,"云南锗业",2026-06-01,87.27,88.88,82.06,82.06,91.18,-9.12,-10.0022,94808959.0,7904057392.28,14.5182,0
sz.002429,"兆驰股份",2026-06-01,11.6,11.82,11.2,11.25,11.6,-0.35,-3.0172,92821220.0,1065654156.9,2.0516,0
sz.002430,"杭氧股份",2026-06-01,24.87,25.28,24.75,24.88,24.84,0.0399999999999991,0.161,9285285.0,232164654.39,0.9495,0
sz.002431,"ST棕榈",2026-06-01,1.6,1.68,1.59,1.68,1.6,0.0799999999999998,5.0,31896401.0,52821728.64,1.7697,1
sz.002432,"九安医疗",2026-06-01,76.33,80.68,76.32,77.79,76.29,1.5,1.9662,29847284.0,2345127352.88,6.415,0
sz.002434,"万里扬",2026-06-01,7.06,7.19,7.05,7.09,7.1,-0.00999999999999979,-0.1408,14308258.0,101671472.9,1.0911,0
sz.002436,"兴森科技",2026-06-01,38.5,40.2,37.15,38.62,38.68,-0.0600000000000023,-0.1551,231715001.0,9004103277.01,15.2652,0
sz.002437,"誉衡药业",2026-06-01,2.96,3.0,2.92,2.99,2.96,0.0300000000000002,1.0135,33968706.0,101049820.76,1.6174,0
sz.002438,"江苏神通",2026-06-01,16.54,17.24,16.42,16.9,16.7,0.199999999999999,1.1976,11273112.0,190660581.48,2.4043,0
sz.002439,"启明星辰",2026-06-01,14.06,14.78,14.05,14.48,14.07,0.41,2.914,29667602.0,429716043.81,4.0719,0
sz.002440,"闰土股份",2026-06-01,9.4,9.59,9.36,9.43,9.47,-0.0400000000000009,-0.4224,25651800.0,242789910.0,2.7106,0
sz.002441,"众业达",2026-06-01,9.53,9.8,9.41,9.71,9.49,0.220000000000001,2.3182,9962100.0,96087665.0,2.4996,0
sz.002442,"龙星科技",2026-06-01,5.78,5.98,5.63,5.85,5.91,-0.0600000000000005,-1.0152,50448878.0,295278644.26,10.24,0
sz.002443,"金洲管道",2026-06-01,12.0,12.31,11.61,11.69,11.99,-0.300000000000001,-2.5021,29630091.0,350977799.65,5.7084,0
sz.002444,"巨星科技",2026-06-01,32.21,32.76,31.45,32.3,32.4,-0.100000000000001,-0.3086,13019332.0,419563117.55,1.1353,0
sz.002445,"中南文化",2026-06-01,3.44,3.6,3.42,3.52,3.46,0.0600000000000001,1.7341,99148740.0,348649791.54,4.19,0
sz.002446,"盛路通信",2026-06-01,9.7,9.91,9.4,9.46,9.8,-0.34,-3.4694,31768355.0,305787877.36,3.7473,0
sz.002448,"中原内配",2026-06-01,13.38,13.96,13.31,13.54,13.4,0.139999999999999,1.0448,13317619.0,181780802.35,2.2941,0
sz.002449,"国星光电",2026-06-01,8.06,8.52,8.0,8.33,8.1,0.23,2.8395,32019643.0,265257916.49,5.1772,0
sz.002451,"摩恩电气",2026-06-01,8.37,8.69,8.31,8.61,8.39,0.219999999999999,2.6222,8852116.0,75898026.08,2.0157,0
sz.002452,"长高电新",2026-06-01,11.58,12.29,11.5,11.85,11.57,0.279999999999999,2.4201,28301028.0,337773952.7,5.4927,0
sz.002453,"华软科技",2026-06-01,5.75,6.02,5.71,5.91,5.8,0.11,1.8966,16881602.0,99823426.84,2.8012,0
sz.002454,"松芝股份",2026-06-01,5.78,5.88,5.74,5.85,5.81,0.04,0.6885,14436540.0,84083550.2,1.6455,0
sz.002455,"百川股份",2026-06-01,8.62,8.85,8.56,8.77,8.63,0.139999999999999,1.6222,27705340.0,242813074.07,4.1926,0
sz.002456,"欧菲光",2026-06-01,8.96,9.85,8.92,9.5,8.96,0.539999999999999,6.0268,236642787.0,2238901654.36,7.1334,0
sz.002457,"青龙管业",2026-06-01,12.37,13.23,12.26,12.58,12.25,0.33,2.6939,59280802.0,755537476.48,17.7876,0
sz.002458,"益生股份",2026-06-01,8.12,8.51,8.1,8.39,8.06,0.33,4.0943,23183784.0,193883412.55,2.399,0
sz.002459,"晶澳科技",2026-06-01,9.08,9.24,9.03,9.06,9.11,-0.0499999999999989,-0.5488,39570008.0,361018385.41,1.197,0
sz.002460,"赣锋锂业",2026-06-01,71.48,72.77,69.8,69.86,71.48,-1.62,-2.2664,42439414.0,3028673573.15,3.5039,0
sz.002461,"珠江啤酒",2026-06-01,9.78,10.2,9.75,10.19,9.9,0.289999999999999,2.9293,26259905.0,263686708.67,1.1864,0
sz.002462,"嘉事堂",2026-06-01,13.66,14.04,13.55,13.99,13.73,0.26,1.8937,9625900.0,133175215.0,3.3025,0
sz.002463,"沪电股份",2026-06-01,132.04,134.99,122.28,122.51,132.04,-9.52999999999999,-7.2175,92013866.0,11636648777.34,4.7854,0
sz.002465,"海格通信",2026-06-01,15.5,16.49,15.34,15.68,15.84,-0.16,-1.0101,129294720.0,2071791759.04,5.2179,0
sz.002466,"天齐锂业",2026-06-01,62.88,64.29,62.05,62.17,62.88,-0.710000000000001,-1.1291,44910373.0,2838832018.29,3.0433,0
sz.002467,"二六三",2026-06-01,5.51,5.71,5.43,5.64,5.51,0.13,2.3593,40491096.0,228358654.52,2.9625,0
sz.002468,"申通快递",2026-06-01,15.22,15.33,14.93,15.13,15.3,-0.17,-1.1111,19803977.0,300067123.52,1.3526,0
sz.002469,"三维化学",2026-06-01,6.28,6.62,6.26,6.56,6.27,0.29,4.6252,12448570.0,81056571.2,1.981,0
sz.002470,"金正大",2026-06-01,2.28,2.34,2.26,2.32,2.3,0.02,0.8696,76113600.0,176219605.0,2.3165,0
sz.002471,"中超控股",2026-06-01,6.9,7.11,6.78,7.0,6.98,0.0199999999999996,0.2865,39532808.0,277450721.16,2.9425,0
sz.002472,"双环传动",2026-06-01,39.23,39.87,38.69,38.78,39.23,-0.449999999999996,-1.1471,21891606.0,857681772.85,2.9246,0
sz.002474,"榕基软件",2026-06-01,6.66,7.27,6.66,7.27,6.61,0.659999999999999,9.9849,26293981.0,187840489.75,4.9721,0
sz.002475,"立讯精密",2026-06-01,73.35,75.93,70.67,70.71,73.29,-2.58000000000001,-3.5203,230254020.0,16789308025.79,3.1675,0
sz.002476,"宝莫股份",2026-06-01,5.23,5.42,5.18,5.35,5.23,0.119999999999999,2.2945,10242907.0,54772292.03,1.6737,0
sz.002478,"常宝股份",2026-06-01,7.4,7.57,7.38,7.43,7.39,0.04,0.5413,22150344.0,165483394.6,3.0648,0
sz.002479,"富春环保",2026-06-01,5.39,5.57,5.23,5.56,5.34,0.22,4.1199,33276500.0,182407124.16,3.8556,0
sz.002480,"新筑股份",2026-06-01,6.01,6.1,5.96,6.05,6.01,0.04,0.6656,6662801.0,40209340.02,0.868,0
sz.002481,"双塔食品",2026-06-01,4.21,4.31,4.16,4.3,4.21,0.0899999999999999,2.1378,14606836.0,62170622.83,1.3063,0
sz.002482,"广田集团",2026-06-01,1.51,1.54,1.42,1.54,1.51,0.03,1.9868,78166870.0,116766633.08,2.088,0
sz.002483,"润邦股份",2026-06-01,5.72,5.96,5.68,5.94,5.72,0.220000000000001,3.8462,14075920.0,82753691.0,1.59,0
sz.002484,"江海股份",2026-06-01,77.85,82.5,75.1,79.15,77.85,1.30000000000001,1.6699,84461244.0,6643173869.85,10.2942,0
sz.002485,"ST雪发",2026-06-01,4.74,4.79,4.63,4.75,4.76,-0.00999999999999979,-0.2101,3899200.0,18347825.0,0.7168,1
sz.002486,"嘉麟杰",2026-06-01,2.44,2.59,2.39,2.57,2.47,0.0999999999999996,4.0486,32200600.0,81838398.0,3.9248,0
sz.002487,"大金重工",2026-06-01,74.77,76.7,72.2,72.9,72.99,-0.0899999999999892,-0.1233,19315627.0,1435804085.56,3.0615,0
sz.002488,"金固股份",2026-06-01,10.18,10.35,10.02,10.09,10.19,-0.0999999999999996,-0.9814,15906025.0,161864026.75,1.7288,0
sz.002489,"浙江永强",2026-06-01,3.85,4.06,3.85,3.95,3.77,0.18,4.7745,72987815.0,288307293.15,3.8153,0
sz.002490,"山东墨龙",2026-06-01,7.8,7.99,7.77,7.97,7.79,0.18,2.3107,20233700.0,160637451.0,3.7351,0
sz.002491,"通鼎互联",2026-06-01,23.61,24.7,22.48,23.2,23.93,-0.73,-3.0506,184185870.0,4327614296.68,15.6558,0
sz.002492,"恒基达鑫",2026-06-01,6.2,6.64,6.08,6.42,6.18,0.24,3.8835,16729700.0,107436086.0,4.2052,0
sz.002493,"荣盛石化",2026-06-01,11.21,11.72,11.0,11.5,11.16,0.34,3.0466,64669121.0,741861638.18,0.6925,0
sz.002494,"华斯股份",2026-06-01,5.27,5.65,5.2,5.57,5.32,0.25,4.6992,15474850.0,84865851.5,5.3963,0
sz.002495,"佳隆股份",2026-06-01,2.43,2.53,2.38,2.52,2.42,0.1,4.1322,33786932.0,83922317.72,4.869,0
sz.002496,"*ST辉丰",2026-06-01,2.56,2.62,2.51,2.6,2.57,0.0300000000000002,1.1673,16276540.0,41995582.4,1.3779,1
sz.002497,"雅化集团",2026-06-01,23.12,23.85,22.83,23.28,22.91,0.370000000000001,1.615,35388342.0,827777687.5,3.3398,0
sz.002498,"汉缆股份",2026-06-01,8.08,8.44,8.01,8.22,8.18,0.0400000000000009,0.489,84864213.0,699998727.57,2.5509,0
sz.002500,"山西证券",2026-06-01,5.18,5.23,5.14,5.23,5.2,0.0300000000000002,0.5769,29762587.0,154396715.05,0.8291,0
sz.002501,"*ST利源",2026-06-01,1.43,1.44,1.4,1.43,1.44,-0.01,-0.6944,38762900.0,55150408.0,1.093,1
sz.002506,"协鑫集成",2026-06-01,3.44,3.55,3.41,3.49,3.46,0.0300000000000002,0.8671,242460034.0,850246090.76,4.1486,0
sz.002507,"涪陵榨菜",2026-06-01,11.65,11.94,11.62,11.92,11.73,0.19,1.6198,11914522.0,140626842.77,1.0353,0
sz.002508,"老板电器",2026-06-01,17.31,17.38,16.91,17.32,17.31,0.0100000000000016,0.0578,5694632.0,98096467.28,0.61,0
sz.002510,"天汽模",2026-06-01,6.41,6.52,6.34,6.49,6.45,0.04,0.6202,13913278.0,89968705.7,1.3846,0
sz.002511,"中顺洁柔",2026-06-01,7.32,7.42,7.26,7.4,7.25,0.15,2.069,14005346.0,103166859.34,1.1071,0
sz.002512,"ST达华",2026-06-01,4.54,4.65,4.41,4.64,4.5,0.14,3.1111,32568400.0,148724812.0,2.9758,1
sz.002513,"蓝丰生化",2026-06-01,5.73,6.01,5.54,5.93,5.67,0.26,4.5855,11108600.0,65518409.0,3.8433,0
sz.002514,"*ST宝馨",2026-06-01,4.3,4.57,4.16,4.57,4.35,0.220000000000001,5.0575,47198149.0,209369821.93,8.519,1
sz.002515,"金字火腿",2026-06-01,6.1,6.3,5.98,6.24,6.16,0.0800000000000001,1.2987,42110100.0,260669692.0,3.8218,0
sz.002516,"旷达科技",2026-06-01,6.0,6.17,5.97,6.1,6.05,0.0499999999999998,0.8264,29914800.0,181617689.0,2.0526,0
sz.002517,"恺英网络",2026-06-01,15.81,16.37,15.62,16.08,16.04,0.0399999999999991,0.2494,56494422.0,910761262.45,2.9906,0
sz.002518,"科士达",2026-06-01,54.3,55.38,51.63,51.95,54.29,-2.34,-4.3102,17770962.0,944335734.99,3.1445,0
sz.002519,"银河电子",2026-06-01,6.55,6.75,6.44,6.66,6.64,0.0200000000000005,0.3012,35936016.0,238876737.95,3.2155,0
sz.002520,"日发精机",2026-06-01,5.84,5.97,5.78,5.88,5.87,0.00999999999999979,0.1704,22494089.0,132467450.54,3.1353,0
sz.002521,"齐峰新材",2026-06-01,7.58,7.68,7.53,7.65,7.51,0.140000000000001,1.8642,4166702.0,31717317.18,0.994,0
sz.002522,"浙江众成",2026-06-01,6.11,6.42,6.01,6.33,6.22,0.11,1.7685,40265815.0,253293565.01,4.4492,0
sz.002523,"天桥起重",2026-06-01,3.42,3.53,3.4,3.5,3.44,0.0600000000000001,1.7442,17276771.0,60380407.5,1.224,0
sz.002524,"光正眼科",2026-06-01,3.79,4.02,3.76,3.99,3.83,0.16,4.1775,15226554.0,60043505.56,2.9812,0
sz.002526,"山东矿机",2026-06-01,3.09,3.14,3.09,3.13,3.12,0.00999999999999979,0.3205,24755293.0,77335742.26,1.3977,0
sz.002527,"新时达",2026-06-01,14.5,15.46,14.2,15.46,14.05,1.41,10.0356,43886425.0,660840399.25,8.2979,0
sz.002528,"*ST英飞",2026-06-01,4.16,4.35,4.04,4.35,4.14,0.21,5.0725,12372797.0,52953128.86,1.1781,1
sz.002529,"*ST海源",2026-06-01,7.93,8.25,7.84,8.11,7.9,0.209999999999999,2.6582,3583400.0,29076458.0,1.3782,1
sz.002530,"金财互联",2026-06-01,7.65,7.91,7.58,7.84,7.65,0.19,2.4837,13197009.0,103217100.99,1.8985,0
sz.002531,"天顺风能",2026-06-01,11.03,11.25,10.55,10.6,11.03,-0.43,-3.8985,46602306.0,504533373.38,2.6082,0
sz.002532,"天山铝业",2026-06-01,15.09,15.14,14.78,14.96,14.93,0.0300000000000011,0.2009,72774798.0,1088822224.78,1.772,0
sz.002533,"金杯电工",2026-06-01,12.33,12.95,12.33,12.74,12.26,0.48,3.9152,18128736.0,230547420.85,2.8431,0
sz.002534,"西子洁能",2026-06-01,20.11,20.96,19.87,20.05,20.16,-0.109999999999999,-0.5456,19132120.0,388801843.81,2.318,0
sz.002535,"林州重机",2026-06-01,2.61,2.84,2.61,2.78,2.58,0.2,7.7519,85733479.0,239122067.96,11.4878,0
sz.002536,"飞龙股份",2026-06-01,38.99,40.85,37.62,38.68,38.65,0.0300000000000011,0.0776,39232684.0,1545062057.47,7.2066,0
sz.002537,"海联金汇",2026-06-01,6.31,6.52,6.2,6.43,6.3,0.13,2.0635,20806028.0,133565426.24,1.7795,0
sz.002538,"ST司特",2026-06-01,6.24,6.34,6.21,6.32,6.22,0.100000000000001,1.6077,8518000.0,53460911.0,0.9986,1
sz.002539,"云图控股",2026-06-01,12.27,12.68,12.04,12.55,12.62,-0.0699999999999985,-0.5547,22117900.0,275736919.68,2.4857,0
sz.002540,"亚太科技",2026-06-01,5.47,5.62,5.43,5.58,5.49,0.0899999999999999,1.6393,10181217.0,56718000.86,1.1863,0
sz.002541,"鸿路钢构",2026-06-01,18.74,18.98,18.44,18.65,18.7,-0.0500000000000007,-0.2674,8094460.0,150633194.75,1.6314,0
sz.002542,"*ST中岩",2026-06-01,1.65,1.72,1.61,1.7,1.66,0.04,2.4096,43377705.0,72842243.95,2.4664,1
sz.002543,"万和电气",2026-06-01,7.47,7.7,7.45,7.63,7.45,0.18,2.4161,5018264.0,38149766.27,0.7585,0
sz.002544,"普天科技",2026-06-01,21.56,21.92,21.12,21.15,21.7,-0.550000000000001,-2.5346,12666444.0,272029305.8,1.8614,0
sz.002545,"东方铁塔",2026-06-01,21.94,22.79,21.79,21.95,21.8,0.149999999999999,0.6881,19428459.0,432729347.71,1.7191,0
sz.002546,"新联电子",2026-06-01,7.53,7.7,7.48,7.61,7.53,0.0800000000000001,1.0624,14692380.0,111967233.8,1.8337,0
sz.002547,"*ST春兴",2026-06-01,3.47,3.6,3.36,3.59,3.53,0.0600000000000001,1.6997,47185384.0,164988976.67,4.2709,1
sz.002548,"金新农",2026-06-01,4.1,4.24,4.04,4.18,4.1,0.0800000000000001,1.9512,21894160.0,91639274.2,2.7216,0
sz.002549,"凯美特气",2026-06-01,15.08,15.55,15.01,15.32,15.22,0.0999999999999996,0.657,14252904.0,219533008.32,2.0586,0
sz.002550,"千红制药",2026-06-01,6.36,6.39,6.26,6.33,6.33,0.0,0.0,10444628.0,66000354.4,1.1097,0
sz.002551,"尚荣医疗",2026-06-01,3.07,3.22,3.05,3.2,3.09,0.11,3.5599,15272430.0,48409599.3,2.4988,0
sz.002552,"宝鼎科技",2026-06-01,51.93,62.09,51.93,57.93,57.7,0.229999999999997,0.3986,45285602.0,2629214828.8,12.2891,0
sz.002553,"南方精工",2026-06-01,18.1,18.65,18.02,18.4,18.17,0.229999999999997,1.2658,6028949.0,111148040.99,2.3531,0
sz.002554,"惠博普",2026-06-01,3.12,3.25,3.11,3.21,3.11,0.1,3.2154,21765586.0,69620344.92,1.6323,0
sz.002555,"三七互娱",2026-06-01,19.19,20.02,19.05,19.95,19.2,0.75,3.9063,44554600.0,878536223.3,2.8068,0
sz.002556,"辉隆股份",2026-06-01,5.16,5.37,5.15,5.34,5.17,0.17,3.2882,15592900.0,82861931.93,1.6491,0
sz.002557,"洽洽食品",2026-06-01,21.84,22.7,21.8,22.57,21.95,0.620000000000001,2.8246,12611845.0,282843237.46,2.4985,0
sz.002558,"巨人网络",2026-06-01,25.9,26.95,25.89,26.35,25.87,0.48,1.8554,48620046.0,1285609344.34,2.5582,0
sz.002559,"亚威股份",2026-06-01,9.84,9.91,9.58,9.61,9.78,-0.17,-1.7382,24962200.0,243073882.0,4.9528,0
sz.002560,"通达股份",2026-06-01,9.1,9.31,8.9,9.19,9.16,0.0299999999999994,0.3275,53032682.0,485626556.51,8.3734,0
sz.002561,"徐家汇",2026-06-01,7.28,7.6,7.21,7.53,7.32,0.21,2.8689,6817923.0,50803224.28,1.6451,0
sz.002562,"兄弟科技",2026-06-01,5.02,5.2,5.01,5.19,5.04,0.15,2.9762,21830860.0,112472477.2,2.6835,0
sz.002563,"森马服饰",2026-06-01,5.53,5.66,5.42,5.64,5.48,0.159999999999999,2.9197,21542563.0,119877171.41,0.9761,0
sz.002564,"天沃科技",2026-06-01,5.16,5.33,4.99,5.28,5.16,0.12,2.3256,16905008.0,88233690.16,1.9682,0
sz.002565,"顺灏股份",2026-06-01,14.58,15.05,14.34,14.6,14.59,0.00999999999999979,0.0685,76960549.0,1131015773.69,7.2607,0
sz.002566,"益盛药业",2026-06-01,6.99,7.34,6.96,7.27,7.05,0.22,3.1206,7048200.0,50832907.0,3.0408,0
sz.002567,"唐人神",2026-06-01,3.65,3.72,3.62,3.72,3.65,0.0700000000000003,1.9178,15500265.0,57195001.2,1.0827,0
sz.002568,"百润股份",2026-06-01,19.73,20.34,19.51,20.19,19.74,0.450000000000003,2.2796,37898157.0,758585633.22,4.9665,0
sz.002569,"*ST步森",2026-06-01,16.0,16.25,15.69,16.15,15.86,0.289999999999999,1.8285,2000000.0,31967176.0,1.4285,1
sz.002570,"贝因美",2026-06-01,5.03,5.29,4.94,5.14,4.99,0.149999999999999,3.006,53731470.0,274424678.85,4.9752,0
sz.002571,"德力股份",2026-06-01,12.09,12.31,11.92,11.98,12.1,-0.119999999999999,-0.9917,10060500.0,121536878.0,3.3725,0
sz.002572,"索菲亚",2026-06-01,9.26,9.44,9.18,9.42,9.28,0.140000000000001,1.5086,11152700.0,104091520.0,1.7119,0
sz.002573,"清新环境",2026-06-01,3.41,3.52,3.38,3.51,3.4,0.11,3.2353,11586934.0,40236645.54,0.82,0
sz.002574,"明牌珠宝",2026-06-01,5.0,5.15,4.89,5.1,5.01,0.0899999999999999,1.7964,8134421.0,41369670.14,1.5406,0
sz.002575,"群兴玩具",2026-06-01,5.51,5.75,5.41,5.66,5.55,0.11,1.982,26568746.0,150709614.66,4.5469,0
sz.002576,"通达动力",2026-06-01,16.5,17.2,16.37,17.1,16.7,0.400000000000002,2.3952,7506170.0,127291792.8,4.6326,0
sz.002577,"雷柏科技",2026-06-01,17.89,18.8,17.88,18.41,17.88,0.530000000000001,2.9642,4878996.0,90419325.73,1.7383,0
sz.002578,"闽发铝业",2026-06-01,4.11,4.3,4.07,4.22,4.11,0.109999999999999,2.6764,55383424.0,233474420.04,6.4312,0
sz.002579,"中京电子",2026-06-01,17.36,18.87,17.35,18.87,17.15,1.72,10.0292,208073189.0,3818034500.82,35.6649,0
sz.002580,"圣阳股份",2026-06-01,24.31,26.71,24.31,26.71,24.28,2.43,10.0082,55375992.0,1445251132.12,12.2421,0
sz.002581,"*ST未名",2026-06-01,4.31,4.47,4.24,4.43,4.3,0.13,3.0233,6874500.0,29993712.0,1.7152,1
sz.002582,"好想你",2026-06-01,10.47,10.49,10.04,10.36,10.59,-0.23,-2.1719,22135042.0,227353587.28,6.4301,0
sz.002583,"海能达",2026-06-01,8.31,8.54,8.27,8.44,8.38,0.0599999999999987,0.716,21830566.0,184100507.04,1.7019,0
sz.002584,"西陇科学",2026-06-01,7.45,7.67,7.4,7.6,7.51,0.0899999999999999,1.1984,18322470.0,138963023.7,3.9115,0
sz.002585,"双星新材",2026-06-01,10.17,11.05,10.0,10.57,10.23,0.34,3.3236,143601366.0,1513575550.63,16.194,0
sz.002586,"ST围海",2026-06-01,4.44,4.44,4.33,4.34,4.42,-0.0800000000000001,-1.81,3128600.0,13649942.0,0.2877,1
sz.002587,"奥拓电子",2026-06-01,6.62,6.94,6.56,6.86,6.74,0.12,1.7804,28538719.0,195465236.43,5.3572,0
sz.002588,"史丹利",2026-06-01,9.09,9.33,9.06,9.28,9.09,0.19,2.0902,14061495.0,129919163.16,1.6377,0
sz.002589,"瑞康医药",2026-06-01,2.87,2.95,2.84,2.94,2.87,0.0699999999999998,2.439,29675257.0,86515679.58,2.1731,0
sz.002590,"万安科技",2026-06-01,11.41,11.69,11.28,11.56,11.5,0.0600000000000005,0.5217,9426339.0,108489163.45,1.9045,0
sz.002591,"恒大高新",2026-06-01,7.8,8.04,7.6,7.92,7.81,0.11,1.4085,14193600.0,112281043.0,6.3502,0
sz.002592,"ST八菱",2026-06-01,6.96,7.21,6.79,7.2,6.98,0.22,3.1519,3310900.0,23541859.0,1.2603,1
sz.002593,"日上集团",2026-06-01,4.71,4.9,4.67,4.85,4.72,0.13,2.7542,15273101.0,73676596.82,2.7249,0
sz.002594,"比亚迪",2026-06-01,96.18,96.22,93.6,93.65,96.18,-2.53,-2.6305,44598076.0,4207350429.92,1.2791,0
sz.002595,"豪迈科技",2026-06-01,52.03,53.5,51.68,52.6,52.31,0.289999999999999,0.5544,4700668.0,247591942.93,0.4081,0
sz.002596,"海南瑞泽",2026-06-01,3.7,3.82,3.65,3.76,3.71,0.0499999999999998,1.3477,20565166.0,77499982.37,1.7937,0
sz.002597,"金禾实业",2026-06-01,20.89,21.29,20.86,21.13,20.92,0.209999999999997,1.0038,4984636.0,105189914.24,0.8787,0
sz.002598,"ST章鼓",2026-06-01,7.31,7.62,7.25,7.6,7.41,0.19,2.5641,4687300.0,35115105.0,1.6359,1
sz.002599,"盛通股份",2026-06-01,6.23,6.5,6.22,6.44,6.24,0.2,3.2051,13510800.0,86753727.0,3.395,0
sz.002600,"领益智造",2026-06-01,14.59,15.43,14.59,14.97,14.55,0.42,2.8866,262225464.0,3965562081.76,3.6422,0
sz.002601,"龙佰集团",2026-06-01,14.28,14.64,14.07,14.55,14.3,0.25,1.7483,22751496.0,328103027.54,1.1447,0
sz.002602,"世纪华通",2026-06-01,14.98,15.59,14.86,15.21,14.58,0.630000000000001,4.321,195573398.0,2987514282.96,2.8774,0
sz.002603,"以岭药业",2026-06-01,16.14,16.15,15.86,15.96,16.22,-0.259999999999998,-1.603,14865180.0,237305933.6,1.0799,0
sz.002605,"姚记科技",2026-06-01,18.85,19.65,18.81,19.6,18.81,0.790000000000003,4.1999,8587444.0,166654759.45,2.5398,0
sz.002606,"大连电瓷",2026-06-01,16.16,17.62,16.0,17.62,16.44,1.18,7.1776,81836030.0,1381841831.57,19.4319,0
sz.002607,"中公教育",2026-06-01,2.44,2.45,2.4,2.43,2.42,0.0100000000000002,0.4132,116395523.0,282799001.45,2.0997,0
sz.002608,"江苏国信",2026-06-01,9.96,10.12,9.49,10.12,9.2,0.92,10.0,147142178.0,1453668201.63,3.8946,0
sz.002609,"捷顺科技",2026-06-01,7.82,8.22,7.75,8.14,7.77,0.370000000000001,4.7619,12715352.0,102422857.12,2.7711,0
sz.002611,"东方精工",2026-06-01,16.78,17.29,16.67,16.83,16.74,0.0899999999999999,0.5376,34096457.0,579039004.21,3.4032,0
sz.002612,"朗姿股份",2026-06-01,13.07,13.7,13.01,13.67,13.2,0.470000000000001,3.5606,6425882.0,86544455.06,2.5253,0
sz.002613,"北玻股份",2026-06-01,4.25,4.87,4.18,4.87,4.43,0.44,9.9323,153509876.0,718506197.4,19.8417,0
sz.002614,"奥佳华",2026-06-01,5.11,5.32,5.07,5.3,5.11,0.19,3.7182,9253729.0,48346772.56,2.0971,0
sz.002615,"哈尔斯",2026-06-01,7.76,8.12,7.71,7.88,7.78,0.0999999999999996,1.2853,11534925.0,91625355.5,3.818,0
sz.002616,"长青集团",2026-06-01,5.76,5.96,5.61,5.96,5.73,0.23,4.014,26491650.0,154419221.0,4.5094,0
sz.002617,"露笑科技",2026-06-01,9.59,9.7,9.18,9.21,9.23,-0.0199999999999996,-0.2167,221513576.0,2091188848.23,11.7976,0
sz.002620,"*ST瑞和",2026-06-01,7.34,7.34,7.33,7.34,6.99,0.35,5.0072,4558300.0,33457738.0,1.4422,1
sz.002622,"皓宸医疗",2026-06-01,2.54,2.67,2.5,2.63,2.53,0.1,3.9526,24133480.0,63104031.2,2.8731,0
sz.002623,"亚玛顿",2026-06-01,19.17,19.48,18.84,19.0,19.16,-0.16,-0.8351,4422190.0,84772449.68,2.2263,0
sz.002624,"完美世界",2026-06-01,13.88,14.3,13.77,13.95,14.01,-0.0600000000000005,-0.4283,58458280.0,820331232.54,3.1984,0
sz.002625,"光启技术",2026-06-01,39.99,40.08,38.41,38.41,40.21,-1.8,-4.4765,37125456.0,1446949820.42,1.7231,0
sz.002626,"金达威",2026-06-01,15.23,15.39,15.16,15.32,15.19,0.130000000000001,0.8558,3665292.0,55950280.02,0.601,0
sz.002627,"三峡旅游",2026-06-01,7.22,7.56,7.1,7.32,7.31,0.0100000000000007,0.1368,25892500.0,190133764.62,3.6108,0
sz.002628,"成都路桥",2026-06-01,4.95,5.2,4.95,5.09,4.94,0.149999999999999,3.0364,21683846.0,110492217.68,2.8767,0
sz.002629,"仁智股份",2026-06-01,5.25,5.73,5.15,5.73,5.21,0.52,9.9808,27378304.0,151324019.04,7.5578,0
sz.002630,"*ST华西",2026-06-01,1.6,1.62,1.55,1.6,1.63,-0.0299999999999998,-1.8405,48108983.0,76129169.36,4.4689,1
sz.002631,"德尔未来",2026-06-01,6.9,7.19,6.9,7.01,6.99,0.0199999999999996,0.2861,14049200.0,98924768.0,1.7704,0
sz.002632,"道明光学",2026-06-01,10.28,10.84,10.27,10.35,10.17,0.18,1.7699,17243302.0,182000420.56,3.0018,0
sz.002633,"申科股份",2026-06-01,17.48,18.0,17.28,17.82,17.47,0.350000000000001,2.0034,2242000.0,39786591.0,1.5,0
sz.002634,"*ST棒杰",2026-06-01,4.63,4.79,4.56,4.79,4.56,0.23,5.0439,16549900.0,78688565.0,3.7423,1
sz.002635,"安洁科技",2026-06-01,16.61,17.58,16.61,17.0,16.64,0.359999999999999,2.1635,34240427.0,586231420.21,8.6568,0
sz.002636,"金安国纪",2026-06-01,53.0,53.51,48.17,49.87,53.51,-3.64,-6.8025,57375684.0,2883226402.02,7.9214,0
sz.002637,"赞宇科技",2026-06-01,10.92,11.94,10.92,11.94,10.85,1.09,10.0461,15327568.0,179494564.42,3.2964,0
sz.002638,"勤上股份",2026-06-01,4.5,4.78,4.49,4.55,4.54,0.00999999999999979,0.2203,75288950.0,348736936.0,5.5659,0
sz.002639,"雪人集团",2026-06-01,16.88,16.92,16.19,16.25,17.18,-0.93,-5.4133,75382261.0,1244067575.33,11.4279,0
sz.002640,"跨境通",2026-06-01,3.75,3.89,3.71,3.83,3.8,0.0300000000000002,0.7895,130819200.0,500472182.3,8.4494,0
sz.002641,"公元股份",2026-06-01,4.11,4.33,4.09,4.27,4.16,0.109999999999999,2.6442,28227498.0,119217991.45,2.4892,0
sz.002642,"荣联科技",2026-06-01,8.58,8.83,8.52,8.66,8.74,-0.0800000000000001,-0.9153,19550850.0,170786201.5,2.9552,0
sz.002643,"万润股份",2026-06-01,14.73,15.04,14.49,14.57,14.85,-0.279999999999999,-1.8855,25156106.0,369241800.37,2.7883,0
sz.002644,"佛慈制药",2026-06-01,7.76,7.88,7.64,7.84,7.78,0.0599999999999996,0.7712,4639505.0,36108109.85,0.9085,0
sz.002645,"华宏科技",2026-06-01,29.41,30.07,28.29,28.59,29.47,-0.879999999999999,-2.9861,27802017.0,808330031.96,4.9047,0
sz.002646,"天佑德酒",2026-06-01,7.66,7.85,7.53,7.83,7.74,0.0899999999999999,1.1628,6997987.0,53948713.31,1.4707,0
sz.002647,"仁东控股",2026-06-01,11.78,12.8,11.7,12.8,11.64,1.16,9.9656,52954313.0,661139701.2,5.2157,0
sz.002648,"卫星化学",2026-06-01,23.28,24.33,23.28,23.81,23.27,0.539999999999999,2.3206,48123258.0,1150097832.94,1.4295,0
sz.002649,"博彦科技",2026-06-01,9.51,9.92,9.5,9.84,9.5,0.34,3.5789,12055119.0,117862285.77,2.2476,0
sz.002650,"ST加加",2026-06-01,7.33,7.56,7.2,7.56,7.2,0.359999999999999,5.0,5113800.0,37828023.0,0.4619,1
sz.002651,"利君股份",2026-06-01,8.23,8.48,8.21,8.4,8.23,0.17,2.0656,6077300.0,50946734.0,1.0747,0
sz.002652,"扬子新材",2026-06-01,5.57,5.74,5.46,5.5,5.61,-0.11,-1.9608,21788580.0,121903921.6,4.2551,0
sz.002653,"海思科",2026-06-01,52.0,54.0,49.71,50.13,51.57,-1.44,-2.7923,6741171.0,345101857.32,1.2558,0
sz.002654,"万润科技",2026-06-01,15.32,15.78,15.08,15.15,15.31,-0.16,-1.0451,50577894.0,780310818.8,5.9838,0
sz.002655,"共达电声",2026-06-01,39.57,42.0,37.13,37.82,40.52,-2.7,-6.6634,55493690.0,2198423927.77,15.2546,0
sz.002656,"*ST摩登",2026-06-01,3.44,3.49,3.41,3.49,3.43,0.0600000000000001,1.7493,6469000.0,22404209.0,0.9561,1
sz.002657,"中科金财",2026-06-01,17.6,19.36,17.6,19.36,17.6,1.76,10.0,16103266.0,303412818.93,4.7908,0
sz.002658,"雪迪龙",2026-06-01,7.68,7.87,7.55,7.8,7.68,0.12,1.5625,9725540.0,75664398.2,2.7124,0
sz.002659,"凯文教育",2026-06-01,4.4,4.63,4.38,4.58,4.43,0.15,3.386,14168100.0,64525079.0,2.3681,0
sz.002660,"茂硕电源",2026-06-01,7.65,8.18,7.6,8.0,7.66,0.34,4.4386,10097500.0,80722744.98,2.944,0
sz.002661,"克明食品",2026-06-01,7.79,8.21,7.71,8.21,7.84,0.370000000000001,4.7194,4551690.0,36601696.7,1.4327,0
sz.002662,"峰璟股份",2026-06-01,3.46,3.55,3.43,3.54,3.47,0.0699999999999998,2.0173,11621200.0,40880845.0,0.7748,0
sz.002663,"普邦股份",2026-06-01,1.94,2.01,1.9,1.96,1.95,0.01,0.5128,46624481.0,91973650.57,2.7312,0
sz.002664,"信质集团",2026-06-01,19.0,19.14,18.4,18.41,19.2,-0.789999999999999,-4.1146,10228100.0,191026205.92,2.5407,0
sz.002666,"德联集团",2026-06-01,4.48,4.71,4.46,4.67,4.49,0.18,4.0089,11888700.0,55084374.0,2.3746,0
sz.002667,"*ST威领",2026-06-01,17.77,19.55,17.69,19.55,18.62,0.93,4.9946,17427798.0,328129058.89,7.3656,1
sz.002668,"TCL智家",2026-06-01,9.31,9.6,9.19,9.55,9.34,0.210000000000001,2.2484,14158269.0,134352015.24,1.306,0
sz.002669,"康达新材",2026-06-01,14.71,16.49,14.71,15.91,15.72,0.19,1.2087,62998810.0,1000794706.2,20.8111,0
sz.002670,"国盛证券",2026-06-01,11.48,11.59,11.42,11.54,11.54,0.0,0.0,10051800.0,115859385.4,0.6192,0
sz.002671,"龙泉股份",2026-06-01,4.32,4.58,4.3,4.51,4.38,0.13,2.968,19080552.0,85667434.08,3.4585,0
sz.002672,"东江环保",2026-06-01,3.79,3.96,3.76,3.93,3.77,0.16,4.244,11704788.0,45425293.4,1.2932,0
sz.002673,"西部证券",2026-06-01,6.59,6.72,6.52,6.69,6.59,0.100000000000001,1.5175,29885224.0,198545254.52,0.6686,0
sz.002674,"兴业科技",2026-06-01,14.94,15.4,14.75,14.97,15.12,-0.149999999999999,-0.9921,6039500.0,90992159.0,2.0643,0
sz.002675,"东诚药业",2026-06-01,12.79,12.8,12.46,12.78,12.79,-0.00999999999999979,-0.0782,8853100.0,111858139.0,1.1909,0
sz.002676,"顺威股份",2026-06-01,5.32,5.56,5.29,5.52,5.33,0.19,3.5647,14202080.0,78026667.2,1.9726,0
sz.002677,"浙江美大",2026-06-01,7.05,7.23,6.99,7.2,7.05,0.15,2.1277,4613100.0,33017408.0,0.8364,0
sz.002678,"珠江钢琴",2026-06-01,5.98,6.17,5.9,6.07,6.01,0.0600000000000005,0.9983,16684213.0,101510279.47,1.229,0
sz.002679,"福建金森",2026-06-01,9.23,9.77,9.18,9.69,9.33,0.359999999999999,3.8585,4514800.0,43501729.0,1.915,0
sz.002681,"奋达科技",2026-06-01,5.41,5.59,5.38,5.51,5.43,0.0800000000000001,1.4733,34165308.0,188902409.12,2.1772,0
sz.002682,"龙洲股份",2026-06-01,5.05,5.39,5.03,5.29,5.08,0.21,4.1339,19742143.0,103910639.18,3.5105,0
sz.002683,"广东宏大",2026-06-01,31.98,31.99,31.2,31.71,32.05,-0.339999999999996,-1.0608,9196930.0,291054088.06,1.3798,0
sz.002685,"华东重机",2026-06-01,7.9,7.97,7.75,7.8,7.93,-0.13,-1.6393,38911060.0,304168624.8,3.8619,0
sz.002686,"亿利达",2026-06-01,6.33,6.54,6.3,6.5,6.33,0.17,2.6856,11992000.0,77323242.0,2.2941,0
sz.002687,"乔治白",2026-06-01,4.29,4.53,4.23,4.53,4.32,0.21,4.8611,12340270.0,54641770.01,2.9851,0
sz.002688,"金河生物",2026-06-01,5.5,5.57,5.41,5.5,5.42,0.0800000000000001,1.476,21158497.0,116339480.43,2.8307,0
sz.002689,"ST远智",2026-06-01,3.16,3.31,3.15,3.3,3.15,0.15,4.7619,14646546.0,48055117.73,1.4044,1
sz.002690,"美亚光电",2026-06-01,15.37,15.64,15.33,15.57,15.4,0.17,1.1039,4974030.0,77188428.6,1.1468,0
sz.002691,"*ST冀凯",2026-06-01,5.22,5.52,5.12,5.52,5.26,0.26,4.943,11539620.0,62583615.06,3.4346,1
sz.002692,"远程股份",2026-06-01,4.54,4.76,4.54,4.69,4.56,0.130000000000001,2.8509,15438000.0,72147027.0,2.1509,0
sz.002693,"*ST双成",2026-06-01,10.41,10.46,9.76,9.82,10.67,-0.85,-7.9663,28075732.0,281313994.92,6.8314,0
sz.002694,"*ST顾地",2026-06-01,2.44,2.54,2.41,2.54,2.42,0.12,4.9587,5010771.0,12579011.34,0.6971,1
sz.002695,"煌上煌",2026-06-01,11.33,11.72,11.3,11.46,11.47,-0.00999999999999979,-0.0872,6134200.0,70598177.0,1.1994,0
sz.002696,"百洋股份",2026-06-01,5.85,6.15,5.81,6.13,5.88,0.25,4.2517,7309300.0,44302726.0,2.1867,0
sz.002697,"红旗连锁",2026-06-01,4.89,4.97,4.85,4.97,4.97,0.0,0.0,32859300.0,161945467.0,2.869,0
sz.002698,"博实股份",2026-06-01,12.42,12.7,12.42,12.62,12.58,0.0399999999999991,0.318,7370499.0,92748950.98,0.8772,0
sz.002700,"万憬能源",2026-06-01,6.95,7.67,6.93,7.67,6.97,0.7,10.043,26479440.0,198779816.0,12.3283,0
sz.002701,"奥瑞金",2026-06-01,5.02,5.1,4.96,5.09,5.03,0.0599999999999996,1.1928,31089874.0,156358047.16,1.2157,0
sz.002702,"海欣食品",2026-06-01,5.5,5.79,5.41,5.69,5.5,0.19,3.4545,31712480.0,180200936.0,6.9129,0
sz.002703,"浙江世宝",2026-06-01,18.52,19.58,18.37,18.85,18.84,0.0100000000000016,0.0531,40284739.0,763711265.68,6.874,0
sz.002705,"新宝股份",2026-06-01,12.66,12.95,12.55,12.89,12.89,0.0,0.0,10085633.0,129253815.77,1.2488,0
sz.002706,"良信股份",2026-06-01,14.9,15.1,13.94,14.53,14.65,-0.120000000000001,-0.8191,61980028.0,905282412.01,6.7784,0
sz.002707,"众信旅游",2026-06-01,5.77,5.86,5.66,5.83,5.74,0.0899999999999999,1.5679,16520593.0,95804527.31,1.9099,0
sz.002708,"光洋股份",2026-06-01,13.61,14.12,13.43,13.6,13.7,-0.0999999999999996,-0.7299,18915084.0,260148727.12,3.6611,0
sz.002709,"天赐材料",2026-06-01,52.08,54.2,51.51,51.73,52.03,-0.300000000000004,-0.5766,81540934.0,4312182815.59,5.4036,0
sz.002712,"思美传媒",2026-06-01,5.07,5.49,5.06,5.38,5.1,0.28,5.4902,23056900.0,123271363.0,4.2627,0
sz.002713,"*ST东易",2026-06-01,11.51,11.98,11.51,11.73,11.91,-0.18,-1.5113,11197811.0,131424736.02,2.1268,1
sz.002714,"牧原股份",2026-06-01,37.99,38.34,37.25,37.82,38.07,-0.25,-0.6567,38711406.0,1468599370.28,1.0187,0
sz.002715,"登云股份",2026-06-01,15.49,16.25,15.05,16.06,15.53,0.529999999999999,3.4127,5068300.0,80846187.0,3.6727,0
sz.002716,"湖南白银",2026-06-01,9.33,9.51,9.26,9.39,9.39,0.0,0.0,81904646.0,772300442.02,3.523,0
sz.002717,"*ST岭南",2026-06-01,0.86,0.94,0.86,0.91,0.91,0.0,0.0,140136523.0,123648824.91,8.1543,1
sz.002718,"友邦吊顶",2026-06-01,86.71,95.0,86.71,92.35,87.18,5.16999999999999,5.9303,2557535.0,235354503.65,2.7213,0
sz.002719,"ST麦趣",2026-06-01,7.51,7.88,7.4,7.85,7.5,0.35,4.6667,8928500.0,68839514.0,5.5158,1
sz.002721,"金一文化",2026-06-01,2.63,2.76,2.63,2.75,2.64,0.11,4.1667,39879700.0,108044760.0,1.4996,0
sz.002722,"物产金轮",2026-06-01,13.51,14.13,13.43,14.04,13.58,0.459999999999999,3.3873,4250074.0,59115166.74,1.9114,0
sz.002723,"小崧股份",2026-06-01,9.0,9.09,8.85,8.92,9.03,-0.109999999999999,-1.2182,14001600.0,125371283.0,4.4162,0
sz.002724,"海洋王",2026-06-01,5.42,5.69,5.41,5.64,5.41,0.23,4.2514,9781013.0,54795412.27,1.7227,0
sz.002725,"跃岭股份",2026-06-01,15.3,15.57,14.7,14.75,15.52,-0.77,-4.9613,14174120.0,213589199.2,6.6123,0
sz.002726,"ST龙大",2026-06-01,1.67,1.76,1.62,1.76,1.71,0.05,2.924,59672683.0,99485112.5,5.5336,1
sz.002727,"一心堂",2026-06-01,11.56,12.0,11.51,11.92,11.57,0.35,3.0251,8711878.0,102803647.16,2.2172,0
sz.002728,"特一药业",2026-06-01,8.85,8.93,8.71,8.9,8.85,0.0500000000000007,0.565,8403427.0,74356147.77,2.5317,0
sz.002729,"好利科技",2026-06-01,19.0,20.33,19.0,19.57,19.0,0.57,3.0,7568294.0,149518961.21,4.3134,0
sz.002730,"电光科技",2026-06-01,29.95,30.59,29.42,29.59,30.13,-0.539999999999999,-1.7922,9722640.0,289663488.2,2.8098,0
sz.002731,"ST萃华",2026-06-01,4.35,4.35,4.35,4.35,4.35,0.0,,,,,1
sz.002732,"燕塘乳业",2026-06-01,14.5,15.06,14.37,14.97,14.62,0.350000000000001,2.394,1901900.0,28193406.0,1.2148,0
sz.002733,"雄韬股份",2026-06-01,33.65,33.7,30.08,30.08,33.42,-3.34,-9.994,32535230.0,1019574415.09,8.8204,0
sz.002734,"利民股份",2026-06-01,16.15,16.56,16.03,16.5,16.2,0.300000000000001,1.8519,8977197.0,147501159.03,2.0668,0
sz.002735,"王子新材",2026-06-01,14.5,14.97,14.41,14.46,14.8,-0.34,-2.2973,19869690.0,290862429.1,6.9704,0
sz.002736,"国信证券",2026-06-01,10.11,10.18,10.04,10.15,10.12,0.0300000000000011,0.2964,21109900.0,213645339.64,0.2196,0
sz.002737,"葵花药业",2026-06-01,13.0,13.14,12.88,13.01,13.08,-0.0700000000000003,-0.5352,6090099.0,79169436.0,1.0428,0
sz.002738,"中矿资源",2026-06-01,61.78,62.78,60.7,60.83,61.89,-1.06,-1.7127,20052559.0,1236434142.65,2.8194,0
sz.002739,"儒意电影",2026-06-01,9.18,9.44,9.17,9.39,9.21,0.18,1.9544,43448295.0,405460270.23,2.0691,0
sz.002741,"光华科技",2026-06-01,28.36,29.2,27.15,27.35,28.86,-1.51,-5.2322,51136507.0,1419620361.02,11.9938,0
sz.002742,"三圣股份",2026-06-01,4.2,4.3,4.17,4.3,4.21,0.0899999999999999,2.1378,6312050.0,26898714.5,1.2047,0
sz.002743,"富煌钢构",2026-06-01,4.75,4.99,4.68,4.94,4.75,0.19,4.0,7227900.0,35405765.0,1.6632,0
sz.002745,"木林森",2026-06-01,10.29,10.47,10.03,10.05,10.39,-0.34,-3.2724,64074949.0,654829178.79,6.0216,0
sz.002746,"仙坛股份",2026-06-01,5.76,6.2,5.73,6.17,5.79,0.38,6.563,23204200.0,139985415.38,3.2697,0
sz.002747,"埃斯顿",2026-06-01,27.55,27.88,26.75,26.77,27.72,-0.949999999999999,-3.4271,54028001.0,1470221604.35,6.9054,0
sz.002748,"世龙实业",2026-06-01,11.07,11.53,10.92,11.46,11.06,0.4,3.6166,5467800.0,62135100.0,2.2783,0
sz.002749,"国光股份",2026-06-01,9.23,9.59,9.2,9.43,9.3,0.129999999999999,1.3978,3926399.0,36917983.93,0.7213,0
sz.002752,"昇兴股份",2026-06-01,6.62,6.88,6.62,6.82,6.63,0.19,2.8658,15549555.0,105622487.25,1.594,0
sz.002753,"永东股份",2026-06-01,6.42,6.72,6.38,6.67,6.43,0.24,3.7325,6638200.0,43794231.0,2.7339,0
sz.002755,"奥赛康",2026-06-01,14.63,14.84,14.27,14.33,14.56,-0.23,-1.5797,10525099.0,152175509.15,1.134,0
sz.002756,"永兴材料",2026-06-01,62.61,63.05,61.31,61.8,62.46,-0.660000000000004,-1.0567,10711113.0,666255093.33,2.7672,0
sz.002757,"南兴股份",2026-06-01,23.45,24.29,23.0,23.78,23.4,0.380000000000003,1.6239,14672425.0,348630197.5,5.202,0
sz.002758,"浙农股份",2026-06-01,8.29,8.71,8.22,8.64,8.29,0.350000000000001,4.222,9263710.0,79118532.9,1.7877,0
sz.002759,"天际股份",2026-06-01,27.73,29.24,27.53,28.34,27.9,0.440000000000001,1.5771,35739687.0,1026076883.54,7.1345,0
sz.002760,"凤形股份",2026-06-01,18.98,19.96,18.98,19.73,19.25,0.48,2.4935,6581700.0,129464046.66,6.0948,0
sz.002761,"浙江建投",2026-06-01,7.92,8.03,7.78,8.03,7.98,0.0499999999999989,0.6266,10164653.0,80784674.64,0.9396,0
sz.002762,"*ST金比",2026-06-01,9.4,9.4,9.14,9.23,9.31,-0.0800000000000001,-0.8593,2604300.0,24067748.56,1.2321,1
sz.002763,"汇洁股份",2026-06-01,7.89,8.32,7.8,8.29,7.94,0.349999999999999,4.4081,7571344.0,61742323.92,2.4937,0
sz.002765,"蓝黛科技",2026-06-01,8.2,8.38,8.13,8.3,8.19,0.110000000000001,1.3431,9843263.0,81670230.43,1.6519,0
sz.002766,"索菱股份",2026-06-01,4.57,5.07,4.38,5.07,4.61,0.46,9.9783,58142153.0,284462721.71,6.7865,0
sz.002767,"先锋电子",2026-06-01,17.35,17.95,17.33,17.79,17.42,0.369999999999997,2.124,2165171.0,38422838.8,1.6628,0
sz.002768,"国恩股份",2026-06-01,62.99,64.92,62.78,63.49,63.26,0.230000000000004,0.3636,5495973.0,351645565.9,3.1095,0
sz.002769,"普路通",2026-06-01,7.77,8.14,7.71,8.11,7.74,0.369999999999999,4.7804,10494101.0,84012054.77,2.8134,0
sz.002771,"真视通",2026-06-01,17.01,17.98,16.81,17.78,17.48,0.300000000000001,1.7162,34802296.0,611729231.85,19.9423,0
sz.002772,"众兴菌业",2026-06-01,13.42,13.73,13.35,13.66,13.44,0.220000000000001,1.6369,10950926.0,148721200.08,2.9467,0
sz.002773,"康弘药业",2026-06-01,21.15,21.35,20.95,21.25,21.0,0.25,1.1905,6253724.0,132213314.8,0.9106,0
sz.002774,"快意电梯",2026-06-01,11.43,12.28,11.4,12.08,11.51,0.57,4.9522,7152700.0,86252522.0,2.5385,0
sz.002775,"文科股份",2026-06-01,4.01,4.1,3.97,3.98,4.05,-0.0699999999999998,-1.7284,14653340.0,59157520.4,2.5628,0
sz.002777,"久远银海",2026-06-01,14.16,14.62,14.1,14.52,14.16,0.359999999999999,2.5424,6384882.0,92229003.28,1.5784,0
sz.002778,"中晟高科",2026-06-01,19.0,19.87,18.53,19.36,18.99,0.370000000000001,1.9484,4141349.0,80733343.66,3.3553,0
sz.002779,"中坚科技",2026-06-01,70.27,72.0,69.09,69.42,70.38,-0.959999999999994,-1.364,2748149.0,193201111.25,1.6574,0
sz.002780,"三夫户外",2026-06-01,14.31,14.64,14.07,14.55,14.23,0.32,2.2488,4332667.0,62678825.05,3.3162,0
sz.002782,"可立克",2026-06-01,27.8,28.32,26.52,26.99,27.72,-0.73,-2.6335,23871419.0,651327868.47,4.9068,0
sz.002783,"凯龙股份",2026-06-01,7.71,8.3,7.64,8.24,7.67,0.57,7.4316,17657660.0,141945357.86,3.8287,0
sz.002785,"万里石",2026-06-01,44.46,44.59,43.21,43.58,44.72,-1.14,-2.5492,6347190.0,278386551.06,3.2803,0
sz.002786,"银宝山新",2026-06-01,8.24,8.48,8.12,8.4,8.41,-0.00999999999999979,-0.1189,17330675.0,145113984.5,3.5074,0
sz.002787,"华源控股",2026-06-01,24.49,26.11,24.49,24.77,24.85,-0.0800000000000018,-0.3219,14125000.0,357680089.0,5.6306,0
sz.002788,"鹭燕医药",2026-06-01,11.73,12.16,11.64,12.12,11.85,0.27,2.2785,17026356.0,204526880.94,4.4592,0
sz.002789,"*ST建艺",2026-06-01,12.92,13.67,12.92,13.4,13.24,0.16,1.2085,2405950.0,32177780.5,1.5376,1
sz.002790,"瑞尔特",2026-06-01,6.37,6.62,6.32,6.56,6.32,0.239999999999999,3.7975,6504602.0,42334473.06,2.4951,0
sz.002791,"坚朗五金",2026-06-01,15.6,16.07,15.44,16.06,15.71,0.349999999999998,2.2279,4811400.0,76551447.0,2.2101,0
sz.002792,"通宇通讯",2026-06-01,40.7,41.19,39.1,39.19,41.71,-2.52,-6.0417,28385384.0,1138591339.71,8.4024,0
sz.002793,"罗欣药业",2026-06-01,4.29,4.39,4.21,4.36,4.29,0.0700000000000003,1.6317,18343259.0,79506491.75,1.6892,0
sz.002795,"永和智控",2026-06-01,7.66,8.4,7.64,8.4,7.64,0.760000000000001,9.9476,23648512.0,195644252.24,5.4436,0
sz.002796,"世嘉科技",2026-06-01,47.96,48.8,45.72,45.75,48.03,-2.28,-4.747,9434619.0,442176926.69,4.1433,0
sz.002797,"第一创业",2026-06-01,6.99,7.05,6.92,7.04,7.0,0.04,0.5714,80872184.0,565610157.55,1.9244,0
sz.002798,"帝欧水华",2026-06-01,6.21,6.73,6.21,6.5,6.19,0.31,5.0081,33495330.0,218162270.56,6.9153,0
sz.002799,"环球印务",2026-06-01,7.4,7.8,7.33,7.75,7.44,0.31,4.1667,6729304.0,51706657.2,2.1027,0
sz.002800,"天顺股份",2026-06-01,17.26,17.9,16.88,17.48,17.47,0.0100000000000016,0.0572,3097584.0,54416478.12,2.0952,0
sz.002801,"微光股份",2026-06-01,31.24,31.66,30.8,31.12,31.35,-0.23,-0.7337,2104927.0,65674470.4,1.8177,0
sz.002802,"洪汇新材",2026-06-01,12.68,13.29,12.52,13.16,12.68,0.48,3.7855,3946760.0,51720534.25,2.6367,0
sz.002803,"吉宏股份",2026-06-01,21.0,22.42,20.88,22.3,21.8,0.5,2.2936,14013436.0,307324206.05,4.8542,0
sz.002805,"丰元股份",2026-06-01,21.22,22.2,21.2,21.42,21.55,-0.129999999999999,-0.6032,14106234.0,305983283.24,5.0593,0
sz.002806,"华锋股份",2026-06-01,19.28,20.34,18.47,18.48,18.49,-0.00999999999999801,-0.0541,77122785.0,1503511590.15,44.2967,0
sz.002807,"江阴银行",2026-06-01,3.99,4.1,3.95,4.09,3.96,0.13,3.2828,47812807.0,192702189.67,1.7685,0
sz.002808,"*ST恒久",2026-06-01,2.83,2.83,2.83,2.83,2.83,0.0,,,,,1
sz.002809,"红墙股份",2026-06-01,8.82,9.32,8.55,9.19,8.86,0.33,3.7246,9859032.0,90391287.58,5.8004,0
sz.002810,"山东赫达",2026-06-01,22.83,23.88,22.83,23.64,22.73,0.91,4.0035,10623113.0,250410441.21,3.2806,0
sz.002811,"郑中设计",2026-06-01,11.6,12.34,11.5,12.07,11.54,0.530000000000001,4.5927,8556950.0,103165970.5,3.0281,0
sz.002812,"恩捷股份",2026-06-01,69.96,72.35,68.68,69.04,70.47,-1.42999999999999,-2.0292,24011528.0,1691535358.68,2.9188,0
sz.002813,"路畅科技",2026-06-01,22.26,23.08,22.03,22.86,22.18,0.68,3.0658,1739400.0,39505832.0,1.4512,0
sz.002815,"崇达技术",2026-06-01,16.55,17.28,16.46,16.58,16.5,0.0799999999999983,0.4848,85273015.0,1439363519.73,10.9726,0
sz.002816,"*ST和科",2026-06-01,24.55,24.96,24.25,24.81,24.79,0.0199999999999996,0.0807,1973700.0,48648117.0,1.9737,1
sz.002817,"黄山胶囊",2026-06-01,6.88,7.18,6.76,7.17,6.92,0.25,3.6127,6354110.0,45027106.48,2.1908,0
sz.002818,"富森美",2026-06-01,11.06,11.42,10.9,11.42,11.06,0.359999999999999,3.255,5633760.0,63376708.0,1.8884,0
sz.002819,"东方中科",2026-06-01,23.45,24.09,23.35,23.76,23.51,0.25,1.0634,2336450.0,55626027.2,0.9875,0
sz.002820,"桂发祥",2026-06-01,10.05,10.55,9.91,10.46,10.19,0.270000000000001,2.6497,6404708.0,66347361.04,3.1885,0
sz.002821,"凯莱英",2026-06-01,117.42,125.29,114.7,115.39,117.42,-2.03,-1.7288,7824229.0,931787348.43,2.4679,0
sz.002822,"ST中装",2026-06-01,2.95,3.03,2.94,3.0,2.96,0.04,1.3514,8890081.0,26505943.83,0.8317,1
sz.002823,"凯中精密",2026-06-01,18.21,18.46,17.93,18.03,18.2,-0.169999999999998,-0.9341,19976679.0,362687318.4,9.1264,0
sz.002824,"和胜股份",2026-06-01,27.18,27.76,25.5,25.57,26.47,-0.899999999999999,-3.4001,37922425.0,1002541402.63,16.7668,0
sz.002825,"纳尔股份",2026-06-01,10.31,10.53,10.21,10.35,10.28,0.0700000000000003,0.6809,3798800.0,39510477.0,1.4803,0
sz.002826,"易明医药",2026-06-01,17.95,18.16,17.68,17.78,17.81,-0.0299999999999976,-0.1684,3293100.0,58863305.0,1.783,0
sz.002827,"高争民爆",2026-06-01,28.35,28.62,28.0,28.45,28.34,0.109999999999999,0.3881,2206300.0,62647755.0,0.7994,0
sz.002828,"贝肯能源",2026-06-01,9.49,9.91,9.43,9.87,9.4,0.469999999999999,5.0,10439000.0,101869211.02,5.1939,0
sz.002829,"星网宇达",2026-06-01,24.74,25.6,23.76,23.86,24.85,-0.990000000000002,-3.9839,8291378.0,203300676.36,5.677,0
sz.002830,"名雕股份",2026-06-01,21.22,23.38,21.0,23.38,21.25,2.13,10.0235,2887100.0,66081766.0,4.3176,0
sz.002831,"裕同科技",2026-06-01,39.78,39.78,37.51,39.3,38.54,0.759999999999998,1.972,12627885.0,486185222.75,2.4712,0
sz.002832,"比音勒芬",2026-06-01,19.64,20.47,19.62,20.35,19.6,0.75,3.8265,12109848.0,244493363.65,3.1097,0
sz.002833,"弘亚数控",2026-06-01,19.07,19.07,18.56,18.71,19.07,-0.359999999999999,-1.8878,8264900.0,155053458.64,2.8675,0
sz.002835,"同为股份",2026-06-01,13.31,14.13,13.08,13.88,13.25,0.630000000000001,4.7547,4439553.0,61310759.97,3.4878,0
sz.002836,"新宏泽",2026-06-01,11.13,11.6,11.13,11.35,11.34,0.00999999999999979,0.0882,2703944.0,31005406.04,1.1736,0
sz.002837,"英维克",2026-06-01,68.51,70.59,65.66,66.06,69.87,-3.81,-5.453,65340955.0,4426359014.03,5.78,0
sz.002838,"道恩股份",2026-06-01,33.72,34.09,33.16,33.4,33.74,-0.340000000000003,-1.0077,6012900.0,202102307.14,1.4295,0
sz.002839,"张家港行",2026-06-01,4.23,4.37,4.18,4.34,4.24,0.0999999999999996,2.3585,28288760.0,121168805.4,1.1584,0
sz.002840,"华统股份",2026-06-01,9.17,9.28,8.75,8.84,9.18,-0.34,-3.7037,31439361.0,281860812.32,3.9466,0
sz.002841,"视源股份",2026-06-01,36.69,37.63,36.45,37.13,36.54,0.590000000000003,1.6147,6443088.0,238635537.82,1.2405,0
sz.002842,"翔鹭钨业",2026-06-01,32.0,33.86,31.88,32.1,32.36,-0.259999999999998,-0.8035,28235538.0,925100833.57,10.5175,0
sz.002843,"泰嘉股份",2026-06-01,22.45,23.1,22.01,22.66,22.44,0.219999999999999,0.9804,11208171.0,254452011.69,4.4797,0
sz.002845,"同兴达",2026-06-01,15.08,16.38,14.99,15.53,15.08,0.449999999999999,2.9841,20559724.0,323557479.0,8.2162,0
sz.002846,"英联股份",2026-06-01,12.35,12.71,12.24,12.29,12.33,-0.0400000000000009,-0.3244,6333920.0,78761699.0,2.4347,0
sz.002847,"盐津铺子",2026-06-01,59.4,61.87,58.68,61.04,59.03,2.01,3.405,7264270.0,440608273.09,2.9791,0
sz.002848,"*ST高斯",2026-06-01,16.96,16.96,16.96,16.96,16.96,0.0,,,,,1
sz.002849,"威星智能",2026-06-01,16.29,17.13,16.16,16.88,16.41,0.469999999999999,2.8641,8748000.0,147095313.4,3.9973,0
sz.002850,"科达利",2026-06-01,173.84,178.99,172.16,174.0,173.88,0.120000000000005,0.069,4807846.0,844995654.41,2.3885,0
sz.002851,"麦格米特",2026-06-01,129.85,138.66,125.01,134.5,126.05,8.45,6.7037,44799292.0,5968910091.95,9.7795,0
sz.002852,"道道全",2026-06-01,7.96,8.34,7.89,8.29,7.96,0.329999999999999,4.1457,7083733.0,57997265.8,2.4786,0
sz.002853,"皮阿诺",2026-06-01,24.24,25.18,23.81,24.72,24.23,0.489999999999998,2.0223,1704600.0,42240019.0,1.3244,0
sz.002855,"捷荣技术",2026-06-01,11.69,12.06,11.52,11.8,11.57,0.23,1.9879,7023800.0,83313250.0,2.8526,0
sz.002856,"*ST美芝",2026-06-01,23.27,23.37,23.0,23.37,22.26,1.11,4.9865,1247000.0,29026122.8,1.0064,1
sz.002857,"三晖电气",2026-06-01,20.3,20.3,19.45,19.88,19.78,0.0999999999999979,0.5056,5426500.0,107955526.5,4.2202,0
sz.002858,"力盛体育",2026-06-01,13.17,13.7,13.14,13.55,13.22,0.33,2.4962,5336100.0,72260344.0,3.6198,0
sz.002859,"洁美科技",2026-06-01,69.9,76.12,69.05,75.05,69.2,5.84999999999999,8.4538,32179366.0,2352080140.41,7.9279,0
sz.002860,"星帅尔",2026-06-01,12.99,13.29,12.98,13.03,13.03,0.0,0.0,7687612.0,100911252.2,2.2349,0
sz.002861,"瀛通通讯",2026-06-01,17.69,18.78,17.47,18.25,17.75,0.5,2.8169,6874820.0,125143673.2,4.5781,0
sz.002862,"实丰文化",2026-06-01,16.79,18.14,16.74,17.56,16.49,1.07,6.4888,13794410.0,243503232.7,10.9264,0
sz.002863,"今飞凯达",2026-06-01,4.96,5.24,4.92,5.17,4.96,0.21,4.2339,14254900.0,72932792.88,2.3779,0
sz.002864,"盘龙药业",2026-06-01,28.75,29.33,28.43,29.33,28.78,0.549999999999997,1.911,1447940.0,42064636.0,1.965,0
sz.002865,"钧达股份",2026-06-01,77.0,79.88,74.71,75.07,77.05,-1.98,-2.5698,12210917.0,940932478.66,5.4628,0
sz.002866,"传艺科技",2026-06-01,20.06,21.1,20.06,20.58,19.86,0.719999999999999,3.6254,14744609.0,305376306.41,8.1366,0
sz.002867,"周大生",2026-06-01,12.51,12.63,12.3,12.54,12.6,-0.0600000000000005,-0.4762,9184244.0,114576009.08,0.8511,0
sz.002868,"绿康生化",2026-06-01,28.75,31.32,28.38,29.41,28.47,0.940000000000001,3.3017,4869912.0,147467039.44,4.5512,0
sz.002869,"金溢科技",2026-06-01,17.86,18.39,17.81,18.06,18.07,-0.0100000000000016,-0.0553,2768415.0,50162119.22,1.7575,0
sz.002870,"香山股份",2026-06-01,40.5,41.0,40.0,40.21,40.7,-0.490000000000002,-1.2039,3543300.0,143376250.0,2.7476,0
sz.002871,"伟隆股份",2026-06-01,20.3,22.13,20.03,22.13,20.12,2.01,9.9901,5391819.0,117166985.61,3.6122,0
sz.002872,"ST天圣",2026-06-01,5.39,5.5,5.34,5.5,5.4,0.0999999999999996,1.8519,4055750.0,22106422.5,1.8871,1
sz.002873,"新天药业",2026-06-01,8.61,8.89,8.4,8.86,8.71,0.149999999999999,1.7222,8038331.0,70230657.03,3.3536,0
sz.002875,"安奈儿",2026-06-01,20.41,21.0,20.3,20.45,20.6,-0.150000000000002,-0.7282,4027700.0,82793545.0,2.2077,0
sz.002876,"三利谱",2026-06-01,27.15,28.7,27.02,27.64,27.22,0.420000000000002,1.543,5569785.0,155540147.55,3.7396,0
sz.002877,"智能自控",2026-06-01,7.9,8.47,7.9,8.25,7.92,0.33,4.1667,11048406.0,91293096.72,4.5937,0
sz.002878,"元隆雅图",2026-06-01,16.14,16.68,16.0,16.59,15.99,0.6,3.7523,20552390.0,337729763.78,8.7124,0
sz.002879,"长缆科技",2026-06-01,15.77,16.29,15.68,16.14,15.85,0.290000000000001,1.8297,4620300.0,74478881.6,3.3694,0
sz.002880,"卫光生物",2026-06-01,25.08,25.29,24.63,25.29,25.22,0.0700000000000003,0.2776,803200.0,20080656.0,0.3541,0
sz.002881,"美格智能",2026-06-01,45.66,47.36,45.0,46.0,45.44,0.560000000000002,1.2324,13971608.0,650684162.73,7.6798,0
sz.002882,"金龙羽",2026-06-01,22.65,23.15,22.65,22.95,22.65,0.300000000000001,1.3245,3006500.0,69070633.0,1.2183,0
sz.002883,"*ST中设",2026-06-01,9.43,9.84,9.37,9.84,9.37,0.470000000000001,5.016,2525688.0,24561294.92,1.6474,1
sz.002884,"凌霄泵业",2026-06-01,16.51,16.78,16.43,16.75,16.51,0.239999999999998,1.4537,2147900.0,35727706.0,0.7866,0
sz.002885,"京泉华",2026-06-01,45.05,46.61,42.9,43.38,44.17,-0.789999999999999,-1.7885,23714853.0,1056874231.81,9.9955,0
sz.002886,"沃特股份",2026-06-01,28.56,30.87,28.56,29.53,28.63,0.900000000000002,3.1436,32503260.0,965319817.85,15.546,0
sz.002887,"绿茵生态",2026-06-01,13.25,13.85,13.18,13.66,13.28,0.380000000000001,2.8614,3733600.0,50761966.0,1.7187,0
sz.002888,"惠威科技",2026-06-01,18.29,18.96,17.7,18.74,18.31,0.43,2.3484,5625994.0,104751847.74,7.509,0
sz.002889,"东方嘉盛",2026-06-01,11.78,12.07,11.65,12.0,11.78,0.220000000000001,1.8676,2150853.0,25698832.1,0.8561,0
sz.002890,"弘宇股份",2026-06-01,15.12,15.85,15.0,15.63,15.19,0.440000000000001,2.8966,1642652.0,25535503.66,1.0173,0
sz.002891,"中宠股份",2026-06-01,29.5,31.5,29.5,30.99,29.75,1.24,4.1681,11965405.0,367020746.49,3.7171,0
sz.002892,"科力尔",2026-06-01,10.5,10.78,10.48,10.56,10.61,-0.0499999999999989,-0.4713,14077277.0,149465100.05,2.8091,0
sz.002893,"京能热力",2026-06-01,12.35,13.08,11.52,12.73,12.54,0.190000000000001,1.5152,37936528.0,467094929.58,18.7083,0
sz.002895,"川恒股份",2026-06-01,34.78,36.1,34.78,35.65,34.1,1.55,4.5455,20328107.0,725360614.59,3.4167,0
sz.002896,"中大力德",2026-06-01,74.18,76.99,73.6,74.27,75.82,-1.55,-2.0443,11446232.0,859731901.0,5.8244,0
sz.002897,"意华股份",2026-06-01,77.66,84.04,76.96,80.18,76.4,3.78,4.9476,25868179.0,2085920126.25,14.1802,0
sz.002898,"*ST赛隆",2026-06-01,8.3,8.3,8.3,8.3,8.3,0.0,,,,,1
sz.002899,"英派斯",2026-06-01,27.21,27.98,26.92,27.2,27.2,0.0,0.0,3608457.0,98145908.7,2.4415,0
sz.002900,"哈三联",2026-06-01,10.25,10.65,10.17,10.57,10.25,0.32,3.122,3764200.0,39424413.0,2.3362,0
sz.002901,"大博医疗",2026-06-01,40.62,41.26,40.24,40.83,40.6,0.229999999999997,0.5665,1768500.0,72040016.4,0.6132,0
sz.002902,"铭普光磁",2026-06-01,32.73,33.29,31.23,31.62,33.31,-1.69,-5.0736,22900383.0,733364792.15,12.892,0
sz.002903,"宇环数控",2026-06-01,40.02,41.37,39.1,39.35,40.35,-1.0,-2.4783,6088109.0,245378228.47,5.7077,0
sz.002905,"金逸影视",2026-06-01,8.19,8.62,8.19,8.57,8.26,0.31,3.753,6186440.0,52594864.6,1.7704,0
sz.002906,"华阳集团",2026-06-01,28.84,30.05,28.43,29.25,28.95,0.300000000000001,1.0363,9118365.0,267303022.44,1.7381,0
sz.002907,"华森制药",2026-06-01,12.4,12.55,12.27,12.52,12.4,0.119999999999999,0.9677,1934882.0,24077288.72,0.5762,0
sz.002908,"德生科技",2026-06-01,7.39,7.8,7.35,7.75,7.4,0.35,4.7297,7469412.0,57368256.86,2.3209,0
sz.002909,"集泰股份",2026-06-01,5.78,6.03,5.71,5.97,5.77,0.2,3.4662,10690992.0,63471132.16,2.8105,0
sz.002910,"庄园牧场",2026-06-01,9.91,10.35,9.55,10.3,9.93,0.370000000000001,3.7261,5352722.0,54593100.28,3.1291,0
sz.002911,"佛燃能源",2026-06-01,11.38,11.61,11.29,11.57,11.36,0.210000000000001,1.8486,6025579.0,69231507.3,0.4756,0
sz.002912,"中新赛克",2026-06-01,21.43,22.38,21.26,21.84,21.38,0.460000000000001,2.1515,3178926.0,69840675.12,1.9596,0
sz.002913,"奥士康",2026-06-01,53.93,57.53,53.0,55.45,52.3,3.15000000000001,6.0229,15020800.0,838547056.92,4.979,0
sz.002915,"中欣氟材",2026-06-01,19.1,19.78,18.95,19.24,18.98,0.259999999999998,1.3699,8328542.0,162017830.12,2.8911,0
sz.002916,"深南电路",2026-06-01,412.0,425.88,379.86,380.0,411.41,-31.41,-7.6347,16244844.0,6423194047.04,2.4435,0
sz.002917,"金奥博",2026-06-01,13.31,13.95,13.03,13.66,13.55,0.109999999999999,0.8118,10715700.0,144969124.0,4.1128,0
sz.002918,"蒙娜丽莎",2026-06-01,12.5,13.6,12.12,12.93,13.46,-0.530000000000001,-3.9376,35124315.0,455011188.52,16.3986,0
sz.002919,"名臣健康",2026-06-01,22.5,22.76,21.8,21.96,22.6,-0.640000000000001,-2.8319,6357260.0,141673390.4,2.4062,0
sz.002920,"德赛西威",2026-06-01,101.76,103.65,99.66,100.9,101.76,-0.859999999999999,-0.8451,11473135.0,1165552217.3,1.923,0
sz.002921,"联诚精密",2026-06-01,26.39,26.69,25.85,26.1,26.32,-0.219999999999999,-0.8359,5119160.0,134756310.6,3.9855,0
sz.002922,"伊戈尔",2026-06-01,42.54,44.06,41.09,41.52,42.54,-1.02,-2.3977,30008159.0,1276282211.22,7.9597,0
sz.002923,"润都股份",2026-06-01,10.7,11.08,10.66,11.03,10.77,0.26,2.4141,5619586.0,61608387.04,2.1774,0
sz.002925,"盈趣科技",2026-06-01,19.07,20.97,18.98,20.97,19.06,1.91,10.021,17395141.0,353502681.32,2.3795,0
sz.002926,"华西证券",2026-06-01,8.08,8.23,8.0,8.19,8.09,0.0999999999999996,1.2361,17743767.0,144407936.7,0.676,0
sz.002927,"泰永长征",2026-06-01,24.24,25.02,23.2,23.44,24.3,-0.859999999999999,-3.5391,31358445.0,749338992.3,14.2079,0
sz.002928,"华夏航空",2026-06-01,7.77,7.82,7.47,7.71,7.9,-0.19,-2.4051,40925353.0,314023450.0,3.2017,0
sz.002929,"润建股份",2026-06-01,71.81,74.7,69.5,70.5,73.2,-2.7,-3.6885,23388471.0,1672094865.58,10.9093,0
sz.002930,"宏川智慧",2026-06-01,11.66,11.69,11.15,11.32,11.75,-0.43,-3.6596,15054098.0,170601166.44,3.474,0
sz.002931,"锋龙股份",2026-06-01,52.56,53.86,51.79,52.23,52.55,-0.32,-0.6089,11159718.0,590355809.23,5.5451,0
sz.002932,"*ST明德",2026-06-01,15.95,16.09,15.72,16.09,15.88,0.209999999999999,1.3224,2772046.0,43997941.68,1.7759,1
sz.002933,"新兴装备",2026-06-01,27.42,30.16,27.36,30.16,27.42,2.74,9.9927,3715300.0,108413949.0,3.1824,0
sz.002935,"天奥电子",2026-06-01,18.88,19.51,18.86,18.98,19.03,-0.0500000000000007,-0.2627,6389902.0,122546436.29,1.5394,0
sz.002936,"郑州银行",2026-06-01,1.78,1.81,1.77,1.8,1.77,0.03,1.6949,80221962.0,143633657.16,1.1413,0
sz.002937,"兴瑞科技",2026-06-01,31.37,33.0,30.9,32.65,31.33,1.32,4.2132,8335803.0,267899783.82,2.7532,0
sz.002938,"鹏鼎控股",2026-06-01,111.62,112.92,101.99,103.34,105.01,-1.67,-1.5903,59005389.0,6290578358.14,2.555,0
sz.002939,"长城证券",2026-06-01,8.4,8.46,8.27,8.42,8.5,-0.0800000000000001,-0.9412,25003206.0,209163795.15,0.694,0
sz.002940,"昂利康",2026-06-01,35.23,36.99,34.0,34.37,35.0,-0.630000000000003,-1.8,15398051.0,539607614.08,8.3109,0
sz.002941,"新疆交建",2026-06-01,12.13,12.45,12.06,12.4,12.14,0.26,2.1417,8027532.0,98984075.44,1.1,0
sz.002942,"新农股份",2026-06-01,17.26,17.96,16.9,17.74,17.02,0.719999999999999,4.2303,2291270.0,40297488.76,1.6513,0
sz.002943,"宇晶股份",2026-06-01,82.37,82.58,74.5,74.5,82.78,-8.28,-10.0024,10380061.0,801696131.28,7.1233,0
sz.002945,"华林证券",2026-06-01,14.5,14.72,14.38,14.53,14.58,-0.0500000000000007,-0.3429,8407099.0,122468750.35,0.3114,0
sz.002946,"新乳业",2026-06-01,18.4,18.75,18.25,18.67,18.73,-0.0599999999999987,-0.3203,6432256.0,119374432.88,0.7561,0
sz.002947,"恒铭达",2026-06-01,88.5,92.28,86.78,87.85,88.32,-0.469999999999999,-0.5322,11829993.0,1057729303.28,5.9656,0
sz.002948,"青岛银行",2026-06-01,5.52,5.69,5.4,5.67,5.59,0.0800000000000001,1.4311,53304696.0,297826945.16,1.5134,0
sz.002949,"华阳国际",2026-06-01,12.18,13.05,11.7,12.86,12.1,0.76,6.281,5416800.0,68852353.0,3.5664,0
sz.002950,"奥美医疗",2026-06-01,9.87,10.14,9.81,9.98,9.94,0.0400000000000009,0.4024,8735300.0,87361867.0,2.0332,0
sz.002951,"金时科技",2026-06-01,17.16,19.4,17.01,19.4,17.64,1.76,9.9773,27901208.0,504334369.9,6.9557,0
sz.002952,"亚世光电",2026-06-01,25.36,26.9,25.15,25.78,27.02,-1.24,-4.5892,9228300.0,239886655.5,7.01,0
sz.002953,"日丰股份",2026-06-01,10.44,10.75,10.38,10.64,10.44,0.200000000000001,1.9157,5352602.0,56919762.68,1.9729,0
sz.002955,"鸿合科技",2026-06-01,23.2,25.36,22.79,25.36,23.05,2.31,10.0217,7252529.0,180631644.18,3.7069,0
sz.002956,"西麦食品",2026-06-01,21.56,22.55,21.43,22.32,21.96,0.359999999999999,1.6393,5275661.0,117179952.67,1.6882,0
sz.002957,"科瑞技术",2026-06-01,62.85,63.58,59.8,60.63,62.04,-1.41,-2.2727,32780080.0,2009032234.11,7.8294,0
sz.002958,"青农商行",2026-06-01,2.87,2.94,2.85,2.93,2.87,0.0600000000000001,2.0906,59827380.0,173492574.88,1.0999,0
sz.002959,"小熊电器",2026-06-01,37.26,37.86,37.03,37.81,37.49,0.32,0.8536,587800.0,22061533.0,0.3905,0
sz.002960,"青鸟智控",2026-06-01,8.28,8.35,8.21,8.29,8.28,0.00999999999999979,0.1208,13854434.0,114649339.62,1.4309,0
sz.002961,"瑞达期货",2026-06-01,21.95,22.17,21.58,21.7,22.08,-0.379999999999999,-1.721,6699084.0,146506774.56,1.4046,0
sz.002962,"五方光电",2026-06-01,18.34,19.9,18.33,19.0,18.48,0.52,2.8139,23093004.0,444654634.4,11.0396,0
sz.002963,"豪尔赛",2026-06-01,16.74,17.2,16.5,16.96,16.74,0.220000000000002,1.3142,3052500.0,51556445.0,2.4818,0
sz.002965,"祥鑫科技",2026-06-01,32.42,33.33,32.1,32.2,32.6,-0.399999999999999,-1.227,5675625.0,185637873.8,2.9806,0
sz.002966,"苏州银行",2026-06-01,8.13,8.3,8.11,8.3,8.15,0.15,1.8405,40195568.0,328969717.56,0.9145,0
sz.002967,"广电计量",2026-06-01,20.51,21.22,20.38,20.86,20.92,-0.0600000000000023,-0.2868,10010473.0,208924550.67,1.8293,0
sz.002968,"新大正",2026-06-01,9.91,10.39,9.13,10.3,9.99,0.31,3.1031,5052600.0,51527850.64,2.372,0
sz.002969,"嘉美包装",2026-06-01,18.65,18.65,18.65,18.65,18.65,0.0,,,,,0
sz.002970,"锐明技术",2026-06-01,63.5,64.8,62.42,62.85,63.3,-0.449999999999996,-0.7109,4423000.0,280547344.0,3.5336,0
sz.002971,"和远气体",2026-06-01,34.82,36.14,34.47,34.58,34.75,-0.170000000000002,-0.4892,13733960.0,483449863.5,8.7812,0
sz.002972,"科安达",2026-06-01,11.63,12.48,11.55,12.2,11.63,0.569999999999999,4.9011,6089420.0,73791012.0,4.5225,0
sz.002973,"侨银股份",2026-06-01,12.33,12.55,12.25,12.33,12.32,0.00999999999999979,0.0812,4018200.0,49877726.0,1.265,0
sz.002975,"博杰股份",2026-06-01,148.96,151.94,134.77,135.07,144.3,-9.23000000000002,-6.3964,22282930.0,3170285537.51,16.223,0
sz.002976,"瑞玛精密",2026-06-01,36.31,36.97,35.07,35.79,36.64,-0.850000000000001,-2.3199,4676700.0,167993974.22,7.0142,0
sz.002977,"*ST天箭",2026-06-01,28.18,28.32,27.4,27.64,27.88,-0.239999999999998,-0.8608,1871600.0,52041735.64,2.8082,1
sz.002978,"安宁股份",2026-06-01,27.66,28.14,27.52,27.94,27.73,0.210000000000001,0.7573,2953500.0,82309002.0,0.7998,0
sz.002979,"雷赛智能",2026-06-01,53.97,54.54,51.6,51.79,54.52,-2.73,-5.0073,13374100.0,706557012.45,6.0309,0
sz.002980,"华盛昌",2026-06-01,108.35,109.2,101.3,101.93,109.22,-7.28999999999999,-6.6746,12095073.0,1258154535.97,11.9414,0
sz.002981,"朝阳科技",2026-06-01,26.73,27.58,26.55,27.44,26.74,0.700000000000003,2.6178,8647699.0,235265930.03,7.2416,0
sz.002982,"湘佳股份",2026-06-01,12.91,13.49,12.62,13.44,12.46,0.979999999999999,7.8652,7835411.0,103209750.6,6.023,0
sz.002983,"芯瑞达",2026-06-01,23.93,24.83,23.4,23.47,24.67,-1.2,-4.8642,5741698.0,137588999.67,4.4802,0
sz.002984,"森麒麟",2026-06-01,15.2,15.28,15.09,15.25,15.22,0.0299999999999994,0.1971,9455274.0,143328980.75,1.3244,0
sz.002985,"北摩高科",2026-06-01,30.19,30.58,30.06,30.5,30.21,0.289999999999999,0.9599,3536357.0,107682580.3,1.0686,0
sz.002986,"宇新股份",2026-06-01,11.78,12.49,11.71,12.02,11.82,0.199999999999999,1.692,7403655.0,89834903.39,2.4529,0
sz.002987,"京北方",2026-06-01,11.42,11.95,11.4,11.83,11.45,0.380000000000001,3.3188,12191595.0,143627197.97,1.2045,0
sz.002988,"豪美新材",2026-06-01,30.4,30.4,28.5,29.03,30.0,-0.969999999999999,-3.2333,4171161.0,122774454.88,1.6698,0
sz.002989,"中天精装",2026-06-01,28.62,29.2,27.91,27.98,28.88,-0.899999999999999,-3.1163,5066967.0,144567858.27,2.7637,0
sz.002990,"盛视科技",2026-06-01,47.0,49.78,46.31,48.47,46.53,1.94,4.1694,12003900.0,582670732.0,8.6973,0
sz.002991,"甘源食品",2026-06-01,47.36,49.3,46.6,48.78,47.36,1.42,2.9983,1396000.0,67489265.0,2.7957,0
sz.002992,"宝明科技",2026-06-01,42.0,42.79,41.56,42.03,42.0,0.0300000000000011,0.0714,1187730.0,50100252.4,0.7602,0
sz.002993,"奥海科技",2026-06-01,63.96,65.49,59.88,60.02,64.74,-4.71999999999999,-7.2907,9641959.0,595946006.1,4.0436,0
sz.002995,"天地在线",2026-06-01,22.83,25.11,21.86,25.11,22.83,2.28,9.9869,29684888.0,708236074.86,26.406,0
sz.002996,"顺博合金",2026-06-01,6.84,7.05,6.78,6.99,6.83,0.16,2.3426,10607730.0,73850402.7,2.548,0
sz.002997,"瑞鹄模具",2026-06-01,31.51,32.07,30.81,31.04,31.85,-0.810000000000002,-2.5432,5885966.0,184221968.65,2.8119,0
sz.002998,"优彩资源",2026-06-01,8.14,8.54,8.1,8.4,8.24,0.16,1.9417,11183200.0,93694311.0,4.1344,0
sz.002999,"天禾股份",2026-06-01,6.16,6.44,6.11,6.42,6.22,0.2,3.2154,9343618.0,59153092.46,2.7198,0
sz.003000,"劲仔食品",2026-06-01,10.8,11.11,10.72,11.07,10.82,0.25,2.3105,4263700.0,46642663.0,1.384,0
sz.003001,"中岩大地",2026-06-01,18.06,18.58,17.81,17.91,18.29,-0.379999999999999,-2.0776,4887648.0,88478760.16,4.2775,0
sz.003002,"壶化股份",2026-06-01,22.19,23.0,21.95,22.55,22.2,0.350000000000001,1.5766,2255100.0,50557590.0,1.2333,0
sz.003003,"天元股份",2026-06-01,11.88,12.49,11.65,12.38,11.88,0.5,4.2088,5350700.0,65349084.0,4.5423,0
sz.003004,"*ST声迅",2026-06-01,59.71,65.68,59.71,65.68,59.71,5.97000000000001,9.9983,3974553.0,253758341.54,5.7818,0
sz.003005,"竞业达",2026-06-01,15.28,16.5,15.19,16.1,15.37,0.730000000000002,4.7495,4650600.0,74329047.0,3.6625,0
sz.003006,"百亚股份",2026-06-01,16.91,17.17,16.91,17.17,17.08,0.0900000000000034,0.5269,6300999.0,107533646.92,1.4702,0
sz.003007,"直真科技",2026-06-01,42.15,42.93,41.6,42.28,42.15,0.130000000000003,0.3084,2598674.0,110134774.76,3.58,0
sz.003008,"开普检测",2026-06-01,19.9,20.8,19.65,20.51,19.85,0.66,3.3249,2124930.0,43324084.0,2.734,0
sz.003009,"中天火箭",2026-06-01,50.45,51.34,49.88,50.83,50.5,0.329999999999998,0.6535,2019357.0,102678590.44,1.2262,0
sz.003010,"若羽臣",2026-06-01,25.6,26.63,25.41,26.23,25.82,0.41,1.5879,8577026.0,223849400.71,3.7928,0
sz.003011,"海象新材",2026-06-01,21.06,21.98,21.06,21.74,21.27,0.469999999999999,2.2097,1875260.0,40653491.8,2.4403,0
sz.003012,"东鹏控股",2026-06-01,5.1,5.19,5.03,5.16,5.04,0.12,2.381,17427818.0,89114629.55,1.5361,0
sz.003013,"地铁设计",2026-06-01,14.65,15.12,14.44,14.91,14.65,0.26,1.7747,4525450.0,67124125.5,1.1315,0
sz.003015,"日久光电",2026-06-01,12.48,12.75,12.41,12.55,12.5,0.0500000000000007,0.4,5842900.0,73611720.0,2.3624,0
sz.003016,"欣贺股份",2026-06-01,7.35,7.64,7.23,7.56,7.29,0.27,3.7037,5370600.0,40430909.0,1.3071,0
sz.003017,"大洋生物",2026-06-01,27.28,28.46,27.23,28.19,27.35,0.84,3.0713,2191660.0,61560712.4,3.1631,0
sz.003018,"金富科技",2026-06-01,67.51,68.34,60.6,60.65,67.33,-6.68,-9.9213,14937114.0,963286674.5,6.2923,0
sz.003019,"宸展光电",2026-06-01,40.34,42.0,39.96,40.41,40.85,-0.440000000000005,-1.0771,7905806.0,323462696.2,4.6221,0
sz.003020,"立方制药",2026-06-01,16.99,17.23,16.57,16.92,16.5,0.420000000000002,2.5455,3060736.0,51775539.8,1.8159,0
sz.003021,"兆威机电",2026-06-01,96.0,97.92,95.0,95.89,96.83,-0.939999999999998,-0.9708,4394719.0,423560114.04,2.1191,0
sz.003022,"联泓新科",2026-06-01,25.36,26.98,25.36,25.61,24.79,0.82,3.3078,40712071.0,1068410290.23,3.0509,0
sz.003023,"彩虹集团",2026-06-01,25.51,27.1,25.01,26.51,25.5,1.01,3.9608,5331500.0,140869909.0,5.0718,0
sz.003025,"思进智能",2026-06-01,14.49,15.09,14.42,14.65,14.53,0.120000000000001,0.8259,8286764.0,122655520.07,3.66,0
sz.003026,"中晶科技",2026-06-01,42.82,44.33,42.61,43.42,43.5,-0.0799999999999983,-0.1839,5425801.0,236307297.44,5.4355,0
sz.003027,"同兴科技",2026-06-01,22.17,23.93,22.17,23.51,22.17,1.34,6.0442,6643200.0,155878655.0,6.3352,0
sz.003028,"振邦智能",2026-06-01,26.88,27.86,26.68,26.78,27.04,-0.259999999999998,-0.9615,1992090.0,53952465.4,2.8241,0
sz.003029,"吉大正元",2026-06-01,18.68,19.34,18.59,19.24,18.66,0.579999999999998,3.1083,3247751.0,62148240.81,1.8443,0
sz.003030,"祖名股份",2026-06-01,23.4,25.74,22.98,25.74,23.4,2.34,10.0,6133300.0,153789609.0,7.5758,0
sz.003031,"中瓷电子",2026-06-01,141.59,144.22,136.0,136.71,141.9,-5.19,-3.6575,11962635.0,1666709867.54,3.5168,0
sz.003032,"*ST传智",2026-06-01,6.88,7.11,6.88,7.1,6.97,0.13,1.8651,4930400.0,34663372.0,1.7331,1
sz.003033,"征和工业",2026-06-01,60.66,64.48,60.5,62.56,61.57,0.990000000000002,1.6079,2989855.0,187255980.67,3.7029,0
sz.003035,"南网能源",2026-06-01,7.53,7.61,7.07,7.48,7.48,0.0,0.0,85752370.0,627485571.03,2.2639,0
sz.003036,"泰坦股份",2026-06-01,71.01,73.12,69.0,71.8,71.0,0.799999999999997,1.1268,15289416.0,1080911772.48,7.0691,0
sz.003037,"三和管桩",2026-06-01,7.2,7.47,7.2,7.43,7.28,0.149999999999999,2.0604,15286200.0,112904232.0,2.5516,0
sz.003038,"鑫铂股份",2026-06-01,12.4,12.89,12.28,12.74,12.35,0.390000000000001,3.1579,4058880.0,51443882.8,2.4867,0
sz.003039,"顺控发展",2026-06-01,12.98,13.18,12.83,13.16,12.91,0.25,1.9365,3907800.0,51042012.0,0.6328,0
sz.003040,"楚天龙",2026-06-01,12.96,13.48,12.93,13.22,12.94,0.280000000000001,2.1638,6568184.0,87104137.48,1.4377,0
sz.003041,"真爱美家",2026-06-01,53.09,57.38,53.09,57.38,52.16,5.22000000000001,10.0077,4125000.0,231405858.2,3.0148,0
sz.003042,"中农联合",2026-06-01,14.43,15.56,14.3,15.21,14.57,0.640000000000001,4.3926,6186890.0,93484785.6,5.0177,0
sz.003043,"华亚智能",2026-06-01,60.03,62.87,60.03,61.7,60.4,1.3,2.1523,4112284.0,254411011.2,4.9055,0
sz.003816,"中国广核",2026-06-01,4.6,4.7,4.52,4.69,4.58,0.11,2.4017,162421969.0,753095896.83,0.4129,0
sz.159001,"易方达保证金货币A",2026-06-01,99.999,100.001,99.999,100.0,100.001,-0.00100000000000477,-0.001,4419766.0,441974791.513,23.02019,1
sz.159003,"招商保证金快线A",2026-06-01,99.999,100.0,99.999,99.999,100.0,-0.00100000000000477,-0.001,290520.0,29051918.92,14.968537,1
sz.159005,"汇添富收益快钱货币A",2026-06-01,100.0,100.001,99.999,100.001,100.001,0.0,0.0,129011.0,12901091.089,11.426114,1
sz.159007,"华泰柏瑞中证畜牧养殖产业ETF",2026-06-01,0.87,0.884,0.865,0.883,0.87,0.013,1.4943,11580040.0,10172696.313,5.346198,1
sz.159008,"景顺长城中证全指证券公司ETF",2026-06-01,0.963,0.971,0.956,0.966,0.963,0.003,0.3115,7033215.0,6783738.137,3.583173,1
sz.159009,"易方达创业板新能源ETF",2026-06-01,1.121,1.141,1.107,1.108,1.116,-0.00800000000000001,-0.7168,4288202.0,4834692.738,7.741456,1
sz.159010,"博时恒生港股通科技主题ETF",2026-06-01,0.965,0.99,0.965,0.984,0.968,0.016,1.6529,23637168.0,23230471.979,6.909481,1
sz.159012,sz.159012,2026-06-01,1.06,1.071,1.026,1.027,1.065,-0.038,-3.5681,14435595.0,15083583.531,13.01898,1
sz.159013,"大成中证工业互联网主题ETF",2026-06-01,1.102,1.112,1.075,1.077,1.094,-0.0170000000000001,-1.5539,7453646.0,8159168.61,10.560731,1
sz.159015,"国联恒生港股通科技ETF",2026-06-01,0.951,0.975,0.951,0.967,0.949,0.018,1.8967,27716613.0,26784716.7,14.873183,1
sz.159016,"广发中证证券公司30ETF",2026-06-01,0.949,0.963,0.946,0.953,0.951,0.002,0.2103,9223345.0,8799969.225,3.581323,1
sz.159017,"工银瑞信国证石油天然气ETF",2026-06-01,0.927,0.942,0.926,0.936,0.918,0.018,1.9608,5664210.0,5294521.772,3.15983,1
sz.159018,"广发国证石油天然气ETF",2026-06-01,0.908,0.932,0.908,0.926,0.908,0.018,1.9824,6997204.0,6470546.4,20.046881,1
sz.159019,"华宝国证石油天然气ETF",2026-06-01,0.927,0.951,0.925,0.944,0.929,0.0149999999999999,1.6146,15706800.0,14842316.854,24.043089,1
sz.159020,"易方达中证畜牧养殖产业ETF",2026-06-01,0.899,0.913,0.89,0.911,0.899,0.012,1.3348,5159307.0,4684546.667,4.84137,1
sz.159021,"华夏国证大盘价值ETF",2026-06-01,0.973,0.981,0.962,0.981,0.971,0.01,1.0299,2666498.0,2606646.295,1.288738,1
sz.159022,"富国中证科创创业人工智能ETF",2026-06-01,1.143,1.153,1.108,1.11,1.143,-0.0329999999999999,-2.8871,21703662.0,24431871.313,16.001996,1
sz.159026,"南方国证石油天然气ETF",2026-06-01,0.922,0.948,0.922,0.941,0.925,0.0159999999999999,1.7297,7203603.0,6791127.82,12.10416,1
sz.159027,"大成中证畜牧养殖产业ETF",2026-06-01,0.901,0.918,0.892,0.911,0.901,0.01,1.1099,6455454.0,5862248.182,4.377402,1
sz.159028,"天弘恒生港股通汽车主题ETF",2026-06-01,0.899,0.917,0.893,0.913,0.898,0.015,1.6704,4700497.0,4281970.854,2.985409,1
sz.159029,sz.159029,2026-06-01,0.94,0.951,0.932,0.934,0.941,-0.0069999999999999,-0.7439,11496178.0,10803395.945,3.492923,1
sz.159030,"华夏国证粮食产业ETF",2026-06-01,0.872,0.894,0.872,0.894,0.873,0.021,2.4055,9611355.0,8534059.992,2.666353,1
sz.159031,sz.159031,2026-06-01,0.979,0.998,0.97,0.996,0.979,0.017,1.7365,36692317.0,36427985.785,13.292939,1
sz.159032,"易方达中证工业有色金属主题ETF",2026-06-01,0.927,0.953,0.919,0.922,0.928,-0.00600000000000001,-0.6466,9660580.0,8967546.948,3.476967,1
sz.159035,"天弘中证软件服务ETF",2026-06-01,0.898,0.955,0.898,0.948,0.897,0.0509999999999999,5.6856,44029922.0,41293955.595,14.395462,1
sz.159038,sz.159038,2026-06-01,0.933,0.953,0.933,0.952,0.933,0.0189999999999999,2.0364,6334096.0,6006404.352,3.104539,1
sz.159100,"华夏布拉德斯科巴西伊博维斯帕ETF(QDII)",2026-06-01,1.117,1.124,1.116,1.121,1.127,-0.00600000000000001,-0.5324,28492000.0,31932341.0,6.24076,1
sz.159101,"华夏国证港股通科技ETF",2026-06-01,0.759,0.772,0.759,0.765,0.76,0.005,0.6579,371991428.0,284684711.964,10.286488,1
sz.159102,"华安恒生生物科技ETF",2026-06-01,0.729,0.744,0.709,0.715,0.723,-0.00800000000000001,-1.1065,54673801.0,39626574.842,7.021867,1
sz.159103,"汇添富中证金融科技主题ETF",2026-06-01,0.714,0.747,0.713,0.738,0.716,0.022,3.0726,16208900.0,11910419.8,5.272786,1
sz.159105,"易方达恒生生物科技ETF",2026-06-01,0.833,0.845,0.803,0.81,0.823,-0.0129999999999999,-1.5796,144542300.0,118634977.2,76.772725,1
sz.159106,"前海开源中证民企300ETF",2026-06-01,1.187,1.197,1.168,1.168,1.185,-0.0170000000000001,-1.4346,5360600.0,6344889.6,12.892415,1
sz.159107,"富国创业板软件ETF",2026-06-01,0.818,0.855,0.814,0.837,0.812,0.0249999999999999,3.0788,101594200.0,85171928.3,15.304411,1
sz.159108,"博时工业软件ETF",2026-06-01,1.07,1.1,1.043,1.07,1.073,-0.00299999999999989,-0.2796,5574379.0,6020886.084,4.106704,1
sz.159109,"景顺长城恒生港股通50ETF",2026-06-01,0.825,0.834,0.825,0.83,0.824,0.00600000000000001,0.7282,14403135.0,11948577.75,2.987187,1
sz.159110,"万家深证AAA科技创新公司债ETF",2026-06-01,101.929,101.929,101.886,101.921,101.885,0.0360000000000014,0.0353,19189400.0,1955687039.9,90.613948,1
sz.159111,"天弘中证AAA科技创新公司债ETF",2026-06-01,101.792,101.834,101.792,101.825,101.802,0.0229999999999961,0.0226,51885300.0,5283220251.7,47.424254,1
sz.159112,"银华中证AAA科技创新公司债ETF",2026-06-01,101.674,101.719,101.674,101.699,101.67,0.0289999999999964,0.0285,51291800.0,5216602979.7,23.908045,1
sz.159113,"大成中证AAA科技创新公司债ETF",2026-06-01,101.668,101.668,101.634,101.665,101.633,0.0320000000000107,0.0315,42716600.0,4342764751.7,48.587839,1
sz.159115,"华安中证AAA科技创新公司债ETF",2026-06-01,101.651,101.693,101.651,101.687,101.641,0.0459999999999923,0.0453,29485600.0,2998095631.1,68.565603,1
sz.159116,"工银瑞信中证AAA科技创新公司债ETF",2026-06-01,101.843,101.888,101.843,101.87,101.838,0.0320000000000107,0.0314,26666010.0,2716627173.6,24.772696,1
sz.159117,"鹏华港股通低波红利ETF",2026-06-01,1.03,1.044,1.025,1.043,1.03,0.0129999999999999,1.2621,7715700.0,8022159.3,12.364675,1
sz.159118,"华夏标普港股通低波红利ETF",2026-06-01,0.983,0.994,0.979,0.994,0.984,0.01,1.0163,7882100.0,7801137.6,9.892564,1
sz.159119,"招商中证800自由现金流ETF",2026-06-01,1.014,1.017,1.006,1.014,1.008,0.00600000000000001,0.5952,9358106.0,9469584.09,5.345833,1
sz.159120,"国联安港股通科技ETF",2026-06-01,0.792,0.813,0.792,0.805,0.793,0.012,1.5132,64527800.0,51960220.3,37.294032,1
sz.159121,"易方达恒生港股通汽车主题ETF",2026-06-01,0.868,0.886,0.865,0.878,0.866,0.012,1.3857,21686600.0,19068009.2,19.629235,1
sz.159122,"富国创业板新能源ETF",2026-06-01,1.144,1.17,1.132,1.132,1.141,-0.00900000000000012,-0.7888,15325800.0,17752571.2,19.862123,1
sz.159123,"嘉实中证光伏产业ETF",2026-06-01,1.14,1.165,1.129,1.131,1.141,-0.01,-0.8764,6195100.0,7118812.8,1.398294,1
sz.159125,"招商国证港股通科技ETF",2026-06-01,0.739,0.748,0.736,0.742,0.736,0.00600000000000001,0.8152,82018275.0,60788586.392,8.054859,1
sz.159126,"南方中证港股通50ETF",2026-06-01,0.923,0.938,0.923,0.937,0.93,0.00700000000000001,0.7527,14480508.0,13524128.32,4.982685,1
sz.159127,"南方中证港股通高股息投资ETF",2026-06-01,0.951,0.967,0.946,0.966,0.951,0.015,1.5773,16531703.0,15927308.998,8.398366,1
sz.159128,"天弘国证港股通科技ETF",2026-06-01,0.744,0.757,0.744,0.752,0.744,0.00800000000000001,1.0753,247233512.0,185706853.146,10.071593,1
sz.159129,"嘉实中证细分化工产业主题ETF",2026-06-01,1.063,1.099,1.061,1.086,1.07,0.016,1.4953,27349317.0,29749866.912,2.003016,1
sz.159130,"鹏华恒生生物科技ETF",2026-06-01,0.828,0.841,0.803,0.808,0.82,-0.0119999999999999,-1.4634,8448611.0,6933258.879,3.295225,1
sz.159131,"华宝中证港股通信息技术综合ETF",2026-06-01,1.089,1.123,1.083,1.089,1.088,0.00099999999999989,0.0919,1928768067.0,2121323779.38,155.807178,1
sz.159132,"富国恒生生物科技ETF",2026-06-01,0.855,0.87,0.829,0.835,0.847,-0.012,-1.4168,8616100.0,7302823.9,9.073059,1
sz.159133,"天弘中证细分化工产业主题ETF",2026-06-01,1.095,1.13,1.095,1.117,1.099,0.018,1.6379,27879200.0,31203221.3,1.424288,1
sz.159135,"前海开源恒生港股通科技主题ETF",2026-06-01,0.846,0.864,0.843,0.856,0.843,0.013,1.5421,21589536.0,18471023.73,2.644265,1
sz.159136,"广发中证A50ETF",2026-06-01,1.054,1.063,1.046,1.047,1.059,-0.012,-1.1331,657304.0,693528.34,0.555089,1
sz.159137,"华宝中证港股通医疗主题ETF",2026-06-01,0.817,0.831,0.805,0.811,0.815,-0.00399999999999989,-0.4908,49860500.0,40684368.5,26.859775,1
sz.159138,"易方达中证工程机械主题ETF",2026-06-01,1.03,1.044,1.019,1.022,1.035,-0.0129999999999999,-1.256,14832200.0,15356224.0,23.630222,1
sz.159139,"华泰柏瑞中证科创创业人工智能ETF",2026-06-01,1.424,1.439,1.38,1.38,1.424,-0.044,-3.0899,41237901.0,58215095.391,26.758882,1
sz.159140,"易方达中证科创创业人工智能ETF",2026-06-01,1.43,1.446,1.386,1.388,1.439,-0.0510000000000002,-3.5441,50729797.0,71725975.03,13.939176,1
sz.159141,"永赢中证科创创业人工智能ETF",2026-06-01,1.35,1.37,1.311,1.311,1.351,-0.04,-2.9608,106731801.0,142984003.313,9.836482,1
sz.159142,"景顺长城中证科创创业人工智能ETF",2026-06-01,1.374,1.39,1.332,1.332,1.376,-0.0439999999999998,-3.1977,61057819.0,83000514.064,6.391748,1
sz.159143,"平安恒生中国央企红利ETF",2026-06-01,0.997,1.01,0.989,1.008,0.997,0.011,1.1033,2515203.0,2522255.824,4.4474,1
sz.159145,"广发国证工业软件主题ETF",2026-06-01,0.928,0.955,0.928,0.938,0.934,0.00399999999999989,0.4283,3133900.0,2947864.4,3.619581,1
sz.159146,"华宝中证全指电力公用事业ETF",2026-06-01,1.211,1.215,1.161,1.215,1.197,0.018,1.5038,55596809.0,66494217.726,6.702926,1
sz.159147,"南方中证电池主题ETF",2026-06-01,1.086,1.111,1.077,1.078,1.086,-0.00800000000000001,-0.7366,32149503.0,35292106.249,1.35343,1
sz.159148,"富国国证石油天然气ETF",2026-06-01,0.98,1.009,0.978,1.002,0.986,0.016,1.6227,27229301.0,27323118.498,11.003223,1
sz.159149,"工银瑞信创业板新能源ETF",2026-06-01,1.1,1.116,1.082,1.082,1.095,-0.0129999999999999,-1.1872,12179305.0,13370009.195,19.798823,1
sz.159150,"易方达深证50ETF",2026-06-01,1.768,1.782,1.735,1.736,1.767,-0.0309999999999999,-1.7544,7744000.0,13592579.5,8.901393,1
sz.159151,"华夏中证全指食品ETF",2026-06-01,0.918,0.931,0.916,0.931,0.924,0.00700000000000001,0.7576,13247200.0,12275606.7,10.997993,1
sz.159152,"平安恒生港股通科技主题ETF",2026-06-01,0.813,0.834,0.813,0.828,0.813,0.015,1.845,127466511.0,105283812.429,13.4238,1
sz.159153,"鹏华国证消费电子主题ETF",2026-06-01,1.348,1.374,1.308,1.31,1.356,-0.046,-3.3923,19071922.0,25738174.162,23.194519,1
sz.159155,"大成中证电池主题ETF",2026-06-01,1.087,1.106,1.074,1.075,1.082,-0.00700000000000012,-0.647,13704800.0,14916848.998,2.83442,1
sz.159156,"万家国证新能源车电池ETF",2026-06-01,1.059,1.073,1.04,1.041,1.057,-0.016,-1.5137,6327200.0,6702261.7,2.546554,1
sz.159157,"天弘中证工业有色金属主题ETF",2026-06-01,0.874,0.888,0.868,0.87,0.878,-0.00800000000000001,-0.9112,203564132.0,178662017.148,2.355314,1
sz.159158,"景顺长城中证全指电力公用事业ETF",2026-06-01,1.205,1.205,1.152,1.199,1.19,0.00900000000000012,0.7563,73755436.0,87463861.035,6.857556,1
sz.159159,"国投瑞银中证全指公用事业ETF",2026-06-01,1.156,1.171,1.124,1.164,1.153,0.0109999999999999,0.954,16272460.0,18862328.292,12.583234,1
sz.159160,"电池ETF东财",2026-06-01,1.072,1.098,1.065,1.068,1.071,-0.00299999999999989,-0.2801,20673008.0,22387653.448,14.577011,1
sz.159162,"鹏华中证工业有色金属主题ETF",2026-06-01,0.866,0.877,0.858,0.86,0.865,-0.005,-0.578,9914106.0,8591207.31,2.048624,1
sz.159163,"泰康中证有色金属矿业主题ETF",2026-06-01,0.781,0.791,0.775,0.776,0.781,-0.005,-0.6402,10215800.0,7969369.4,4.350722,1
sz.159165,"永赢中证畜牧养殖产业ETF",2026-06-01,0.858,0.874,0.854,0.874,0.863,0.011,1.2746,12334500.0,10711968.7,10.581082,1
sz.159166,"长城国证自由现金流ETF",2026-06-01,0.881,0.89,0.881,0.888,0.883,0.005,0.5663,1212325.0,1072367.24,0.169363,1
sz.159167,"工银瑞信中证港股通医疗主题ETF",2026-06-01,0.801,0.82,0.796,0.802,0.802,0.0,0.0,17949130.0,14432727.017,7.163915,1
sz.159168,"富国中证工业有色金属主题ETF",2026-06-01,0.915,0.924,0.904,0.908,0.917,-0.00900000000000001,-0.9815,20638444.0,18847247.914,7.51979,1
sz.159169,"广发恒生生物科技ETF",2026-06-01,0.884,0.892,0.849,0.855,0.869,-0.014,-1.611,17093201.0,14907997.952,8.509394,1
sz.159170,"永赢国证港股通互联网ETF",2026-06-01,0.881,0.914,0.881,0.911,0.881,0.03,3.4052,106074933.0,96418267.496,25.520968,1
sz.159171,"博时中证工业有色金属主题ETF",2026-06-01,0.842,0.85,0.833,0.835,0.842,-0.00700000000000001,-0.8314,6855515.0,5758653.354,2.826633,1
sz.159172,"汇添富中证畜牧养殖产业ETF",2026-06-01,0.825,0.839,0.818,0.838,0.827,0.011,1.3301,11443822.0,9535222.9,2.826827,1
sz.159173,"南方中证全指农牧渔ETF",2026-06-01,0.868,0.89,0.868,0.889,0.876,0.013,1.484,8106200.0,7179119.4,13.634088,1
sz.159175,"易方达中证电池主题ETF",2026-06-01,1.144,1.174,1.138,1.14,1.145,-0.00500000000000012,-0.4367,37098044.0,42872793.037,16.251799,1
sz.159176,"华宝中证全指家用电器ETF",2026-06-01,1.04,1.04,1.019,1.027,1.021,0.00600000000000001,0.5877,8524730.0,8757114.825,36.581579,1
sz.159177,"鹏华中证工程机械主题ETF",2026-06-01,1.07,1.085,1.059,1.061,1.074,-0.0130000000000001,-1.2104,9938623.0,10649078.421,23.879854,1
sz.159178,"汇添富国证消费电子主题ETF",2026-06-01,1.175,1.206,1.149,1.151,1.186,-0.0349999999999999,-2.9511,18878945.0,22234071.157,24.381009,1
sz.159179,"工银瑞信中证港股通互联网ETF",2026-06-01,0.867,0.907,0.867,0.906,0.876,0.03,3.4247,23226201.0,20879323.98,24.473475,1
sz.159180,"银华国证工业软件主题ETF",2026-06-01,1.149,1.175,1.142,1.151,1.149,0.002,0.1741,7118409.0,8265792.824,18.179647,1
sz.159181,"易方达国证石油天然气ETF",2026-06-01,0.878,0.901,0.876,0.894,0.878,0.016,1.8223,15234908.0,13628871.84,9.100611,1
sz.159182,"南方中证全指家用电器ETF",2026-06-01,0.961,0.968,0.957,0.962,0.961,0.001,0.1041,1287201.0,1238602.358,3.962366,1
sz.159183,"招商中证新能源汽车ETF",2026-06-01,1.042,1.062,1.035,1.038,1.042,-0.004,-0.3839,7763853.0,8140354.094,14.017264,1
sz.159185,"鹏华中证港股通信息技术综合ETF",2026-06-01,1.243,1.275,1.234,1.241,1.235,0.00600000000000001,0.4858,258580700.0,323984904.2,175.786809,1
sz.159186,"鹏华恒生港股通汽车主题ETF",2026-06-01,0.865,0.89,0.865,0.879,0.865,0.014,1.6185,7741642.0,6799614.164,6.920259,1
sz.159187,"景顺长城创业板新能源ETF",2026-06-01,1.098,1.114,1.079,1.081,1.09,-0.00900000000000012,-0.8257,9174031.0,10123759.902,14.996062,1
sz.159188,"景顺长城标普中国A股红利100ETF",2026-06-01,0.97,0.992,0.966,0.991,0.971,0.02,2.0597,1673019.0,1642590.475,2.304374,1
sz.159189,"华夏国证石油天然气ETF",2026-06-01,0.882,0.903,0.882,0.896,0.882,0.014,1.5873,22373926.0,20042572.735,15.858676,1
sz.159190,"天弘创业板新能源ETF",2026-06-01,1.085,1.107,1.073,1.073,1.084,-0.0110000000000001,-1.0148,18671915.0,20355592.228,26.647783,1
sz.159191,"易方达国证港股通科技ETF",2026-06-01,0.944,0.957,0.942,0.951,0.943,0.00800000000000001,0.8484,20422000.0,19372110.1,24.573776,1
sz.159192,"汇添富中证家电龙头ETF",2026-06-01,0.99,1.005,0.99,0.998,0.99,0.00800000000000001,0.8081,5686415.0,5681939.867,18.350931,1
sz.159193,"银华国证新能源电池ETF",2026-06-01,1.018,1.035,1.006,1.008,1.016,-0.00800000000000001,-0.7874,29737508.0,30355024.288,12.13378,1
sz.159195,"华安国证石油天然气ETF",2026-06-01,0.904,0.927,0.904,0.918,0.904,0.014,1.5487,19230204.0,17712475.06,18.762975,1
sz.159196,"易方达中证港股通信息技术综合ETF",2026-06-01,1.389,1.433,1.386,1.393,1.389,0.004,0.288,449189800.0,632331425.8,235.757642,1
sz.159197,"招商国证石油天然气ETF",2026-06-01,0.904,0.926,0.904,0.918,0.904,0.014,1.5487,15317800.0,14075501.1,32.324019,1
sz.159198,"富国中证港股通信息技术综合ETF",2026-06-01,1.395,1.443,1.389,1.395,1.395,0.0,0.0,175560103.0,247959549.839,272.844642,1
sz.159199,"平安国证石油天然气ETF",2026-06-01,0.896,0.917,0.896,0.908,0.896,0.012,1.3393,1338466.0,1218693.116,1.323184,1
sz.159200,"富国中证AAA科技创新公司债ETF",2026-06-01,101.615,101.645,101.601,101.645,101.608,0.0369999999999919,0.0364,31460546.0,3196973357.214,20.519179,1
sz.159201,"华夏国证自由现金流ETF",2026-06-01,1.221,1.232,1.216,1.229,1.222,0.00700000000000012,0.5728,318530589.0,390539653.692,2.235573,1
sz.159202,"万家恒生互联网科技业ETF(QDII)",2026-06-01,0.849,0.87,0.849,0.867,0.85,0.017,2.0,143378100.0,123793747.1,11.294933,1
sz.159203,"博时国证大盘成长ETF",2026-06-01,1.488,1.491,1.443,1.446,1.474,-0.028,-1.8996,1209200.0,1759515.4,25.234181,1
sz.159205,"创业板ETF东财",2026-06-01,1.983,1.999,1.932,1.942,1.982,-0.04,-2.0182,38793500.0,76218321.6,12.39187,1
sz.159206,"永赢国证商用卫星ETF",2026-06-01,1.627,1.648,1.592,1.592,1.64,-0.0479999999999998,-2.9268,689609962.0,1117605828.145,6.254425,1
sz.159207,"广发中证智选高股息策略ETF",2026-06-01,1.185,1.223,1.176,1.206,1.189,0.0169999999999999,1.4298,157327918.0,188165712.246,10.408842,1
sz.159208,"万家国证航天航空行业ETF",2026-06-01,1.183,1.197,1.178,1.18,1.19,-0.01,-0.8403,14205000.0,16843802.1,4.432652,1
sz.159209,"招商中证全指红利质量ETF",2026-06-01,1.14,1.153,1.138,1.149,1.142,0.00700000000000012,0.613,65889300.0,75540116.2,3.318299,1
sz.159210,"汇添富中证港股通汽车产业主题ETF",2026-06-01,0.972,0.992,0.97,0.98,0.972,0.00800000000000001,0.823,35257900.0,34663064.8,87.815875,1
sz.159211,"富国深证100ETF",2026-06-01,1.603,1.68,1.577,1.577,1.606,-0.0290000000000001,-1.8057,225700.0,361695.8,1.146658,1
sz.159212,"南方深证100ETF",2026-06-01,1.64,1.643,1.601,1.601,1.637,-0.036,-2.1991,19227801.0,31369729.104,24.905069,1
sz.159213,"汇添富中证机器人ETF",2026-06-01,1.344,1.364,1.326,1.327,1.345,-0.018,-1.3383,31057067.0,41784248.711,7.269273,1
sz.159215,"平安中证A500ETF",2026-06-01,1.373,1.388,1.357,1.359,1.374,-0.0150000000000001,-1.0917,7758000.0,10612006.3,0.822185,1
sz.159216,"大成深证100ETF",2026-06-01,1.643,1.661,1.621,1.621,1.649,-0.028,-1.698,5672300.0,9383365.9,51.341163,1
sz.159217,"工银国证港股通创新药ETF",2026-06-01,1.145,1.165,1.092,1.103,1.129,-0.026,-2.3029,899913100.0,1010896195.0,19.183178,1
sz.159218,"招商中证卫星产业ETF",2026-06-01,1.647,1.669,1.624,1.624,1.649,-0.0249999999999999,-1.5161,99505800.0,163808808.9,4.157132,1
sz.159219,"融通深证100ETF",2026-06-01,1.528,1.534,1.501,1.501,1.528,-0.0270000000000001,-1.767,2064500.0,3108112.9,16.665297,1
sz.159220,"华宝标普港股通低波红利ETF",2026-06-01,0.602,0.605,0.595,0.605,0.598,0.00700000000000001,1.1706,35307400.0,21237402.0,7.039383,1
sz.159221,"嘉实国证自由现金流ETF",2026-06-01,1.216,1.224,1.211,1.219,1.216,0.00300000000000011,0.2467,80438500.0,98126508.2,4.805129,1
sz.159222,"易方达国证自由现金流ETF",2026-06-01,1.302,1.314,1.298,1.312,1.302,0.01,0.768,45969100.0,60152739.3,2.970788,1
sz.159223,"永赢国证自由现金流ETF",2026-06-01,1.189,1.196,1.183,1.192,1.186,0.00600000000000001,0.5059,4737500.0,5640685.1,2.025917,1
sz.159225,"银华国证自由现金流ETF",2026-06-01,1.277,1.295,1.275,1.287,1.281,0.00600000000000001,0.4684,4250600.0,5468905.4,1.032338,1
sz.159226,"国泰中证A500增强策略ETF",2026-06-01,1.343,1.344,1.319,1.322,1.337,-0.0149999999999999,-1.1219,8299600.0,11062557.9,14.536515,1
sz.159227,"华夏国证航天航空行业ETF",2026-06-01,1.148,1.158,1.138,1.14,1.15,-0.01,-0.8696,201961505.0,231609275.471,4.610034,1
sz.159228,"长城中证红利低波100ETF",2026-06-01,1.037,1.05,1.03,1.05,1.037,0.0130000000000001,1.2536,1159000.0,1207978.6,0.876618,1
sz.159229,"广发中证800自由现金流ETF",2026-06-01,1.221,1.232,1.217,1.23,1.222,0.00800000000000001,0.6547,10232100.0,12550264.8,7.127601,1
sz.159230,"华夏国证通用航空产业ETF",2026-06-01,1.091,1.11,1.09,1.091,1.096,-0.00500000000000012,-0.4562,26041600.0,28593607.9,7.720508,1
sz.159231,"华宝国证通用航空产业ETF",2026-06-01,0.572,0.579,0.569,0.571,0.573,-0.002,-0.349,20131900.0,11556775.6,6.19268,1
sz.159232,"南方中证全指自由现金流ETF",2026-06-01,1.232,1.244,1.227,1.243,1.233,0.01,0.811,190846905.0,236327086.51,6.24714,1
sz.159233,"平安中证全指自由现金流ETF",2026-06-01,1.218,1.231,1.217,1.229,1.221,0.00800000000000001,0.6552,34493000.0,42360575.4,7.407918,1
sz.159235,"大成中证全指自由现金流ETF",2026-06-01,1.261,1.271,1.256,1.27,1.261,0.00900000000000012,0.7137,53837100.0,68252222.2,2.043363,1
sz.159236,"工银瑞信中证全指自由现金流ETF",2026-06-01,1.231,1.24,1.231,1.236,1.229,0.0069999999999999,0.5696,8854603.0,10940967.899,15.07881,1
sz.159237,"工银瑞信中证港股通汽车产业ETF",2026-06-01,1.011,1.03,1.009,1.016,1.011,0.00500000000000012,0.4946,11788500.0,12027033.9,26.590066,1
sz.159238,"景顺长城沪深300增强策略ETF",2026-06-01,1.363,1.365,1.344,1.351,1.363,-0.012,-0.8804,1942300.0,2624586.3,5.709929,1
sz.159239,"富国恒生港股通汽车主题ETF",2026-06-01,0.912,0.93,0.907,0.923,0.911,0.012,1.3172,13042300.0,12036551.0,13.760494,1
sz.159240,"天弘中证A500增强策略ETF",2026-06-01,1.365,1.373,1.347,1.355,1.359,-0.004,-0.2943,241700.0,328386.3,1.65324,1
sz.159241,"天弘国证航天航空行业ETF",2026-06-01,1.171,1.185,1.166,1.169,1.178,-0.0089999999999999,-0.764,70446200.0,82745170.8,6.73434,1
sz.159242,"大成创业板人工智能ETF",2026-06-01,2.362,2.41,2.33,2.333,2.376,-0.0429999999999997,-1.8098,37681500.0,89018510.2,10.726956,1
sz.159243,"招商创业板人工智能ETF",2026-06-01,1.42,1.448,1.401,1.401,1.436,-0.0349999999999999,-2.4373,28900728.0,41099436.873,20.492578,1
sz.159245,"富国国证港股通消费主题ETF",2026-06-01,0.817,0.84,0.813,0.84,0.819,0.021,2.5641,5536300.0,4599738.0,5.820742,1
sz.159246,"富国创业板人工智能ETF",2026-06-01,1.317,1.347,1.3,1.305,1.326,-0.0210000000000001,-1.5837,90129400.0,119330095.0,3.256525,1
sz.159247,"汇添富创业板ETF",2026-06-01,1.208,1.226,1.105,1.189,1.215,-0.026,-2.1399,23360113.0,28153913.744,12.167678,1
sz.159248,"万家中证人工智能主题ETF",2026-06-01,1.94,1.96,1.886,1.891,1.94,-0.0489999999999999,-2.5258,19807300.0,38127266.4,15.708155,1
sz.159249,"工银瑞信中证A500增强策略ETF",2026-06-01,1.392,1.402,1.381,1.384,1.392,-0.00800000000000001,-0.5747,7219500.0,10033685.6,7.746916,1
sz.159251,"万家国证港股通科技ETF",2026-06-01,0.788,0.802,0.788,0.796,0.788,0.00800000000000001,1.0152,24536000.0,19512072.1,8.896697,1
sz.159253,"博时中证银行ETF",2026-06-01,0.929,0.934,0.915,0.933,0.926,0.00700000000000001,0.7559,8695946.0,8045826.78,1.271514,1
sz.159255,"易方达国证通用航空产业ETF",2026-06-01,0.977,1.003,0.977,0.981,0.985,-0.004,-0.4061,8326500.0,8198209.0,13.799563,1
sz.159256,"华夏创业板软件ETF",2026-06-01,0.902,0.945,0.9,0.927,0.897,0.03,3.3445,91508300.0,84811427.8,19.92847,1
sz.159257,"汇添富国证通用航空产业ETF",2026-06-01,0.988,1.001,0.978,0.993,1.001,-0.0079999999999999,-0.7992,8247700.0,8178281.2,5.411275,1
sz.159258,"南方中证机器人ETF",2026-06-01,1.251,1.273,1.236,1.237,1.254,-0.0169999999999999,-1.3557,23536300.0,29498950.5,1.893103,1
sz.159259,"易方达国证成长100ETF",2026-06-01,1.431,1.456,1.399,1.4,1.454,-0.054,-3.7139,251548005.0,356394967.284,13.227559,1
sz.159260,"博时证券公司ETF",2026-06-01,0.818,0.822,0.809,0.818,0.814,0.004,0.4914,18485800.0,15076030.9,1.779682,1
sz.159261,"鹏华创业板新能源ETF",2026-06-01,1.799,1.821,1.764,1.765,1.781,-0.016,-0.8984,7579200.0,13576613.0,12.261121,1
sz.159262,"广发恒生港股通科技主题ETF",2026-06-01,0.919,0.94,0.918,0.933,0.917,0.016,1.7448,820046203.0,762972573.082,8.532176,1
sz.159263,"易方达国证价值100ETF",2026-06-01,1.152,1.162,1.145,1.16,1.152,0.00800000000000001,0.6944,263286938.0,304348371.29,5.961972,1
sz.159265,"鹏华国证港股通消费主题ETF",2026-06-01,0.835,0.862,0.833,0.86,0.842,0.018,2.1378,44842100.0,38140104.2,17.184114,1
sz.159266,"永赢中证港股通央企红利ETF",2026-06-01,0.968,0.987,0.968,0.985,0.975,0.01,1.0256,16482900.0,16165660.5,3.87186,1
sz.159267,"华安国证航天航空行业ETF",2026-06-01,0.98,0.987,0.971,0.973,0.982,-0.00900000000000001,-0.9165,131274100.0,128356936.8,5.565985,1
sz.159268,"汇添富国证港股通消费主题ETF",2026-06-01,0.811,0.832,0.807,0.832,0.816,0.016,1.9608,44691700.0,36797179.3,8.593648,1
sz.159269,"南方中证港股通科技ETF",2026-06-01,0.893,0.913,0.893,0.902,0.894,0.00800000000000001,0.8949,194923500.0,175998516.5,9.027113,1
sz.159270,"南方创业板中盘200ETF",2026-06-01,1.215,1.245,1.209,1.22,1.224,-0.004,-0.3268,8649100.0,10656532.2,8.255822,1
sz.159271,"鹏华恒生ETF",2026-06-01,0.951,0.963,0.951,0.963,0.954,0.00900000000000001,0.9434,12303000.0,11787139.3,18.257304,1
sz.159272,"富国国证机器人产业ETF",2026-06-01,0.918,0.934,0.908,0.909,0.924,-0.015,-1.6234,136440185.0,125446569.337,6.54024,1
sz.159273,"汇添富中证沪港深云计算产业ETF",2026-06-01,1.467,1.499,1.456,1.467,1.467,0.0,0.0,23302428.0,34446650.42,2.891918,1
sz.159275,"华宝中证全指农牧渔ETF",2026-06-01,0.845,0.86,0.838,0.859,0.845,0.014,1.6568,9189700.0,7850379.4,3.671432,1
sz.159276,"汇添富国证自由现金流ETF",2026-06-01,1.144,1.15,1.14,1.149,1.141,0.00800000000000001,0.7011,2792400.0,3198503.9,0.646843,1
sz.159277,"富国中证港股通高股息投资ETF",2026-06-01,0.983,0.997,0.981,0.996,0.982,0.014,1.4257,8315000.0,8258557.6,12.128592,1
sz.159278,"鹏华国证机器人产业ETF",2026-06-01,1.08,1.1,1.07,1.07,1.09,-0.02,-1.8349,88642604.0,96085991.428,7.671059,1
sz.159279,"华安创业板人工智能ETF",2026-06-01,1.592,1.623,1.57,1.575,1.601,-0.026,-1.624,33577318.0,53579366.455,25.172756,1
sz.159280,"汇添富国证港股通互联网ETF",2026-06-01,0.729,0.753,0.728,0.752,0.728,0.024,3.2967,18347000.0,13710882.7,16.571052,1
sz.159281,"天弘中证港股通央企红利ETF",2026-06-01,0.954,0.97,0.953,0.969,0.956,0.013,1.3598,46782200.0,45140802.4,11.988272,1
sz.159283,"南方中证通用航空主题ETF",2026-06-01,1.003,1.013,0.996,0.997,1.002,-0.005,-0.499,12722300.0,12747329.4,4.248726,1
sz.159285,"华安国证港股通消费主题ETF",2026-06-01,0.804,0.827,0.802,0.827,0.808,0.0189999999999999,2.3515,23630501.0,19358644.205,8.219686,1
sz.159286,"鹏华国证港股通创新药ETF",2026-06-01,0.733,0.737,0.699,0.702,0.717,-0.015,-2.0921,85847611.0,61612636.72,11.358728,1
sz.159287,"博时创业板综合ETF",2026-06-01,1.271,1.287,1.254,1.254,1.279,-0.0249999999999999,-1.9547,3586201.0,4554680.18,3.397029,1
sz.159288,"银华创业板综ETF",2026-06-01,1.134,1.153,1.126,1.13,1.14,-0.01,-0.8772,2739305.0,3121451.095,2.441994,1
sz.159289,"鹏华创业板综合ETF",2026-06-01,1.232,1.256,1.22,1.224,1.238,-0.014,-1.1309,810215.0,1002397.613,2.389829,1
sz.159290,"创业板综指增强ETF东财",2026-06-01,1.354,1.368,1.329,1.332,1.355,-0.0229999999999999,-1.6974,4389915.0,5925311.577,9.126567,1
sz.159291,"招商创业板综合增强策略ETF",2026-06-01,1.32,1.41,1.302,1.304,1.328,-0.024,-1.8072,1651901.0,2182630.715,7.698519,1
sz.159292,"华宝创业板综合增强策略ETF",2026-06-01,1.317,1.328,1.298,1.303,1.308,-0.00500000000000012,-0.3823,1470855.0,1936940.556,4.302063,1
sz.159293,"建信创业板综合增强策略ETF",2026-06-01,1.155,1.188,1.154,1.155,1.166,-0.0109999999999999,-0.9434,5726400.0,6674851.9,19.638266,1
sz.159295,"西部利得创业板综合ETF",2026-06-01,1.244,1.258,1.222,1.23,1.244,-0.014,-1.1254,4755214.0,5882152.336,6.51772,1
sz.159296,"华宝中证A500红利低波动ETF",2026-06-01,0.976,0.989,0.975,0.989,0.983,0.00600000000000001,0.6104,6253100.0,6153582.2,13.581018,1
sz.159297,"南方国证港股通创新药ETF",2026-06-01,0.71,0.719,0.678,0.684,0.698,-0.0139999999999999,-2.0057,293000609.0,203993210.281,10.015681,1
sz.159298,"大成创业板50ETF",2026-06-01,1.452,1.468,1.416,1.418,1.458,-0.04,-2.7435,6484500.0,9329728.6,4.589786,1
sz.159299,"易方达中证金融科技主题ETF",2026-06-01,0.754,0.782,0.747,0.77,0.749,0.021,2.8037,31994603.0,24696261.64,12.378316,1
sz.159300,"富国沪深300ETF",2026-06-01,5.245,5.261,5.176,5.187,5.256,-0.069,-1.3128,8384400.0,43724850.5,5.382963,1
sz.159301,"华夏中证全指公用事业ETF",2026-06-01,1.112,1.122,1.081,1.122,1.109,0.0130000000000001,1.1722,37290200.0,41360911.9,31.883314,1
sz.159302,"银华中证港股高股息ETF",2026-06-01,1.309,1.329,1.304,1.327,1.31,0.0169999999999999,1.2977,5354600.0,7063997.3,8.459403,1
sz.159303,"大成恒生医疗保健ETF(QDII)",2026-06-01,1.446,1.466,1.404,1.412,1.43,-0.018,-1.2587,20902300.0,29924937.3,31.201331,1
sz.159305,"广发国证新能源电池ETF",2026-06-01,1.043,1.06,1.03,1.03,1.043,-0.0129999999999999,-1.2464,96928527.0,101526957.496,8.409261,1
sz.159306,"平安中证汽车零部件主题ETF",2026-06-01,1.362,1.37,1.342,1.342,1.356,-0.014,-1.0324,466500.0,632463.4,2.097137,1
sz.159307,"博时中证红利低波100ETF",2026-06-01,1.055,1.071,1.049,1.07,1.055,0.0150000000000001,1.4218,97246500.0,103216464.9,1.641872,1
sz.159309,"汇添富中证油气资源ETF",2026-06-01,1.384,1.425,1.37,1.408,1.386,0.022,1.5873,49898800.0,70381773.8,7.953626,1
sz.159310,"天弘中证芯片产业ETF",2026-06-01,3.008,3.015,2.838,2.84,3.009,-0.169,-5.6165,7870800.0,22971174.8,1.76088,1
sz.159311,"易方达中证数字经济主题ETF",2026-06-01,1.545,1.574,1.513,1.514,1.561,-0.0469999999999999,-3.0109,1105120.0,1693472.48,2.806013,1
sz.159312,"广发恒指港股通ETF",2026-06-01,1.17,1.181,1.164,1.18,1.17,0.01,0.8547,3244600.0,3814197.0,7.684191,1
sz.159315,"工银瑞信中证沪深港黄金产业股票ETF",2026-06-01,1.545,1.567,1.539,1.552,1.548,0.004,0.2584,5747600.0,8940114.5,2.872513,1
sz.159316,"易方达恒生港股通创新药ETF",2026-06-01,1.127,1.134,1.071,1.08,1.101,-0.0209999999999999,-1.9074,877397294.0,966294790.662,21.883855,1
sz.159318,"银华恒指港股通ETF",2026-06-01,1.289,1.315,1.288,1.305,1.297,0.00800000000000001,0.6168,3294602.0,4291662.502,15.991935,1
sz.159320,"广发恒生A股电网设备ETF",2026-06-01,2.228,2.294,2.211,2.237,2.224,0.0129999999999999,0.5845,53013100.0,119337321.0,10.339073,1
sz.159321,"华安中证沪深港黄金产业股票ETF",2026-06-01,1.453,1.471,1.445,1.455,1.452,0.00300000000000011,0.2066,13215500.0,19274569.0,3.255848,1
sz.159322,"平安中证沪深港黄金产业ETF",2026-06-01,1.522,1.548,1.512,1.531,1.521,0.01,0.6575,3500300.0,5365190.2,2.704779,1
sz.159323,"华夏中证港股通汽车产业主题ETF",2026-06-01,1.217,1.245,1.212,1.229,1.22,0.00900000000000012,0.7377,163229983.0,201345713.96,161.458176,1
sz.159325,"南方中证半导体行业精选ETF",2026-06-01,2.153,2.186,2.055,2.061,2.175,-0.114,-5.2414,87516452.0,184714693.048,23.751921,1
sz.159326,"华夏中证电网设备主题ETF",2026-06-01,2.059,2.117,2.036,2.062,2.06,0.00199999999999978,0.0971,653586287.0,1357626985.013,4.561517,1
sz.159327,"万家中证半导体材料设备主题ETF",2026-06-01,2.845,2.884,2.729,2.733,2.88,-0.147,-5.1042,67500774.0,189273465.981,14.753471,1
sz.159328,"易方达中证家电龙头ETF",2026-06-01,1.071,1.081,1.064,1.072,1.063,0.00900000000000012,0.8467,4394400.0,4708468.0,3.706581,1
sz.159329,"南方基金南方东英沙特阿拉伯ETF(QDII)",2026-06-01,0.918,0.92,0.918,0.918,0.917,0.001,0.1091,17227900.0,15823268.3,1.288849,1
sz.159330,"沪深300ETF基金",2026-06-01,1.514,1.52,1.496,1.499,1.514,-0.0149999999999999,-0.9908,12801100.0,19286290.0,4.227562,1
sz.159331,"国泰中证港股通高股息投资ETF",2026-06-01,1.303,1.314,1.303,1.311,1.294,0.0169999999999999,1.3138,3769300.0,4939413.5,2.316801,1
sz.159332,"富国中证中央企业红利ETF",2026-06-01,1.199,1.219,1.192,1.219,1.198,0.0210000000000001,1.7529,1749900.0,2113776.7,2.25731,1
sz.159333,"万家中证港股通央企红利ETF",2026-06-01,1.371,1.39,1.363,1.39,1.37,0.0199999999999998,1.4599,6017006.0,8312440.916,2.323591,1
sz.159335,"融通中证诚通央企科技创新ETF",2026-06-01,1.599,1.625,1.582,1.584,1.621,-0.0369999999999999,-2.2825,4325401.0,6911884.602,7.19896,1
sz.159336,"融通中证诚通央企红利ETF",2026-06-01,1.207,1.222,1.2,1.22,1.207,0.0129999999999999,1.0771,4301600.0,5215140.1,1.12931,1
sz.159337,"中证500ETF基金",2026-06-01,1.877,1.906,1.868,1.87,1.887,-0.0169999999999999,-0.9009,10224700.0,19281477.7,4.09462,1
sz.159338,"国泰中证A500ETF",2026-06-01,1.3,1.304,1.278,1.279,1.295,-0.016,-1.2355,3701115529.0,4774995393.998,19.896239,1
sz.159339,"银华中证A500ETF",2026-06-01,1.303,1.311,1.287,1.289,1.304,-0.0150000000000001,-1.1503,48658678.0,63192742.656,2.797944,1
sz.159350,"富国深证50ETF",2026-06-01,1.731,1.742,1.697,1.7,1.734,-0.034,-1.9608,25955900.0,44739863.8,27.034681,1
sz.159351,"嘉实中证A500ETF",2026-06-01,1.296,1.306,1.28,1.282,1.297,-0.0149999999999999,-1.1565,410678500.0,530397466.7,7.057395,1
sz.159352,"南方中证A500ETF",2026-06-01,1.345,1.355,1.328,1.329,1.346,-0.0170000000000001,-1.263,2742621036.0,3683248133.772,12.387572,1
sz.159353,"景顺长城中证A500ETF",2026-06-01,1.302,1.318,1.292,1.293,1.311,-0.018,-1.373,139598808.0,182077205.664,4.818468,1
sz.159355,"华宝中证800红利低波动ETF",2026-06-01,1.054,1.067,1.044,1.066,1.054,0.012,1.1385,2345400.0,2469490.0,2.27192,1
sz.159356,"万家中证A500ETF",2026-06-01,1.365,1.37,1.344,1.345,1.365,-0.02,-1.4652,48660313.0,65927865.257,6.881473,1
sz.159357,"博时中证A500ETF",2026-06-01,1.354,1.369,1.342,1.344,1.362,-0.018,-1.3216,14943300.0,20250447.7,1.26228,1
sz.159358,"大成中证A500ETF",2026-06-01,1.386,1.395,1.367,1.369,1.385,-0.016,-1.1552,52741690.0,72908558.97,7.754917,1
sz.159359,"华安中证A500ETF",2026-06-01,1.352,1.365,1.339,1.34,1.355,-0.0149999999999999,-1.107,15336134.0,20773057.177,2.215755,1
sz.159360,"天弘中证A500ETF",2026-06-01,1.384,1.393,1.366,1.368,1.384,-0.0159999999999998,-1.1561,45430707.0,62670766.189,3.705047,1
sz.159361,"易方达中证A500ETF",2026-06-01,1.318,1.327,1.302,1.304,1.323,-0.0189999999999999,-1.4361,1290878813.0,1696126911.446,6.404411,1
sz.159362,"工银中证A500ETF",2026-06-01,1.366,1.383,1.358,1.359,1.379,-0.02,-1.4503,44137300.0,60482746.9,3.066836,1
sz.159363,"华宝创业板人工智能ETF",2026-06-01,1.401,1.429,1.38,1.382,1.407,-0.0250000000000001,-1.7768,830590948.0,1165277260.454,15.748278,1
sz.159365,"富国恒指港股通ETF",2026-06-01,0.993,1.0,0.993,1.0,0.987,0.013,1.3171,2146400.0,2138126.3,3.0162,1
sz.159366,"永赢中证港股通医疗主题ETF",2026-06-01,1.218,1.239,1.2,1.208,1.215,-0.00700000000000012,-0.5761,61034900.0,74487368.8,24.980204,1
sz.159367,"华夏创业板50ETF",2026-06-01,2.076,2.092,2.016,2.02,2.078,-0.0579999999999998,-2.7911,10317300.0,21257205.6,11.453609,1
sz.159368,"华夏创业板新能源ETF",2026-06-01,1.712,1.743,1.687,1.688,1.701,-0.0130000000000001,-0.7643,186501300.0,320363264.5,28.460887,1
sz.159369,"易方达创业板50ETF",2026-06-01,1.671,1.695,1.636,1.641,1.683,-0.042,-2.4955,13404400.0,22391160.9,5.410378,1
sz.159370,"工银瑞信创业板50ETF",2026-06-01,2.198,2.207,2.122,2.127,2.178,-0.0510000000000002,-2.3416,2076100.0,4497698.2,1.971305,1
sz.159371,"富国创业板50ETF",2026-06-01,2.06,2.08,2.005,2.01,2.06,-0.0500000000000003,-2.4272,7838600.0,15948061.2,4.659699,1
sz.159372,"万家创业板50ETF",2026-06-01,2.175,2.219,2.138,2.14,2.197,-0.0569999999999999,-2.5944,2522100.0,5483256.2,4.104206,1
sz.159373,"嘉实创业板50ETF",2026-06-01,2.104,2.14,2.05,2.054,2.108,-0.0540000000000003,-2.5617,27699300.0,57960617.797,19.567526,1
sz.159375,"国泰创业板50ETF",2026-06-01,2.19,2.217,2.139,2.139,2.196,-0.0570000000000004,-2.5956,10233600.0,22281798.7,9.779991,1
sz.159376,"浦银安盛中证A500ETF",2026-06-01,1.409,1.416,1.392,1.393,1.406,-0.0129999999999999,-0.9246,4400200.0,6168706.9,6.575086,1
sz.159377,"国泰创业板医药卫生ETF",2026-06-01,0.963,0.963,0.949,0.957,0.963,-0.00600000000000001,-0.6231,16319900.0,15585469.6,19.631923,1
sz.159378,"永赢国证通用航空产业ETF",2026-06-01,1.166,1.186,1.166,1.168,1.17,-0.002,-0.1709,31833900.0,37372016.0,5.903135,1
sz.159379,"融通中证A500ETF",2026-06-01,1.424,1.428,1.406,1.407,1.424,-0.0169999999999999,-1.1938,1552700.0,2192874.1,2.161888,1
sz.159380,"A500ETF东财",2026-06-01,1.433,1.44,1.415,1.418,1.44,-0.022,-1.5278,8383102.0,12005753.96,6.716996,1
sz.159381,"华夏创业板人工智能ETF",2026-06-01,2.652,2.705,2.611,2.625,2.667,-0.0419999999999998,-1.5748,187335945.0,497530964.51,21.250104,1
sz.159382,"南方创业板人工智能ETF",2026-06-01,2.997,3.058,2.956,2.959,3.013,-0.0539999999999998,-1.7922,47926700.0,143781425.3,5.953215,1
sz.159383,"华泰柏瑞创业板50ETF",2026-06-01,2.042,2.063,1.991,1.992,2.042,-0.0499999999999998,-2.4486,1663000.0,3369388.0,5.181898,1
sz.159385,"富国中证诚通国企数字经济ETF",2026-06-01,1.89,1.89,1.794,1.794,1.883,-0.089,-4.7265,6380000.0,11676010.0,16.357915,1
sz.159386,"永赢中证A500ETF",2026-06-01,1.369,1.378,1.35,1.351,1.365,-0.014,-1.0256,20706000.0,28217264.0,35.78047,1
sz.159387,"国泰创业板新能源ETF",2026-06-01,0.942,0.962,0.931,0.934,0.938,-0.00399999999999989,-0.4264,402846500.0,382233967.1,26.172636,1
sz.159388,"国泰创业板人工智能ETF",2026-06-01,1.155,1.172,1.131,1.137,1.154,-0.0169999999999999,-1.4731,107682150.0,123926516.1,12.035062,1
sz.159389,"嘉实中证诚通国企数字经济ETF",2026-06-01,1.88,1.896,1.793,1.794,1.886,-0.0919999999999999,-4.878,40092500.0,73002538.3,46.56863,1
sz.159390,"国联中证A50ETF",2026-06-01,1.272,1.284,1.263,1.264,1.278,-0.014,-1.0955,9685800.0,12296392.9,7.030476,1
sz.159391,"博时国证大盘价值ETF",2026-06-01,1.066,1.076,1.066,1.076,1.069,0.00700000000000012,0.6548,3018101.0,3236585.47,3.015797,1
sz.159392,"富国国证通用航空产业ETF",2026-06-01,1.072,1.085,1.067,1.072,1.073,-0.00099999999999989,-0.0932,6124700.0,6587346.6,3.112374,1
sz.159393,"万家沪深300ETF",2026-06-01,5.169,5.19,5.11,5.115,5.17,-0.0549999999999997,-1.0638,2506100.0,12902637.5,6.090699,1
sz.159395,"大成深证基准做市信用债ETF",2026-06-01,102.977,102.998,102.954,102.986,102.96,0.0260000000000105,0.0253,15396700.0,1585702822.6,13.151232,1
sz.159396,"博时深证基准做市信用债ETF",2026-06-01,102.903,102.903,102.861,102.894,102.875,0.0190000000000055,0.0185,9258530.0,952608124.67,9.822423,1
sz.159397,"广发深证基准做市信用债ETF",2026-06-01,102.75,102.751,102.711,102.748,102.711,0.0370000000000061,0.036,37738193.0,3877222991.777,29.851995,1
sz.159398,"天弘深证基准做市信用债ETF",2026-06-01,102.086,102.117,102.086,102.112,102.09,0.0219999999999914,0.0215,2525600.0,257886512.5,2.626393,1
sz.159399,"国泰富时中国A股自由现金流聚焦ETF",2026-06-01,1.054,1.06,1.048,1.057,1.052,0.00499999999999989,0.4753,155571900.0,164198629.7,3.343335,1
sz.159400,"景顺长城深证AAA科技创新公司债ETF",2026-06-01,100.752,100.786,100.752,100.773,100.74,0.0330000000000013,0.0328,17141520.0,1727517686.83,26.843454,1
sz.159500,"富国中证500ETF",2026-06-01,1.224,1.246,1.221,1.222,1.234,-0.012,-0.9724,11830527.0,14575067.41,8.589099,1
sz.159501,"嘉实纳斯达克100ETF(QDII)",2026-06-01,2.151,2.214,2.145,2.2,2.122,0.0780000000000003,3.6758,226321100.0,494992680.9,3.604995,1
sz.159502,"嘉实标普生物科技精选行业ETF(QDII)",2026-06-01,1.369,1.38,1.368,1.38,1.364,0.0159999999999998,1.173,72657250.0,100024201.0,5.829729,1
sz.159505,"博时国证2000ETF",2026-06-01,1.738,1.752,1.712,1.712,1.735,-0.0230000000000001,-1.3256,1615500.0,2802081.1,11.453559,1
sz.159506,"富国恒生港股通创新药及医疗保健ETF",2026-06-01,1.206,1.217,1.152,1.163,1.188,-0.0249999999999999,-2.1044,435291600.0,515186002.5,19.817176,1
sz.159507,"广发国证通信ETF",2026-06-01,2.986,2.998,2.883,2.885,2.997,-0.112,-3.7371,18594200.0,54566223.9,11.411431,1
sz.159508,"华安国证生物医药ETF",2026-06-01,0.728,0.738,0.712,0.715,0.726,-0.011,-1.5152,5334800.0,3870388.7,7.75051,1
sz.159509,"景顺长城纳斯达克科技ETF(QDII)",2026-06-01,2.77,2.815,2.757,2.809,2.71,0.0990000000000002,3.6531,470642098.0,1310979862.333,7.107718,1
sz.159510,"华夏中证智选300价值稳健策略ETF",2026-06-01,1.247,1.253,1.24,1.244,1.242,0.002,0.161,3003500.0,3745927.9,4.995149,1
sz.159511,"南方中证通信服务ETF",2026-06-01,2.601,2.633,2.553,2.558,2.618,-0.0600000000000001,-2.2918,6416700.0,16627217.1,5.463599,1
sz.159512,"广发中证全指汽车ETF",2026-06-01,1.235,1.238,1.223,1.229,1.237,-0.00800000000000001,-0.6467,2997100.0,3685154.8,6.927332,1
sz.159513,"大成纳斯达克100ETF(QDII)",2026-06-01,1.883,1.935,1.873,1.93,1.857,0.073,3.9311,205136884.0,390079433.12,4.917523,1
sz.159515,"鹏扬中证国有企业红利ETF",2026-06-01,1.166,1.279,1.166,1.279,1.169,0.11,9.4098,6469200.0,7749038.0,18.704337,1
sz.159516,"国泰中证半导体材料设备主题ETF",2026-06-01,1.195,1.208,1.142,1.143,1.208,-0.0649999999999999,-5.3808,2543282147.0,2971743265.009,13.055072,1
sz.159517,"银华中证800增强策略ETF",2026-06-01,1.412,1.42,1.395,1.395,1.41,-0.0149999999999999,-1.0638,3549900.0,5000912.2,40.604514,1
sz.159518,"嘉实标普石油天然气勘探及生产精选行业ETF(QDII)",2026-06-01,1.118,1.125,1.113,1.125,1.106,0.0189999999999999,1.7179,350700000.0,392838349.691,17.163199,1
sz.159519,"国泰中证香港内地国有企业ETF(QDII)",2026-06-01,1.762,1.782,1.76,1.774,1.768,0.00600000000000001,0.3394,26643600.0,47237321.5,36.924047,1
sz.159520,"工银中证消费龙头ETF",2026-06-01,0.929,0.932,0.92,0.931,0.929,0.002,0.2153,3894300.0,3614236.7,2.446512,1
sz.159521,"平安国证2000ETF",2026-06-01,1.361,1.388,1.361,1.364,1.361,0.00300000000000011,0.2204,1718500.0,2370541.9,11.250825,1
sz.159523,"华夏中证智选300成长创新策略ETF",2026-06-01,1.33,1.34,1.312,1.312,1.33,-0.018,-1.3534,4977900.0,6608664.6,7.483612,1
sz.159525,"富国中证红利低波动ETF",2026-06-01,1.088,1.104,1.081,1.104,1.088,0.016,1.4706,15349200.0,16779361.7,3.58841,1
sz.159526,"嘉实中证机器人ETF",2026-06-01,1.622,1.663,1.618,1.618,1.646,-0.0279999999999998,-1.7011,39468700.0,64982186.7,6.181831,1
sz.159527,"广发中证云计算与大数据ETF",2026-06-01,2.242,2.315,2.225,2.27,2.24,0.0299999999999998,1.3393,9259582.0,21108810.5,6.425783,1
sz.159528,"富国中证国有企业改革ETF",2026-06-01,1.266,1.266,1.25,1.25,1.257,-0.0069999999999999,-0.5569,611600.0,767531.2,6.561688,1
sz.159529,"景顺长城标普消费精选ETF(QDII)",2026-06-01,1.362,1.386,1.357,1.364,1.374,-0.01,-0.7278,420469900.0,576885135.2,51.811564,1
sz.159530,"易方达国证机器人产业ETF",2026-06-01,1.525,1.557,1.513,1.514,1.541,-0.0269999999999999,-1.7521,575331920.0,882304796.767,6.027818,1
sz.159531,"南方中证2000ETF",2026-06-01,1.548,1.573,1.539,1.55,1.551,-0.00099999999999989,-0.0645,101091500.0,157461335.8,18.630655,1
sz.159532,"易方达中证2000ETF",2026-06-01,1.769,1.799,1.762,1.775,1.781,-0.00600000000000001,-0.3369,24747700.0,44141057.7,21.050265,1
sz.159533,"博时中证2000ETF",2026-06-01,2.11,2.126,2.084,2.098,2.136,-0.0380000000000003,-1.779,1298200.0,2726480.5,12.412532,1
sz.159535,"嘉实中证2000ETF",2026-06-01,1.546,1.569,1.539,1.539,1.546,-0.00700000000000012,-0.4528,5458102.0,8456000.092,32.14224,1
sz.159536,"汇添富中证2000ETF",2026-06-01,1.511,1.542,1.505,1.518,1.514,0.004,0.2642,18675400.0,28506669.7,45.260981,1
sz.159537,"国泰国证信息技术创新主题ETF",2026-06-01,1.964,1.993,1.901,1.901,1.96,-0.0589999999999999,-3.0102,6051109.0,11798994.685,10.874957,1
sz.159538,"富国国证信息技术创新主题ETF",2026-06-01,1.961,2.001,1.91,1.914,1.972,-0.0580000000000001,-2.9412,3285900.0,6433965.8,5.635759,1
sz.159539,"广发国证信创ETF",2026-06-01,1.946,1.975,1.882,1.884,1.94,-0.056,-2.8866,7673200.0,14809458.3,11.191103,1
sz.159540,"易方达国证信息技术创新主题ETF",2026-06-01,2.072,2.11,2.01,2.014,2.073,-0.0590000000000002,-2.8461,20237400.0,41654533.2,18.824579,1
sz.159541,"万家创业板综合ETF",2026-06-01,1.71,1.731,1.683,1.683,1.709,-0.026,-1.5214,4092000.0,6976206.8,6.053852,1
sz.159542,"大成中证工程机械ETF",2026-06-01,1.515,1.532,1.494,1.498,1.52,-0.022,-1.4474,1785500.0,2701252.3,8.670485,1
sz.159543,"工银国证2000ETF",2026-06-01,1.566,1.594,1.557,1.578,1.558,0.02,1.2837,3379500.0,5331056.3,6.732534,1
sz.159545,"易方达恒生港股通高股息低波动ETF",2026-06-01,1.367,1.388,1.361,1.388,1.368,0.0199999999999998,1.462,92809500.0,128221901.3,1.819864,1
sz.159546,"国泰中证全指集成电路ETF",2026-06-01,2.63,2.665,2.498,2.5,2.648,-0.148,-5.5891,41107900.0,105841139.7,22.183401,1
sz.159547,"华夏中证红利低波动ETF",2026-06-01,1.204,1.223,1.196,1.221,1.206,0.0150000000000001,1.2438,127833900.0,154782132.2,11.508418,1
sz.159549,"天弘中证红利低波动100ETF",2026-06-01,1.205,1.223,1.198,1.221,1.204,0.0170000000000001,1.412,5098700.0,6183777.1,0.108888,1
sz.159550,"互联网ETF沪港深",2026-06-01,0.82,0.852,0.82,0.846,0.82,0.026,3.1707,7358210.0,6201467.45,4.04678,1
sz.159551,"国泰中证机器人ETF",2026-06-01,1.446,1.468,1.426,1.426,1.45,-0.024,-1.6552,17801526.0,25749156.422,6.745023,1
sz.159552,"招商中证2000增强策略ETF",2026-06-01,2.277,2.327,2.275,2.294,2.291,0.00300000000000011,0.1309,28664897.0,66137510.481,7.125426,1
sz.159553,"海富通中证2000增强策略ETF",2026-06-01,2.032,2.061,2.012,2.046,2.004,0.0419999999999998,2.0958,1929000.0,3946741.5,7.616453,1
sz.159555,"银华中证2000增强策略ETF",2026-06-01,1.794,1.837,1.794,1.811,1.801,0.01,0.5552,3536800.0,6454520.6,9.440856,1
sz.159556,"平安中证2000增强策略ETF",2026-06-01,1.312,1.326,1.296,1.307,1.3,0.0069999999999999,0.5385,739900.0,967865.2,4.756337,1
sz.159557,"嘉实恒生医疗保健ETF(QDII)",2026-06-01,1.319,1.339,1.283,1.295,1.306,-0.0110000000000001,-0.8423,36382600.0,47614520.4,20.922171,1
sz.159558,"易方达中证半导体材料设备主题ETF",2026-06-01,2.787,2.83,2.679,2.683,2.829,-0.146,-5.1608,292834075.0,804903257.069,9.777906,1
sz.159559,"景顺长城国证机器人产业ETF",2026-06-01,1.372,1.397,1.359,1.361,1.38,-0.0189999999999999,-1.3768,76744756.0,105647765.456,4.828,1
sz.159560,"景顺长城中证芯片产业ETF",2026-06-01,2.393,2.426,2.277,2.282,2.409,-0.127,-5.2719,12145600.0,28387277.7,7.169079,1
sz.159561,"嘉实德国DAXETF(QDII)",2026-06-01,1.33,1.333,1.326,1.328,1.334,-0.00600000000000001,-0.4498,200303300.0,266149452.4,12.601659,1
sz.159562,"华夏中证沪深港黄金产业股票ETF",2026-06-01,2.049,2.083,2.045,2.062,2.054,0.00800000000000001,0.3895,56063334.0,115635739.724,2.214952,1
sz.159563,"华夏创业板综合ETF",2026-06-01,2.052,2.076,2.021,2.023,2.054,-0.0309999999999997,-1.5093,818900.0,1689458.1,3.505449,1
sz.159565,"易方达中证汽车零部件主题ETF",2026-06-01,1.528,1.542,1.51,1.513,1.529,-0.016,-1.0464,40189000.0,61218569.1,28.783067,1
sz.159566,"易方达国证新能源电池ETF",2026-06-01,2.351,2.39,2.318,2.324,2.333,-0.00900000000000034,-0.3858,253389500.0,597874443.4,7.887022,1
sz.159567,"银华国证港股通创新药ETF",2026-06-01,0.68,0.69,0.649,0.655,0.668,-0.013,-1.9461,2008382380.0,1347043710.692,18.468343,1
sz.159568,"博时港股通互联网ETF",2026-06-01,1.195,1.239,1.193,1.239,1.196,0.0430000000000001,3.5953,86615100.0,106204172.805,24.686661,1
sz.159569,"景顺长城国证港股通红利低波动率ETF",2026-06-01,1.434,1.475,1.426,1.468,1.432,0.036,2.514,68887400.0,100431265.7,21.121565,1
sz.159570,"汇添富国证港股通创新药ETF",2026-06-01,1.41,1.439,1.342,1.356,1.381,-0.0249999999999999,-1.8103,2609583227.0,3621057397.779,15.36984,1
sz.159571,"富国创业板中盘200ETF",2026-06-01,1.573,1.603,1.573,1.573,1.579,-0.00600000000000001,-0.38,317800.0,503684.0,1.767341,1
sz.159572,"易方达创业板中盘200ETF",2026-06-01,1.57,1.602,1.565,1.566,1.575,-0.0089999999999999,-0.5714,10357200.0,16400720.4,5.237546,1
sz.159573,"华夏创业板中盘200ETF",2026-06-01,1.582,1.611,1.573,1.575,1.585,-0.01,-0.6309,18764400.0,29891377.0,21.95789,1
sz.159575,"银华创业板中盘200ETF",2026-06-01,1.55,1.567,1.534,1.535,1.535,0.0,0.0,334100.0,516219.6,2.491345,1
sz.159576,"广发深证100ETF",2026-06-01,1.737,1.744,1.701,1.701,1.737,-0.036,-2.0725,5688500.0,9772521.9,16.483813,1
sz.159577,"汇添富MSCI美国50ETF",2026-06-01,1.638,1.678,1.626,1.675,1.623,0.052,3.2039,152601769.0,252932036.376,23.133194,1
sz.159578,"南方深证主板50ETF",2026-06-01,1.219,1.219,1.205,1.208,1.216,-0.00800000000000001,-0.6579,34100.0,41149.6,0.17051,1
sz.159581,"万家中证红利ETF",2026-06-01,1.056,1.085,1.055,1.083,1.058,0.0249999999999999,2.3629,41590600.0,44605038.1,3.015504,1
sz.159582,"博时中证半导体产业ETF",2026-06-01,3.365,3.393,3.188,3.193,3.384,-0.191,-5.6442,27655700.0,90618524.5,17.545626,1
sz.159583,"富国中证通信设备主题ETF",2026-06-01,1.881,1.906,1.824,1.827,1.899,-0.0720000000000001,-3.7915,249275900.0,463992478.1,19.774497,1
sz.159586,"南方中证全指计算机ETF",2026-06-01,1.157,1.216,1.157,1.206,1.152,0.054,4.6875,22400700.0,26860858.1,9.217412,1
sz.159587,"广发国证粮食产业ETF",2026-06-01,1.206,1.233,1.201,1.232,1.206,0.026,2.1559,14307500.0,17518772.3,10.044084,1
sz.159588,"景顺长城国证石油天然气ETF",2026-06-01,1.244,1.281,1.244,1.268,1.248,0.02,1.6026,36503300.0,46396068.3,6.020817,1
sz.159589,"广发中证红利ETF",2026-06-01,1.084,1.113,1.079,1.112,1.083,0.0290000000000001,2.6777,20102500.0,22100592.2,10.54751,1
sz.159590,"汇添富中证全指软件ETF",2026-06-01,0.975,1.029,0.975,1.015,0.975,0.0399999999999999,4.1026,96599904.0,97718374.068,16.390596,1
sz.159591,"富国中证A50ETF",2026-06-01,1.425,1.428,1.404,1.407,1.424,-0.0169999999999999,-1.1938,16384500.0,23245767.1,4.393738,1
sz.159592,"银华中证A50ETF",2026-06-01,1.392,1.399,1.375,1.377,1.392,-0.0149999999999999,-1.0776,12730400.0,17667450.8,1.833531,1
sz.159593,"平安中证A50ETF",2026-06-01,1.419,1.42,1.396,1.398,1.417,-0.0190000000000001,-1.3409,52103447.0,73390185.876,2.60883,1
sz.159595,"大成中证A50ETF",2026-06-01,1.417,1.429,1.397,1.401,1.417,-0.016,-1.1291,107249025.0,151482985.541,11.335749,1
sz.159596,"华宝中证A50ETF",2026-06-01,0.676,0.68,0.668,0.669,0.679,-0.01,-1.4728,21615600.0,14597383.5,4.073166,1
sz.159597,"易方达创业板成长ETF",2026-06-01,2.786,2.821,2.714,2.723,2.798,-0.0750000000000002,-2.6805,15379100.0,42225673.3,6.644607,1
sz.159599,"芯片ETF基金",2026-06-01,2.976,2.993,2.814,2.82,2.976,-0.156,-5.2419,82468400.0,238414030.8,14.944745,1
sz.159600,"嘉实中证AAA科技创新公司债ETF",2026-06-01,101.21,101.21,101.165,101.206,101.163,0.0430000000000064,0.0425,45550510.0,4609711811.46,19.963504,1
sz.159601,"华夏MSCI中国A50互联互通ETF",2026-06-01,1.161,1.166,1.142,1.143,1.165,-0.022,-1.8884,68233006.0,78785403.689,4.824889,1
sz.159602,"南方MSCI中国A50互联互通ETF",2026-06-01,1.127,1.128,1.105,1.108,1.127,-0.0189999999999999,-1.6859,8354901.0,9342135.513,2.005772,1
sz.159603,"天弘中证科创创业50ETF",2026-06-01,1.989,2.009,1.914,1.915,1.998,-0.083,-4.1542,9438800.0,18438758.6,0.439408,1
sz.159605,"广发中证海外中国互联网30(QDII-ETF)",2026-06-01,0.82,0.836,0.82,0.834,0.82,0.014,1.7073,339452396.0,281927203.576,7.559369,1
sz.159606,"易方达中证500质量成长ETF",2026-06-01,1.322,1.331,1.307,1.312,1.322,-0.01,-0.7564,12454702.0,16417781.02,4.204504,1
sz.159607,"嘉实中证海外中国互联网30ETF(QDII)",2026-06-01,0.818,0.833,0.818,0.831,0.817,0.014,1.7136,143287603.0,118646146.287,11.195838,1
sz.159608,"广发中证稀有金属主题ETF",2026-06-01,1.205,1.227,1.187,1.189,1.213,-0.024,-1.9786,120817100.0,145848935.6,3.315499,1
sz.159609,"浦银安盛中证光伏产业ETF",2026-06-01,0.625,0.639,0.619,0.62,0.625,-0.005,-0.8,21459600.0,13486578.4,7.155504,1
sz.159610,"景顺长城中证500增强策略ETF",2026-06-01,1.301,1.314,1.286,1.287,1.301,-0.014,-1.0761,9928005.0,12922338.284,7.164706,1
sz.159611,"广发中证全指电力公用事业ETF",2026-06-01,1.254,1.257,1.202,1.257,1.241,0.0159999999999998,1.2893,1460344940.0,1806163758.061,19.094561,1
sz.159612,"国泰标普500(QDII-ETF)",2026-06-01,1.988,2.048,1.988,2.039,1.981,0.0580000000000001,2.9278,47546400.0,96258118.9,10.687018,1
sz.159613,"嘉实中证信息安全主题ETF",2026-06-01,0.919,0.946,0.919,0.925,0.917,0.00800000000000001,0.8724,9553700.0,8915682.5,12.313021,1
sz.159615,"南方恒生生物科技ETF(QDII)",2026-06-01,1.008,1.019,0.97,0.979,0.993,-0.014,-1.4099,110328000.0,109387041.9,18.114623,1
sz.159616,"建信中证农牧主题ETF",2026-06-01,0.799,0.812,0.797,0.808,0.799,0.00900000000000001,1.1264,14973900.0,12086441.5,20.924633,1
sz.159617,"华夏中证智选500价值稳健策略ETF",2026-06-01,1.367,1.385,1.366,1.382,1.371,0.0109999999999999,0.8023,1188700.0,1640788.1,4.182856,1
sz.159618,"华安中证光伏产业ETF",2026-06-01,0.847,0.869,0.842,0.843,0.849,-0.00600000000000001,-0.7067,3674700.0,3146751.6,5.393548,1
sz.159619,"国泰中证基建ETF",2026-06-01,0.989,0.992,0.979,0.991,0.983,0.00800000000000001,0.8138,4940418.0,4875965.866,5.552216,1
sz.159620,"华夏中证智选500成长创新策略ETF",2026-06-01,1.286,1.293,1.265,1.267,1.281,-0.014,-1.0929,2516900.0,3219312.4,10.011163,1
sz.159621,"国泰MSCI中国A股ESG通用ETF",2026-06-01,1.2,1.203,1.186,1.191,1.2,-0.0089999999999999,-0.75,3298900.0,3947182.3,28.849861,1
sz.159622,"创新药ETF沪港深",2026-06-01,1.001,1.018,0.976,0.984,0.998,-0.014,-1.4028,74529814.0,74155940.654,7.374785,1
sz.159623,"博时成渝经济圈ETF",2026-06-01,1.052,1.052,1.036,1.037,1.045,-0.00800000000000001,-0.7656,12349900.0,12880329.9,0.402635,1
sz.159625,"嘉实国证绿色电力ETF",2026-06-01,1.422,1.43,1.38,1.428,1.415,0.0129999999999999,0.9187,96849500.0,136908867.9,4.25429,1
sz.159627,"华夏中证A100ETF",2026-06-01,1.389,1.397,1.373,1.373,1.387,-0.014,-1.0094,5948300.0,8239689.8,39.348999,1
sz.159628,"万家国证2000ETF",2026-06-01,1.488,1.509,1.484,1.489,1.493,-0.004,-0.2679,37542517.0,56114326.684,16.96582,1
sz.159629,"富国中证1000ETF",2026-06-01,3.454,3.51,3.447,3.45,3.473,-0.0229999999999997,-0.6623,114198090.0,396322014.046,32.145597,1
sz.159630,"汇添富中证A100ETF",2026-06-01,1.451,1.461,1.435,1.435,1.451,-0.016,-1.1027,60100.0,87314.9,0.659444,1
sz.159631,"招商中证A100ETF",2026-06-01,1.335,1.339,1.313,1.315,1.332,-0.0170000000000001,-1.2763,2893100.0,3835756.3,7.355475,1
sz.159632,"华安纳斯达克100ETF(QDII)",2026-06-01,2.529,2.611,2.528,2.605,2.508,0.097,3.8676,273027948.0,702773409.549,5.665984,1
sz.159633,"易方达中证1000ETF",2026-06-01,3.553,3.596,3.53,3.53,3.554,-0.024,-0.6753,182684561.0,650022206.783,30.746557,1
sz.159635,"华夏中证基建ETF",2026-06-01,1.057,1.057,1.036,1.051,1.042,0.0089999999999999,0.8637,37572300.0,39258487.7,25.939305,1
sz.159636,"工银瑞信国证港股通科技30ETF",2026-06-01,0.535,0.545,0.533,0.54,0.535,0.005,0.9346,1641703500.0,882827078.9,3.339205,1
sz.159637,"新能源车龙头ETF",2026-06-01,0.97,0.987,0.963,0.965,0.97,-0.005,-0.5155,13755701.0,13415618.777,2.08493,1
sz.159638,"嘉实中证高端装备细分50ETF",2026-06-01,0.939,0.962,0.939,0.941,0.947,-0.00600000000000001,-0.6336,66364004.0,63046993.6,4.467928,1
sz.159639,"南方中证上海环交所碳中和ETF",2026-06-01,1.054,1.073,1.053,1.057,1.055,0.002,0.1896,6912425.0,7362979.932,3.210748,1
sz.159640,"工银瑞信中证上海环交所碳中和ETF",2026-06-01,1.038,1.054,1.037,1.039,1.038,0.00099999999999989,0.0963,2149904.0,2251592.57,3.420952,1
sz.159641,"招商中证上海环交所碳中和ETF",2026-06-01,1.112,1.12,1.101,1.102,1.102,0.0,0.0,3155601.0,3511765.415,3.367083,1
sz.159642,"大成中证上海环交所碳中和ETF",2026-06-01,1.042,1.059,1.042,1.043,1.042,0.00099999999999989,0.096,447201.0,468011.542,1.829797,1
sz.159643,"国泰国证疫苗与生物科技ETF",2026-06-01,0.528,0.533,0.521,0.523,0.527,-0.004,-0.759,9792737.0,5146033.525,3.6217,1
sz.159645,"富国国证疫苗与生物科技ETF",2026-06-01,0.592,0.599,0.586,0.587,0.592,-0.005,-0.8446,1629000.0,962576.2,2.604702,1
sz.159647,"鹏华中证中药ETF",2026-06-01,0.884,0.89,0.878,0.89,0.886,0.004,0.4515,43923899.0,38829423.514,2.735904,1
sz.159649,"华安中债1-5年国开债ETF",2026-06-01,110.024,110.049,110.006,110.037,110.025,0.0120000000000005,0.0109,3964966.0,436278120.95,12.117172,1
sz.159650,"博时中债0-3年国开行ETF",2026-06-01,107.695,107.695,107.662,107.687,107.695,-0.00799999999999557,-0.0074,1477300.0,159089869.1,2.865417,1
sz.159651,"平安中债-0-3年国开行债券ETF",2026-06-01,107.803,107.832,107.798,107.819,107.803,0.0160000000000053,0.0148,1469000.0,158387452.2,17.326284,1
sz.159652,"汇添富中证细分有色金属产业主题ETF",2026-06-01,1.688,1.707,1.67,1.673,1.687,-0.014,-0.8299,106301100.0,179190674.1,5.4006,1
sz.159653,"国联安国证ESG300ETF",2026-06-01,1.377,1.38,1.25,1.25,1.26,-0.01,-0.7937,192900.0,251107.5,0.344636,1
sz.159655,"华夏标普500ETF(QDII)",2026-06-01,1.94,1.982,1.939,1.971,1.934,0.0370000000000001,1.9131,134436041.0,263576227.842,6.389111,1
sz.159656,"万家沪深300成长ETF",2026-06-01,1.32,1.321,1.286,1.286,1.32,-0.034,-2.5758,43009800.0,55664062.2,16.154616,1
sz.159657,"鹏华国证疫苗与生物科技ETF",2026-06-01,0.574,0.58,0.568,0.57,0.574,-0.004,-0.6969,3100686.0,1777103.358,1.829153,1
sz.159658,"华安中证数字经济主题ETF",2026-06-01,1.871,1.887,1.813,1.813,1.87,-0.0570000000000002,-3.0481,5528600.0,10245621.9,12.046225,1
sz.159659,"招商纳斯达克100ETF(QDII)",2026-06-01,2.409,2.477,2.4,2.474,2.382,0.0920000000000001,3.8623,267331845.0,652926703.949,6.190037,1
sz.159660,"汇添富纳斯达克100ETF",2026-06-01,2.444,2.519,2.444,2.519,2.421,0.0980000000000003,4.0479,123771036.0,307132100.065,5.85164,1
sz.159661,"嘉实中证A100ETF",2026-06-01,1.496,1.508,1.48,1.482,1.496,-0.014,-0.9358,4491600.0,6695587.9,18.554034,1
sz.159662,"南方国证交通运输行业ETF",2026-06-01,0.995,1.002,0.988,1.001,0.997,0.00399999999999989,0.4012,7188000.0,7172326.3,9.83123,1
sz.159663,"华夏中证机床ETF",2026-06-01,2.3,2.318,2.206,2.206,2.293,-0.0870000000000002,-3.7942,43956523.0,99730533.004,19.23551,1
sz.159665,"工银瑞信国证半导体芯片ETF",2026-06-01,2.578,2.605,2.451,2.457,2.602,-0.145,-5.5726,26754700.0,67336401.3,15.066546,1
sz.159666,"华夏中证全指运输ETF",2026-06-01,0.993,1.002,0.988,1.001,0.996,0.00499999999999989,0.502,18757400.0,18690117.0,16.772702,1
sz.159667,"国泰中证机床ETF",2026-06-01,2.301,2.337,2.21,2.21,2.307,-0.097,-4.2046,155700300.0,351346289.1,16.354783,1
sz.159669,"国泰国证绿色电力ETF",2026-06-01,1.303,1.31,1.266,1.307,1.295,0.012,0.9266,15618900.0,20248160.0,7.222453,1
sz.159670,"国联安中证消费50ETF",2026-06-01,0.859,0.862,0.851,0.862,0.858,0.004,0.4662,2071500.0,1770022.7,3.589691,1
sz.159671,"工银瑞信中证稀有金属主题ETF",2026-06-01,1.481,1.5,1.453,1.455,1.482,-0.0269999999999999,-1.8219,43793400.0,64688215.0,4.688541,1
sz.159672,"博时主要消费ETF",2026-06-01,0.647,0.651,0.64,0.651,0.648,0.003,0.463,3854661.0,2489195.168,2.967694,1
sz.159673,"鹏华沪深300ETF",2026-06-01,1.348,1.353,1.332,1.334,1.349,-0.0149999999999999,-1.1119,27733900.0,37212984.6,2.028031,1
sz.159675,"嘉实创业板增强策略ETF",2026-06-01,1.591,1.741,1.591,1.633,1.675,-0.042,-2.5075,3633000.0,6059509.9,7.007197,1
sz.159676,"富国创业板增强策略ETF",2026-06-01,1.775,1.815,1.74,1.741,1.783,-0.0419999999999998,-2.3556,4382800.0,7767249.1,4.634736,1
sz.159677,"银华中证1000增强策略ETF",2026-06-01,1.557,1.583,1.556,1.558,1.567,-0.0089999999999999,-0.5743,11803900.0,18511459.1,39.472526,1
sz.159678,"博时中证500增强策略ETF",2026-06-01,1.601,1.648,1.587,1.59,1.601,-0.0109999999999999,-0.6871,3220800.0,5154938.4,4.175066,1
sz.159679,"国泰中证1000增强策略ETF",2026-06-01,1.33,1.439,1.33,1.339,1.344,-0.00500000000000012,-0.372,2448205.0,3302468.45,4.664211,1
sz.159680,"招商中证1000增强策略ETF",2026-06-01,1.752,1.775,1.744,1.745,1.745,0.0,0.0,50175923.0,88120270.981,6.659595,1
sz.159681,"鹏华创业板50ETF",2026-06-01,1.917,1.952,1.881,1.895,1.927,-0.032,-1.6606,62795900.0,120904186.4,8.724411,1
sz.159682,"景顺长城创业板50ETF",2026-06-01,1.905,1.929,1.86,1.864,1.91,-0.0459999999999998,-2.4084,181969300.0,345140091.5,8.108037,1
sz.159685,"天弘中证1000增强策略ETF",2026-06-01,1.556,1.569,1.546,1.553,1.551,0.002,0.1289,2511500.0,3907425.6,16.266121,1
sz.159686,"易方达中证A100ETF",2026-06-01,1.354,1.361,1.334,1.336,1.354,-0.018,-1.3294,9002700.0,12097617.2,11.874503,1
sz.159687,"南方基金南方东英富时亚太精选ETF(QDII)",2026-06-01,1.906,2.02,1.905,1.969,1.874,0.095,5.0694,989440525.0,1949296206.245,77.063513,1
sz.159688,"华安恒生互联网科技业ETF(QDII)",2026-06-01,0.804,0.825,0.804,0.824,0.803,0.0209999999999999,2.6152,161482600.0,132084046.3,9.584797,1
sz.159689,"南方中证主要消费ETF",2026-06-01,0.652,0.655,0.644,0.655,0.652,0.003,0.4601,2270900.0,1471819.1,2.636051,1
sz.159690,"招商中证有色金属矿业主题ETF",2026-06-01,2.001,2.033,1.99,1.992,2.011,-0.0190000000000001,-0.9448,15969400.0,32008410.5,4.680858,1
sz.159691,"工银瑞信中证港股通高股息精选ETF",2026-06-01,1.236,1.257,1.232,1.256,1.241,0.0149999999999999,1.2087,249356600.0,311153058.7,5.542118,1
sz.159692,"证券ETF东财",2026-06-01,1.147,1.158,1.139,1.151,1.148,0.00300000000000011,0.2613,72276600.0,83058031.0,6.320891,1
sz.159695,"嘉实国证通信ETF",2026-06-01,3.252,3.288,3.16,3.163,3.279,-0.116,-3.5377,16344400.0,52623875.6,7.753066,1
sz.159696,"易方达纳斯达克100ETF(QDII)",2026-06-01,2.104,2.168,2.064,2.16,2.086,0.0740000000000003,3.5475,143679183.0,306608121.901,5.717837,1
sz.159697,"鹏华国证石油天然气ETF",2026-06-01,1.323,1.359,1.323,1.349,1.324,0.0249999999999999,1.8882,98846700.0,133211886.661,7.305624,1
sz.159698,"鹏华国证粮食产业ETF",2026-06-01,0.938,0.959,0.935,0.958,0.94,0.018,1.9149,53091201.0,50454100.839,5.137306,1
sz.159699,"广发恒生消费(QDII-ETF)",2026-06-01,0.897,0.918,0.89,0.916,0.901,0.015,1.6648,79499000.0,72215430.4,10.396589,1
sz.159700,"南方中证AAA科技创新公司债ETF",2026-06-01,101.144,101.181,101.144,101.178,101.15,0.0279999999999916,0.0277,56150700.0,5681326808.8,46.498076,1
sz.159701,"招商中证物联网主题ETF",2026-06-01,1.426,1.44,1.386,1.386,1.42,-0.034,-2.3944,1366800.0,1934261.7,17.737747,1
sz.159703,"天弘中证新材料主题ETF",2026-06-01,0.985,0.996,0.963,0.964,0.988,-0.024,-2.4291,5142500.0,5038995.6,8.631022,1
sz.159706,"华安深证100ETF",2026-06-01,1.044,1.047,1.02,1.02,1.041,-0.0209999999999999,-2.0173,7469100.0,7698922.3,16.456547,1
sz.159707,"华宝中证800地产ETF",2026-06-01,0.521,0.534,0.517,0.532,0.53,0.002,0.3774,153183000.0,80812114.6,13.849577,1
sz.159708,"西部利得深证红利ETF",2026-06-01,0.842,0.844,0.835,0.837,0.842,-0.005,-0.5938,8610900.0,7221431.2,4.823269,1
sz.159709,"工银瑞信深证物联网50ETF",2026-06-01,1.873,1.873,1.824,1.825,1.871,-0.046,-2.4586,445300.0,826100.4,1.980514,1
sz.159711,"华夏中证港股通50ETF",2026-06-01,1.312,1.329,1.312,1.327,1.32,0.0069999999999999,0.5303,17178000.0,22757301.0,35.44402,1
sz.159712,"国泰中证港股通50ETF",2026-06-01,1.22,1.234,1.22,1.233,1.228,0.00500000000000012,0.4072,16563900.0,20370685.7,14.306504,1
sz.159713,"富国中证稀土产业ETF",2026-06-01,1.383,1.404,1.371,1.375,1.388,-0.0129999999999999,-0.9366,64451736.0,89603911.764,9.717489,1
sz.159715,"易方达中证稀土产业ETF",2026-06-01,1.288,1.289,1.258,1.262,1.273,-0.0109999999999999,-0.8641,66349303.0,84414880.767,10.230718,1
sz.159716,"华宝深证100ETF",2026-06-01,1.241,1.249,1.218,1.221,1.245,-0.024,-1.9277,2885709.0,3555771.68,5.004114,1
sz.159717,"鹏华国证ESG300ETF",2026-06-01,1.123,1.123,1.104,1.104,1.112,-0.00800000000000001,-0.7194,1472900.0,1643036.7,8.240838,1
sz.159718,"平安中证港股通医药卫生综合ETF",2026-06-01,0.791,0.803,0.769,0.776,0.782,-0.00600000000000001,-0.7673,21073000.0,16572907.5,9.249333,1
sz.159719,"平安富时中国国企开放共赢ETF",2026-06-01,1.597,1.608,1.597,1.607,1.6,0.0069999999999999,0.4375,2293900.0,3673076.3,8.756685,1
sz.159720,"泰康中证智能电动汽车ETF",2026-06-01,0.871,0.877,0.854,0.855,0.869,-0.014,-1.611,1520400.0,1318243.3,3.318755,1
sz.159721,"永赢深证100ETF",2026-06-01,1.176,1.185,1.16,1.16,1.186,-0.026,-2.1922,336800.0,395483.9,0.514735,1
sz.159723,"汇添富中证沪港深科技龙头ETF",2026-06-01,1.133,1.156,1.127,1.134,1.144,-0.01,-0.8741,2669100.0,3049513.5,7.208801,1
sz.159725,"工银瑞信中证线上消费ETF",2026-06-01,0.838,0.872,0.835,0.862,0.835,0.027,3.2335,25286000.0,21752381.5,15.472548,1
sz.159726,"华夏恒生港股通中国内地企业高股息率ETF",2026-06-01,1.349,1.374,1.329,1.374,1.351,0.0230000000000001,1.7024,12938600.0,17652218.5,4.509615,1
sz.159728,"南方国证在线消费ETF",2026-06-01,0.851,0.881,0.851,0.87,0.851,0.019,2.2327,1919400.0,1670585.0,5.130696,1
sz.159729,"汇添富中证沪港深互联网ETF",2026-06-01,0.716,0.739,0.716,0.734,0.716,0.018,2.514,755200.0,552837.2,1.101507,1
sz.159730,"博时国证龙头家电ETF",2026-06-01,1.063,1.075,1.062,1.063,1.065,-0.002,-0.1878,5087500.0,5420356.7,11.676253,1
sz.159731,"华夏中证石化产业ETF",2026-06-01,0.904,0.928,0.899,0.917,0.904,0.013,1.4381,81310900.0,74682440.8,8.5737,1
sz.159732,"华夏国证消费电子主题ETF",2026-06-01,1.551,1.58,1.5,1.501,1.55,-0.0490000000000002,-3.1613,319979994.0,491004026.714,13.683435,1
sz.159735,"银华中证港股通消费主题ETF",2026-06-01,0.687,0.705,0.685,0.704,0.69,0.014,2.029,83467700.0,58216990.1,9.136518,1
sz.159736,"天弘中证食品饮料ETF",2026-06-01,0.613,0.615,0.606,0.614,0.613,0.001,0.1631,36479079.0,22290154.869,0.478452,1
sz.159738,"华泰柏瑞中证沪港深云计算产业ETF",2026-06-01,2.094,2.16,2.094,2.112,2.114,-0.00199999999999978,-0.0946,14796900.0,31571339.7,10.348013,1
sz.159739,"鹏华中证云计算与大数据主题ETF",2026-06-01,1.678,1.734,1.677,1.699,1.676,0.0230000000000001,1.3723,13029300.0,22328542.6,5.36228,1
sz.159740,"大成恒生科技ETF(QDII)",2026-06-01,0.612,0.625,0.612,0.621,0.614,0.00700000000000001,1.1401,2513365963.0,1557013945.078,8.139634,1
sz.159741,"嘉实恒生科技ETF(QDII)",2026-06-01,0.613,0.626,0.613,0.622,0.615,0.00700000000000001,1.1382,253134503.0,157187001.36,14.159021,1
sz.159742,"博时恒生科技ETF(QDII)",2026-06-01,0.627,0.641,0.627,0.637,0.629,0.00800000000000001,1.2719,484314801.0,308094619.735,6.501805,1
sz.159743,"博时湖北新旧动能转换ETF",2026-06-01,1.518,1.536,1.482,1.5,1.525,-0.0249999999999999,-1.6393,718400.0,1082374.5,0.659439,1
sz.159745,"国泰中证全指建筑材料ETF",2026-06-01,0.603,0.614,0.599,0.614,0.605,0.00900000000000001,1.4876,98773600.0,60226145.9,5.908614,1
sz.159747,"南方中证香港科技ETF(QDII)",2026-06-01,1.226,1.248,1.226,1.235,1.226,0.00900000000000012,0.7341,74395550.0,92009874.1,19.74864,1
sz.159748,"富国中证沪港深创新药产业ETF",2026-06-01,0.714,0.725,0.694,0.698,0.713,-0.015,-2.1038,53853100.0,38132732.6,5.842851,1
sz.159750,"招商中证香港科技ETF(QDII)",2026-06-01,0.897,0.916,0.897,0.906,0.9,0.00600000000000001,0.6667,79818400.0,72474437.5,4.922145,1
sz.159751,"鹏华中证港股通科技ETF",2026-06-01,0.917,0.939,0.917,0.928,0.919,0.00900000000000001,0.9793,68064000.0,63301530.4,5.864403,1
sz.159752,"申万菱信中证内地新能源主题ETF",2026-06-01,0.77,0.786,0.761,0.761,0.77,-0.00900000000000001,-1.1688,15057400.0,11630121.0,2.857414,1
sz.159755,"广发国证新能源车电池ETF",2026-06-01,1.132,1.144,1.107,1.107,1.129,-0.022,-1.9486,591887886.0,665044663.264,5.160922,1
sz.159757,"景顺长城国证新能源车电池ETF",2026-06-01,0.938,0.951,0.921,0.922,0.938,-0.0159999999999999,-1.7058,12537700.0,11773042.0,5.077392,1
sz.159758,"华夏中证红利质量ETF",2026-06-01,1.073,1.085,1.068,1.073,1.073,0.0,0.0,55496600.0,59687125.4,4.824571,1
sz.159760,"泰康国证公共卫生与医疗健康ETF",2026-06-01,0.548,0.551,0.539,0.54,0.548,-0.00800000000000001,-1.4599,1668700.0,905450.2,1.172167,1
sz.159761,"国泰中证新材料主题ETF",2026-06-01,0.866,0.877,0.846,0.846,0.869,-0.023,-2.6467,19523900.0,16749060.3,10.129966,1
sz.159763,"建信中证新材料主题ETF",2026-06-01,0.788,0.804,0.777,0.777,0.795,-0.018,-2.2642,6129200.0,4825736.4,6.404079,1
sz.159766,"富国中证旅游主题ETF",2026-06-01,0.61,0.618,0.602,0.617,0.616,0.001,0.1623,280208357.0,171450669.999,4.933123,1
sz.159767,"兴银国证新能源车电池ETF",2026-06-01,0.916,0.931,0.903,0.904,0.92,-0.016,-1.7391,9661200.0,8868181.8,3.820564,1
sz.159768,"银华中证内地地产主题ETF",2026-06-01,0.47,0.478,0.461,0.476,0.472,0.004,0.8475,85612400.0,40376995.9,10.44754,1
sz.159770,"天弘中证机器人ETF",2026-06-01,1.15,1.174,1.141,1.141,1.157,-0.016,-1.3829,202215500.0,233881699.0,3.463135,1
sz.159773,"华泰柏瑞创业板科技ETF",2026-06-01,1.511,1.538,1.484,1.484,1.511,-0.0269999999999999,-1.7869,4059700.0,6132300.9,2.943878,1
sz.159775,"建信国证新能源车电池ETF",2026-06-01,0.941,0.953,0.924,0.924,0.942,-0.0179999999999999,-1.9108,19544400.0,18356739.3,7.357228,1
sz.159776,"银华中证港股通医药卫生综合ETF",2026-06-01,1.058,1.078,1.03,1.041,1.051,-0.01,-0.9515,17882200.0,18777094.2,19.234632,1
sz.159777,"国联安创科技ETF",2026-06-01,1.412,1.443,1.393,1.393,1.415,-0.022,-1.5548,5473400.0,7760117.3,18.692945,1
sz.159778,"鹏华中证工业互联网主题ETF",2026-06-01,1.314,1.339,1.291,1.294,1.315,-0.0209999999999999,-1.597,2806100.0,3679196.7,7.383428,1
sz.159779,"招商中证消费电子主题ETF",2026-06-01,1.64,1.661,1.572,1.575,1.647,-0.0720000000000001,-4.3716,22612100.0,36585897.6,15.93868,1
sz.159780,"南方中证科创创业50ETF",2026-06-01,1.28,1.296,1.234,1.236,1.286,-0.05,-3.888,134972723.0,170511802.049,5.131948,1
sz.159781,"易方达中证科创创业50ETF",2026-06-01,1.286,1.299,1.238,1.238,1.3,-0.0620000000000001,-4.7692,621209265.0,784683915.496,5.500416,1
sz.159782,"银华中证科创创业50ETF",2026-06-01,1.278,1.297,1.237,1.239,1.288,-0.0489999999999999,-3.8043,33752728.0,42543965.699,6.57704,1
sz.159783,"华夏中证科创创业50ETF",2026-06-01,1.285,1.302,1.24,1.243,1.296,-0.0529999999999999,-4.0895,244324502.0,310378436.433,5.597278,1
sz.159786,"银华中证虚拟现实主题ETF",2026-06-01,1.273,1.302,1.259,1.259,1.28,-0.0210000000000001,-1.6406,19134200.0,24477789.5,22.326649,1
sz.159787,"易方达中证全指建筑材料ETF",2026-06-01,0.667,0.676,0.665,0.676,0.664,0.012,1.8072,3276600.0,2203169.7,2.559411,1
sz.159788,"易方达中证港股通中国100ETF",2026-06-01,1.214,1.228,1.21,1.222,1.214,0.00800000000000001,0.659,9227200.0,11264789.5,8.356081,1
sz.159790,"华夏中证内地低碳经济主题ETF",2026-06-01,0.835,0.849,0.826,0.827,0.83,-0.003,-0.3614,60942579.0,51120403.689,3.652475,1
sz.159791,"华夏沪深300ESG基准ETF",2026-06-01,1.161,1.167,1.151,1.151,1.163,-0.012,-1.0318,1844800.0,2133720.1,6.343149,1
sz.159792,"富国中证港股通互联网ETF",2026-06-01,0.607,0.63,0.607,0.63,0.607,0.023,3.7891,6105872889.0,3809282771.724,7.715002,1
sz.159793,"平安中证沪港深线上消费主题ETF",2026-06-01,0.835,0.859,0.83,0.855,0.827,0.028,3.3857,1802100.0,1534090.4,4.532569,1
sz.159795,"汇添富中证智能汽车主题ETF",2026-06-01,1.023,1.033,1.011,1.012,1.023,-0.0109999999999999,-1.0753,5412700.0,5539364.7,19.214772,1
sz.159796,"汇添富中证电池主题ETF",2026-06-01,1.085,1.111,1.076,1.078,1.084,-0.00600000000000001,-0.5535,324021245.0,354909466.522,4.530836,1
sz.159797,"汇添富中证全指医疗器械ETF",2026-06-01,0.706,0.708,0.701,0.705,0.707,-0.002,-0.2829,3945700.0,2775662.0,1.041111,1
sz.159798,"易方达中证消费50ETF",2026-06-01,0.846,0.847,0.832,0.845,0.846,-0.001,-0.1182,21921100.0,18423533.0,15.742783,1
sz.159800,"鹏华中证800ETF",2026-06-01,1.493,1.507,1.482,1.482,1.499,-0.0170000000000001,-1.1341,860400.0,1281650.0,3.218036,1
sz.159801,"广发国证半导体芯片ETF",2026-06-01,1.229,1.237,1.164,1.167,1.234,-0.0669999999999999,-5.4295,297996851.0,356537991.098,7.453424,1
sz.159804,"国寿安保创精选88ETF",2026-06-01,1.729,1.768,1.728,1.729,1.729,0.0,0.0,136900.0,240080.1,0.572811,1
sz.159805,"鹏华中证传媒ETF",2026-06-01,1.27,1.314,1.263,1.304,1.263,0.0410000000000001,3.2462,48319300.0,62668209.0,17.016685,1
sz.159806,"国泰中证新能源汽车ETF",2026-06-01,0.854,0.868,0.847,0.849,0.855,-0.00600000000000001,-0.7018,34789300.0,29929916.5,3.943965,1
sz.159807,"易方达中证科技50ETF",2026-06-01,0.98,0.993,0.953,0.953,0.981,-0.028,-2.8542,62944684.0,61270076.614,7.152387,1
sz.159808,"融通创业板ETF",2026-06-01,1.565,1.572,1.523,1.526,1.552,-0.026,-1.6753,719400.0,1117064.3,1.397306,1
sz.159810,"浦银安盛创业板ETF",2026-06-01,1.617,1.645,1.592,1.593,1.629,-0.036,-2.2099,1128100.0,1833318.4,2.327157,1
sz.159811,"博时中证5G产业50ETF",2026-06-01,3.398,3.455,3.3,3.303,3.427,-0.124,-3.6183,9271101.0,31229591.774,13.255149,1
sz.159812,"前海开源黄金ETF",2026-06-01,9.362,9.386,9.307,9.309,9.36,-0.0510000000000002,-0.5449,2314200.0,21629359.0,1.234153,1
sz.159813,"鹏华国证半导体芯片ETF",2026-06-01,1.592,1.598,1.504,1.505,1.594,-0.0890000000000002,-5.5834,323796647.0,500113310.277,9.275549,1
sz.159814,"西部利得创业板大盘ETF",2026-06-01,0.855,0.865,0.832,0.832,0.859,-0.027,-3.1432,95543066.0,80729210.334,18.29463,1
sz.159816,"鹏华中证0-4年地方政府债ETF",2026-06-01,114.345,114.386,114.265,114.348,114.34,0.00799999999999557,0.007,22536900.0,2576104035.7,24.712195,1
sz.159819,"易方达中证人工智能主题ETF",2026-06-01,1.967,1.988,1.913,1.916,1.968,-0.052,-2.6423,440852382.0,857383571.729,3.632831,1
sz.159820,"天弘中证500ETF",2026-06-01,1.429,1.446,1.415,1.417,1.429,-0.012,-0.8397,10223200.0,14623153.7,0.776598,1
sz.159821,"中银证券创业板ETF",2026-06-01,1.52,1.536,1.484,1.486,1.522,-0.036,-2.3653,3249300.0,4937045.4,5.351285,1
sz.159822,"银华工银南方东英标普中国新经济行业ETF(QDII)",2026-06-01,0.615,0.622,0.615,0.62,0.615,0.005,0.813,8098605.0,5013617.495,2.426662,1
sz.159824,"博时新能源汽车ETF",2026-06-01,1.3,1.322,1.29,1.292,1.3,-0.00800000000000001,-0.6154,1552701.0,2033471.62,1.781947,1
sz.159825,"富国中证农业主题ETF",2026-06-01,0.726,0.738,0.723,0.736,0.728,0.00800000000000001,1.0989,130692100.0,96054659.9,5.329852,1
sz.159827,"银华中证农业主题ETF",2026-06-01,0.786,0.796,0.774,0.793,0.786,0.00700000000000001,0.8906,3322300.0,2623517.2,3.66229,1
sz.159828,"国泰中证医疗ETF",2026-06-01,0.39,0.393,0.387,0.389,0.392,-0.003,-0.7653,133416500.0,51949713.9,2.390788,1
sz.159830,"天弘上海金ETF",2026-06-01,9.818,9.825,9.748,9.755,9.806,-0.0509999999999984,-0.5201,3378500.0,33100078.1,0.865142,1
sz.159831,"嘉实上海金ETF",2026-06-01,9.488,9.513,9.435,9.436,9.486,-0.0500000000000007,-0.5271,2483900.0,23548490.6,1.189287,1
sz.159834,"南方上海金ETF",2026-06-01,9.853,9.853,9.755,9.757,9.814,-0.0570000000000004,-0.5808,4801700.0,47063886.6,2.445338,1
sz.159835,"建信中证创新药产业ETF",2026-06-01,0.596,0.609,0.587,0.59,0.597,-0.00700000000000001,-1.1725,27765400.0,16568867.7,5.603465,1
sz.159836,"天弘创业板300ETF",2026-06-01,1.463,1.486,1.434,1.435,1.464,-0.0289999999999999,-1.9809,925000.0,1341125.9,0.927345,1
sz.159837,"易方达中证生物科技主题ETF",2026-06-01,0.448,0.458,0.444,0.447,0.45,-0.003,-0.6667,55443706.0,24905339.669,1.774112,1
sz.159838,"博时医药50ETF",2026-06-01,0.536,0.54,0.529,0.532,0.535,-0.003,-0.5607,1591500.0,846695.5,0.551143,1
sz.159839,"汇添富国证生物医药ETF",2026-06-01,0.324,0.33,0.319,0.321,0.324,-0.003,-0.9259,190876400.0,61547840.6,6.329349,1
sz.159840,"工银瑞信国证新能源车电池ETF",2026-06-01,0.906,0.918,0.89,0.891,0.905,-0.014,-1.547,159545200.0,144885287.1,7.697922,1
sz.159841,"天弘中证全指证券公司ETF",2026-06-01,0.937,0.944,0.929,0.938,0.936,0.00199999999999989,0.2137,197068034.0,184729177.02,1.770246,1
sz.159842,"银华中证全指证券公司ETF",2026-06-01,0.981,0.991,0.975,0.985,0.983,0.002,0.2035,264468400.0,259976102.5,2.685435,1
sz.159843,"招商国证食品饮料ETF",2026-06-01,0.56,0.561,0.554,0.561,0.56,0.001,0.1786,11200223.0,6250752.211,1.685625,1
sz.159845,"华夏中证1000ETF",2026-06-01,3.467,3.519,3.453,3.456,3.477,-0.0209999999999999,-0.604,862875324.0,3002638129.872,59.491181,1
sz.159847,"易方达中证医疗ETF",2026-06-01,0.373,0.374,0.367,0.37,0.373,-0.003,-0.8043,99735600.0,36892199.1,2.515511,1
sz.159848,"国联安中证全指证券公司ETF",2026-06-01,0.819,0.83,0.817,0.824,0.823,0.001,0.1215,3612100.0,2973731.9,2.178441,1
sz.159849,"招商中证生物科技主题ETF",2026-06-01,0.464,0.468,0.454,0.457,0.462,-0.005,-1.0823,7625600.0,3502073.0,4.639222,1
sz.159850,"华夏恒生中国企业ETF(QDII)",2026-06-01,0.811,0.824,0.811,0.821,0.816,0.005,0.6127,92788702.0,75925703.636,14.129402,1
sz.159851,"华宝中证金融科技主题ETF",2026-06-01,0.67,0.704,0.67,0.691,0.673,0.0179999999999999,2.6746,549865215.0,380250798.723,5.248857,1
sz.159852,"嘉实中证软件服务ETF",2026-06-01,0.751,0.791,0.75,0.777,0.748,0.029,3.877,1167285600.0,905939698.146,10.510761,1
sz.159855,"银华中证影视主题ETF",2026-06-01,0.84,0.863,0.84,0.856,0.837,0.019,2.27,19279300.0,16455714.8,11.761032,1
sz.159856,"工银瑞信中证沪港深互联网ETF",2026-06-01,0.599,0.62,0.599,0.615,0.599,0.016,2.6711,3565700.0,2188316.2,1.00337,1
sz.159857,"天弘中证光伏产业ETF",2026-06-01,0.915,0.936,0.907,0.909,0.916,-0.00700000000000001,-0.7642,173791000.0,160258078.5,7.371785,1
sz.159858,"南方中证创新药产业ETF",2026-06-01,0.616,0.626,0.602,0.606,0.613,-0.00700000000000001,-1.1419,28378300.0,17336192.8,3.743354,1
sz.159859,"天弘国证生物医药ETF",2026-06-01,0.35,0.356,0.343,0.345,0.349,-0.004,-1.1461,499407130.0,173520257.262,4.246067,1
sz.159861,"国泰中证环保产业50ETF",2026-06-01,1.256,1.268,1.237,1.238,1.244,-0.00600000000000001,-0.4823,1397400.0,1752395.4,1.395759,1
sz.159862,"银华中证细分食品饮料产业主题ETF",2026-06-01,0.566,0.566,0.56,0.566,0.567,-0.001,-0.1764,4986200.0,2806678.1,1.420567,1
sz.159863,"鹏华中证光伏产业ETF",2026-06-01,0.716,0.732,0.708,0.708,0.716,-0.00800000000000001,-1.1173,10964100.0,7889845.2,3.62175,1
sz.159864,"国泰中证光伏产业ETF",2026-06-01,0.706,0.72,0.697,0.698,0.708,-0.01,-1.4124,45151700.0,32009114.5,6.249138,1
sz.159865,"国泰中证畜牧养殖ETF",2026-06-01,0.543,0.553,0.54,0.552,0.544,0.00800000000000001,1.4706,198188600.0,108784093.4,1.773427,1
sz.159866,"工银瑞信大和日经225ETF(QDII)",2026-06-01,1.701,1.721,1.691,1.72,1.677,0.0429999999999999,2.5641,246678893.0,420904397.793,33.335915,1
sz.159867,"鹏华中证畜牧养殖ETF",2026-06-01,0.554,0.562,0.548,0.562,0.555,0.00700000000000001,1.2613,44080602.0,24604506.622,2.681068,1
sz.159869,"华夏中证动漫游戏ETF",2026-06-01,1.142,1.177,1.137,1.164,1.14,0.024,2.1053,346564912.0,402806630.859,4.83416,1
sz.159870,"鹏华中证细分化工产业ETF",2026-06-01,0.815,0.839,0.815,0.828,0.816,0.012,1.4706,744240832.0,618105214.259,3.381129,1
sz.159871,"银华中证有色金属ETF",2026-06-01,0.99,1.002,0.983,0.984,0.989,-0.005,-0.5056,41726400.0,41379287.4,3.161732,1
sz.159872,"鹏华中证车联网主题ETF",2026-06-01,0.943,0.96,0.94,0.951,0.945,0.00600000000000001,0.6349,898000.0,857591.7,1.453081,1
sz.159873,"天弘中证全指医疗保健设备与服务ETF",2026-06-01,0.547,0.549,0.542,0.546,0.548,-0.002,-0.365,19656800.0,10700310.1,3.766248,1
sz.159875,"嘉实中证新能源ETF",2026-06-01,0.738,0.751,0.728,0.729,0.735,-0.00600000000000001,-0.8163,117386000.0,86848751.8,5.2837,1
sz.159876,"华宝有色金属ETF",2026-06-01,1.014,1.03,1.009,1.011,1.016,-0.00500000000000012,-0.4921,72252200.0,73591923.8,4.87342,1
sz.159877,"南方中证全指医疗保健设备与服务ETF",2026-06-01,0.536,0.538,0.533,0.536,0.538,-0.002,-0.3717,2326205.0,1245252.775,1.119486,1
sz.159880,"鹏华国证有色金属行业ETF",2026-06-01,1.982,2.014,1.972,1.972,1.983,-0.0110000000000001,-0.5547,32925957.0,65578611.933,4.679964,1
sz.159881,"国泰中证有色金属ETF",2026-06-01,1.896,1.921,1.884,1.885,1.896,-0.0109999999999999,-0.5802,5483400.0,10436078.5,6.284729,1
sz.159883,"永赢中证全指医疗器械ETF",2026-06-01,0.459,0.461,0.455,0.457,0.46,-0.003,-0.6522,148938100.0,68130596.1,1.535122,1
sz.159885,"鹏华中证内地低碳经济主题ETF",2026-06-01,0.848,0.867,0.848,0.849,0.85,-0.001,-0.1176,1190250.0,1020184.35,0.479037,1
sz.159886,"富国中证细分机械设备产业主题ETF",2026-06-01,1.084,1.106,1.08,1.082,1.084,-0.002,-0.1845,5323000.0,5798211.4,8.133851,1
sz.159887,"富国中证800银行ETF",2026-06-01,1.262,1.279,1.258,1.279,1.266,0.0129999999999999,1.0269,72444600.0,92035075.9,9.071269,1
sz.159888,"华夏中证智能汽车主题ETF",2026-06-01,1.192,1.207,1.18,1.182,1.196,-0.014,-1.1706,22213400.0,26515804.5,29.05761,1
sz.159889,"国泰中证智能汽车主题ETF",2026-06-01,1.031,1.04,1.018,1.019,1.032,-0.0130000000000001,-1.2597,1906200.0,1958621.7,5.883189,1
sz.159890,"招商中证云计算ETF",2026-06-01,1.801,1.861,1.801,1.823,1.801,0.022,1.2215,18105800.0,33241690.1,7.111729,1
sz.159891,"建信中证全指医疗保健设备与服务ETF",2026-06-01,0.404,0.405,0.4,0.403,0.404,-0.001,-0.2475,15353200.0,6178870.9,4.920506,1
sz.159892,"华夏恒生生物科技ETF(QDII)",2026-06-01,0.701,0.712,0.677,0.683,0.692,-0.0089999999999999,-1.3006,1250109430.0,866213538.11,16.396456,1
sz.159895,"易方达中证物联网主题ETF",2026-06-01,1.549,1.566,1.505,1.507,1.547,-0.04,-2.5856,2329200.0,3572870.4,3.055014,1
sz.159896,"南方中证物联网主题ETF",2026-06-01,1.449,1.454,1.398,1.403,1.439,-0.036,-2.5017,1807104.0,2584795.644,5.011943,1
sz.159898,"招商中证全指医疗器械ETF",2026-06-01,0.511,0.511,0.504,0.506,0.509,-0.003,-0.5894,21254702.0,10766894.71,2.258498,1
sz.159899,"招商中证全指软件ETF",2026-06-01,0.782,0.819,0.779,0.808,0.777,0.031,3.9897,45176000.0,36372824.0,5.543219,1
sz.159901,"易方达深证100ETF",2026-06-01,4.051,4.074,3.966,3.976,4.046,-0.0700000000000003,-1.7301,99100880.0,397970395.52,10.259581,1
sz.159902,"华夏中小企业100ETF",2026-06-01,5.018,5.08,4.929,4.935,5.022,-0.0870000000000006,-1.7324,4776700.0,23800829.3,6.330037,1
sz.159903,"南方深证成份ETF",2026-06-01,1.894,1.908,1.861,1.866,1.896,-0.0299999999999998,-1.5823,28125278.0,52898280.788,9.626851,1
sz.159905,"工银深证红利ETF",2026-06-01,1.745,1.753,1.735,1.739,1.747,-0.00800000000000001,-0.4579,43476300.0,75627450.5,3.813898,1
sz.159906,"大成深证成长40ETF",2026-06-01,2.02,2.043,1.957,1.962,2.02,-0.0580000000000001,-2.8713,28567049.0,56396761.3,19.218987,1
sz.159907,"广发国证2000ETF",2026-06-01,1.149,1.164,1.143,1.147,1.15,-0.00299999999999989,-0.2609,7776900.0,8966758.0,4.65132,1
sz.159908,"博时创业板ETF",2026-06-01,3.745,3.805,3.677,3.684,3.767,-0.0829999999999997,-2.2033,27668500.0,103893893.3,9.734579,1
sz.159909,"招商深证TMT50ETF",2026-06-01,1.447,1.47,1.407,1.408,1.456,-0.048,-3.2967,13139000.0,18834089.3,2.632739,1
sz.159910,"嘉实深证基本面120ETF",2026-06-01,2.437,2.462,2.437,2.439,2.444,-0.00499999999999989,-0.2046,199500.0,486946.9,0.212446,1
sz.159912,"汇添富深证300ETF",2026-06-01,2.135,2.16,2.1,2.107,2.135,-0.0279999999999996,-1.3115,923400.0,1963965.5,1.579839,1
sz.159913,"交银深证300价值ETF",2026-06-01,2.484,2.488,2.454,2.484,2.467,0.0169999999999999,0.6891,109600.0,270227.9,0.484319,1
sz.159915,"易方达创业板ETF",2026-06-01,4.047,4.094,3.956,3.964,4.053,-0.089,-2.1959,1322445104.0,5325031114.047,12.523801,1
sz.159916,"建信深证基本面60ETF",2026-06-01,5.21,5.248,5.183,5.204,5.23,-0.0260000000000007,-0.4971,25192.0,131016.948,0.0541,1
sz.159918,"嘉实中创400ETF",2026-06-01,2.767,2.795,2.728,2.73,2.74,-0.0100000000000002,-0.365,434300.0,1203812.8,1.42108,1
sz.159919,"嘉实沪深300ETF",2026-06-01,5.125,5.151,5.065,5.081,5.132,-0.0509999999999993,-0.9938,92740747.0,472782889.804,0.750553,1
sz.159920,"华夏恒生ETF(QDII)",2026-06-01,1.477,1.495,1.475,1.492,1.48,0.012,0.8108,390356702.0,580328306.178,5.727435,1
sz.159922,"嘉实中证500ETF",2026-06-01,3.349,3.392,3.322,3.327,3.353,-0.0260000000000002,-0.7754,191737229.0,642843289.553,8.969421,1
sz.159923,"大成中证A100ETF",2026-06-01,2.312,2.321,2.276,2.278,2.31,-0.032,-1.3853,512700.0,1180662.8,6.187686,1
sz.159925,"南方沪深300ETF",2026-06-01,4.951,4.987,4.896,4.907,4.959,-0.0519999999999996,-1.0486,15814508.0,78031844.488,3.075431,1
sz.159928,"汇添富中证主要消费ETF",2026-06-01,0.687,0.691,0.679,0.691,0.689,0.002,0.2903,383394600.0,263058731.5,1.622173,1
sz.159929,"汇添富中证医药卫生ETF",2026-06-01,1.234,1.247,1.22,1.225,1.236,-0.0109999999999999,-0.89,73356800.0,90357619.3,4.041242,1
sz.159930,"汇添富中证能源ETF",2026-06-01,1.703,1.768,1.695,1.766,1.706,0.0600000000000001,3.517,172720140.0,302120724.74,24.416256,1
sz.159931,"汇添富中证金融地产ETF",2026-06-01,1.771,1.783,1.759,1.781,1.771,0.01,0.5647,243300.0,432157.1,1.16811,1
sz.159933,"国投瑞银金融地产ETF",2026-06-01,2.739,2.757,2.739,2.757,2.742,0.0150000000000001,0.547,110600.0,303473.3,0.295889,1
sz.159934,"易方达黄金ETF",2026-06-01,9.823,9.835,9.761,9.765,9.816,-0.0510000000000002,-0.5196,67894910.0,665368136.997,1.683731,1
sz.159935,"景顺长城中证500ETF",2026-06-01,2.61,2.645,2.592,2.598,2.61,-0.012,-0.4598,887600.0,2316618.9,3.765332,1
sz.159936,"广发中证全指可选消费ETF",2026-06-01,2.024,2.033,2.014,2.02,2.017,0.00300000000000011,0.1487,513500.0,1038989.1,0.474777,1
sz.159937,"博时黄金ETF",2026-06-01,9.385,9.391,9.32,9.324,9.38,-0.0560000000000009,-0.597,70277200.0,657794448.1,1.42382,1
sz.159938,"广发中证全指医药卫生ETF",2026-06-01,0.6,0.607,0.593,0.597,0.601,-0.004,-0.6656,68896000.0,41180880.1,0.941579,1
sz.159939,"广发中证全指信息技术ETF",2026-06-01,1.182,1.197,1.141,1.142,1.185,-0.0430000000000001,-3.6287,51632725.0,60306924.843,6.048422,1
sz.159940,"广发中证全指金融地产ETF",2026-06-01,1.15,1.162,1.138,1.162,1.155,0.0069999999999999,0.6061,1684700.0,1948746.5,0.374328,1
sz.159941,"广发纳指100ETF",2026-06-01,1.705,1.773,1.705,1.764,1.694,0.0700000000000001,4.1322,2258493672.0,3944778179.25,10.056607,1
sz.159943,"大成深证成份ETF",2026-06-01,1.707,1.722,1.68,1.691,1.711,-0.02,-1.1689,17066100.0,29020206.8,14.683052,1
sz.159944,"广发中证全指原材料ETF",2026-06-01,1.526,1.542,1.517,1.52,1.526,-0.00600000000000001,-0.3932,6940000.0,10607656.3,16.679348,1
sz.159945,"广发中证全指能源ETF",2026-06-01,1.364,1.428,1.362,1.428,1.362,0.0659999999999998,4.8458,12659700.0,17680645.0,13.749734,1
sz.159948,"南方创业板ETF",2026-06-01,4.47,4.523,4.37,4.376,4.479,-0.103,-2.2996,14598300.0,64982292.2,1.448678,1
sz.159949,"华安创业板50ETF",2026-06-01,1.964,1.988,1.914,1.918,1.965,-0.0470000000000002,-2.3919,1419421593.0,2768793367.395,10.949129,1
sz.159952,"广发创业板ETF",2026-06-01,2.45,2.486,2.402,2.407,2.461,-0.0539999999999998,-2.1942,209097252.0,509191782.732,6.062925,1
sz.159954,"南方恒生中国企业ETF",2026-06-01,0.915,0.927,0.911,0.922,0.914,0.00800000000000001,0.8753,4681800.0,4312623.5,1.987139,1
sz.159956,"建信创业板ETF",2026-06-01,2.565,2.59,2.504,2.508,2.567,-0.0590000000000002,-2.2984,2275900.0,5828434.9,4.949904,1
sz.159957,"华夏创业板ETF",2026-06-01,2.651,2.686,2.596,2.598,2.659,-0.0609999999999999,-2.2941,68376409.0,181214401.117,9.047077,1
sz.159958,"工银瑞信创业板ETF",2026-06-01,2.454,2.476,2.392,2.397,2.454,-0.0570000000000004,-2.3227,4304100.0,10484943.4,1.959871,1
sz.159959,"银华中证央企结构调整ETF",2026-06-01,1.697,1.7,1.675,1.677,1.697,-0.02,-1.1786,256800.0,433177.1,0.01408,1
sz.159960,"平安港股通恒生中国企业ETF",2026-06-01,0.853,0.857,0.848,0.854,0.847,0.00700000000000001,0.8264,4698600.0,4019036.1,2.820729,1
sz.159961,"方正富邦深证100ETF",2026-06-01,2.481,2.484,2.424,2.425,2.467,-0.0420000000000003,-1.7025,2514000.0,6186393.5,2.322505,1
sz.159964,"平安创业板ETF",2026-06-01,2.628,2.665,2.578,2.582,2.628,-0.0460000000000003,-1.7504,2797800.0,7358932.7,1.492304,1
sz.159965,"国联央视财经50ETF",2026-06-01,1.69,1.693,1.681,1.686,1.694,-0.00800000000000001,-0.4723,73100.0,123601.9,0.28749,1
sz.159966,"华夏创业板低波价值ETF",2026-06-01,0.628,0.639,0.622,0.623,0.632,-0.00900000000000001,-1.4241,37299620.0,23420306.44,6.366214,1
sz.159967,"华夏创成长ETF",2026-06-01,0.929,0.942,0.892,0.894,0.931,-0.037,-3.9742,2088029697.0,1901309309.305,32.35597,1
sz.159968,"博时中证500ETF",2026-06-01,10.768,10.885,10.677,10.698,10.782,-0.0839999999999996,-0.7791,2132871.0,22890350.037,3.572942,1
sz.159970,"工银瑞信深证100ETF",2026-06-01,1.16,1.162,1.137,1.138,1.16,-0.022,-1.8966,621900.0,716303.6,7.174083,1
sz.159971,"富国创业板ETF",2026-06-01,1.409,1.424,1.375,1.378,1.408,-0.03,-2.1307,54019800.0,75697309.4,4.136214,1
sz.159972,"鹏华中证5年期地方政府债ETF",2026-06-01,119.268,119.388,119.266,119.288,119.296,-0.00800000000000978,-0.0067,2929300.0,349431923.0,6.924092,1
sz.159973,"弘毅远方国证民企领先100ETF",2026-06-01,2.15,2.17,2.116,2.124,2.149,-0.0249999999999999,-1.1633,187000.0,400802.8,0.093511,1
sz.159974,"富国央企创新ETF",2026-06-01,1.88,1.886,1.85,1.866,1.874,-0.00800000000000001,-0.4269,521900.0,978600.3,1.290796,1
sz.159975,"招商深证100ETF",2026-06-01,0.852,0.867,0.831,0.831,0.852,-0.021,-2.4648,8894200.0,7485475.4,15.620917,1
sz.159976,"工银瑞信粤港澳大湾区创新100ETF",2026-06-01,1.35,1.357,1.343,1.343,1.346,-0.00300000000000011,-0.2229,1412400.0,1902253.9,1.88607,1
sz.159977,"天弘创业板ETF",2026-06-01,2.102,2.129,2.058,2.061,2.108,-0.0470000000000002,-2.2296,69802600.0,146587922.2,2.38082,1
sz.159980,"大成有色金属期货ETF",2026-06-01,2.148,2.155,2.144,2.149,2.149,0.0,0.0,158840413.0,341362798.563,5.247757,1
sz.159981,"建信能源化工期货ETF",2026-06-01,1.602,1.618,1.601,1.618,1.585,0.0330000000000001,2.082,209126000.0,336947418.4,9.932193,1
sz.159982,"鹏华中证500ETF",2026-06-01,2.206,2.232,2.187,2.188,2.206,-0.0179999999999998,-0.816,8924602.0,19705917.75,6.55203,1
sz.159985,"华夏饲料豆粕期货ETF",2026-06-01,2.071,2.081,2.066,2.073,2.077,-0.004,-0.1926,93229796.0,193103458.951,6.282653,1
sz.159991,"招商创业板大盘ETF",2026-06-01,0.976,0.985,0.949,0.951,0.976,-0.025,-2.5615,10456200.0,10091793.1,10.470527,1
sz.159992,"银华中证创新药产业ETF",2026-06-01,0.769,0.783,0.753,0.757,0.767,-0.01,-1.3038,1145093270.0,877371795.49,6.199619,1
sz.159993,"鹏华国证证券龙头ETF",2026-06-01,1.116,1.13,1.11,1.119,1.118,0.00099999999999989,0.0894,64623700.0,72371462.2,2.082487,1
sz.159994,"银华中证5G通信主题ETF",2026-06-01,1.46,1.487,1.41,1.416,1.471,-0.0550000000000002,-3.739,226101704.0,325826952.698,9.633634,1
sz.159995,"华夏国证半导体芯片ETF",2026-06-01,2.485,2.499,2.351,2.357,2.491,-0.134,-5.3794,634511783.0,1531415751.948,5.664696,1
sz.159996,"国泰中证全指家用电器ETF",2026-06-01,1.463,1.488,1.463,1.472,1.467,0.00499999999999989,0.3408,103514787.0,152936114.277,18.079453,1
sz.159997,"天弘中证电子ETF",2026-06-01,2.256,2.288,2.164,2.168,2.272,-0.104,-4.5775,60644506.0,134525189.588,8.836357,1
sz.159998,"天弘中证计算机主题ETF",2026-06-01,1.017,1.054,1.017,1.027,1.014,0.0129999999999999,1.2821,128918300.0,133631168.1,7.630761,1
sz.300001,"特锐德",2026-06-01,39.5,39.66,37.66,37.83,39.1,-1.27,-3.2481,25443194.0,975676719.05,2.4585,0
sz.300002,"神州泰岳",2026-06-01,7.85,8.22,7.84,8.1,7.9,0.199999999999999,2.5316,39919313.0,322958356.49,2.1615,0
sz.300003,"乐普医疗",2026-06-01,12.56,12.71,12.47,12.67,12.61,0.0600000000000005,0.4758,19692532.0,248609440.13,1.2472,0
sz.300004,"南风股份",2026-06-01,13.7,14.22,13.46,13.55,13.78,-0.229999999999999,-1.6691,19187010.0,265171833.7,3.9973,0
sz.300005,"探路者",2026-06-01,15.36,15.36,14.85,14.95,15.11,-0.16,-1.0589,26399626.0,397806364.36,3.0116,0
sz.300006,"莱美药业",2026-06-01,5.35,5.42,5.22,5.26,5.35,-0.0899999999999999,-1.6822,20742344.0,110046560.16,1.9646,0
sz.300007,"汉威科技",2026-06-01,41.76,42.88,41.54,41.59,42.03,-0.439999999999998,-1.0469,12729314.0,535930824.77,4.4988,0
sz.300008,"天海防务",2026-06-01,6.52,6.71,6.52,6.62,6.58,0.04,0.6079,36922019.0,244807185.78,2.2414,0
sz.300009,"安科生物",2026-06-01,8.33,8.38,8.23,8.35,8.32,0.0299999999999994,0.3606,14313349.0,119017091.11,1.1635,0
sz.300010,"ST豆神",2026-06-01,2.8,3.0,2.76,2.97,2.81,0.16,5.694,65379938.0,189721802.07,3.9307,1
sz.300011,"鼎汉技术",2026-06-01,6.48,6.68,6.45,6.58,6.48,0.0999999999999996,1.5432,6671500.0,43943710.98,1.3152,0
sz.300012,"华测检测",2026-06-01,14.34,14.62,14.22,14.42,14.37,0.0500000000000007,0.3479,32009411.0,461944090.39,2.2365,0
sz.300013,"新宁物流",2026-06-01,4.75,4.84,4.64,4.72,4.79,-0.0700000000000003,-1.4614,30482063.0,145062847.1,6.8338,0
sz.300014,"亿纬锂能",2026-06-01,64.5,66.91,64.46,64.99,63.68,1.31,2.0572,69722832.0,4589382034.66,3.3005,0
sz.300015,"爱尔眼科",2026-06-01,9.12,9.22,8.97,9.2,9.12,0.0800000000000001,0.8772,73522021.0,671284184.93,0.9242,0
sz.300016,"北陆药业",2026-06-01,8.21,8.34,8.12,8.3,8.2,0.100000000000001,1.2195,11633757.0,96269508.01,2.0695,0
sz.300017,"网宿科技",2026-06-01,15.15,15.58,14.83,15.1,14.86,0.24,1.6151,140478943.0,2132819268.62,5.9997,0
sz.300018,"中元股份",2026-06-01,13.39,13.67,12.93,12.99,13.4,-0.41,-3.0597,16225262.0,214186169.6,4.4987,0
sz.300019,"硅宝科技",2026-06-01,17.64,17.99,17.38,17.69,17.72,-0.0299999999999976,-0.1693,5387601.0,95537295.64,1.4616,0
sz.300020,"ST银江",2026-06-01,3.35,3.65,3.34,3.57,3.31,0.26,7.855,26610110.0,93887018.08,3.4713,1
sz.300021,"大禹节水",2026-06-01,3.98,4.1,3.95,4.08,4.01,0.0700000000000003,1.7456,12441000.0,50379113.0,1.4245,0
sz.300022,"吉峰科技",2026-06-01,8.46,8.51,8.35,8.46,8.45,0.0100000000000016,0.1183,9650601.0,81304280.42,1.9527,0
sz.300024,"机器人",2026-06-01,14.65,15.08,14.6,14.92,14.79,0.130000000000001,0.879,30264340.0,451200368.69,1.9336,0
sz.300025,"华星创业",2026-06-01,4.98,5.17,4.93,5.1,5.0,0.0999999999999996,2.0,12860820.0,65561287.0,2.5384,0
sz.300026,"红日药业",2026-06-01,3.25,3.29,3.22,3.29,3.26,0.0300000000000002,0.9202,22618940.0,73829228.2,0.7536,0
sz.300027,"ST华谊",2026-06-01,1.81,1.93,1.81,1.9,1.83,0.0699999999999998,3.8251,62641507.0,117117702.86,2.4426,1
sz.300029,"*ST天龙",2026-06-01,2.77,2.77,2.77,2.77,2.77,0.0,,,,,1
sz.300030,"阳普医疗",2026-06-01,6.95,7.17,6.82,7.09,6.97,0.12,1.7217,7969285.0,56425496.78,2.9274,0
sz.300031,"宝通科技",2026-06-01,23.33,24.96,23.31,24.51,23.31,1.2,5.148,24860710.0,605606780.61,7.0647,0
sz.300032,"金龙机电",2026-06-01,4.29,4.54,4.29,4.46,4.32,0.14,3.2407,25045805.0,111631056.25,3.1184,0
sz.300033,"同花顺",2026-06-01,226.6,234.68,222.6,228.87,227.76,1.11000000000001,0.4874,18228000.0,4180749476.47,4.1577,0
sz.300034,"钢研高纳",2026-06-01,18.49,18.87,18.36,18.38,18.49,-0.109999999999999,-0.5949,14311582.0,266198899.32,1.8658,0
sz.300035,"中科电气",2026-06-01,16.58,17.14,16.49,16.89,16.46,0.43,2.6124,19810736.0,335898403.18,3.396,0
sz.300036,"超图软件",2026-06-01,13.1,13.51,13.07,13.25,13.09,0.16,1.2223,10984835.0,146564860.72,2.5052,0
sz.300037,"新宙邦",2026-06-01,73.88,75.2,70.44,70.96,73.64,-2.68000000000001,-3.6393,29651560.0,2150015435.02,5.4827,0
sz.300039,"上海凯宝",2026-06-01,5.34,5.4,5.27,5.4,5.32,0.0800000000000001,1.5038,4836900.0,25907507.0,0.5275,0
sz.300040,"九洲集团",2026-06-01,7.79,7.98,7.42,7.97,7.6,0.37,4.8684,107372692.0,836408523.51,20.7533,0
sz.300041,"回天新材",2026-06-01,14.35,14.68,13.95,14.01,14.56,-0.550000000000001,-3.7775,51590720.0,736896258.82,9.4821,0
sz.300042,"朗科科技",2026-06-01,59.73,60.0,56.92,57.17,58.69,-1.52,-2.5899,17086268.0,994508756.94,8.5269,0
sz.300043,"星辉娱乐",2026-06-01,4.78,4.95,4.75,4.91,4.71,0.2,4.2463,40383209.0,197218992.06,3.2475,0
sz.300044,"*ST赛为",2026-06-01,5.64,6.1,5.6,6.0,5.76,0.24,4.1667,24343014.0,144258311.02,3.4028,1
sz.300045,"华力创通",2026-06-01,18.72,19.02,18.62,18.69,18.7,-0.00999999999999801,-0.0535,14765827.0,278189376.84,2.8599,0
sz.300046,"台基股份",2026-06-01,32.6,33.17,31.18,31.19,33.31,-2.12,-6.3645,11280652.0,358830501.19,4.7692,0
sz.300047,"天源迪科",2026-06-01,11.94,12.43,11.9,12.24,12.06,0.18,1.4925,18738975.0,230226158.8,3.2651,0
sz.300048,"合康新能",2026-06-01,5.81,5.98,5.8,5.92,5.84,0.0800000000000001,1.3699,14760112.0,87114249.45,1.3059,0
sz.300049,"福瑞医科",2026-06-01,45.27,46.1,44.4,45.31,44.66,0.650000000000006,1.4554,7259128.0,329374792.59,3.107,0
sz.300050,"世纪鼎利",2026-06-01,7.13,7.39,6.96,7.21,7.17,0.04,0.5579,30489800.0,218909709.0,5.5994,0
sz.300051,"琏升科技",2026-06-01,11.24,11.94,11.19,11.41,11.22,0.19,1.6934,18435502.0,212450599.76,5.0176,0
sz.300052,"中青宝",2026-06-01,11.85,12.38,11.82,12.1,11.93,0.17,1.425,17362265.0,210603144.75,6.6306,0
sz.300053,"航宇微",2026-06-01,16.69,16.69,15.51,15.6,16.68,-1.08,-6.4748,35986925.0,575644924.32,5.5295,0
sz.300054,"鼎龙股份",2026-06-01,68.01,69.04,65.0,65.82,67.14,-1.32000000000001,-1.966,36963721.0,2485457120.72,5.0076,0
sz.300055,"万邦达",2026-06-01,8.27,9.14,8.25,8.77,8.3,0.469999999999999,5.6627,30340936.0,269910442.37,4.7943,0
sz.300056,"中创环保",2026-06-01,9.68,10.49,9.67,9.9,9.74,0.16,1.6427,23935045.0,240643913.04,6.2137,0
sz.300057,"万顺新材",2026-06-01,8.28,9.37,8.18,8.84,8.23,0.609999999999999,7.4119,110453471.0,988261465.34,13.292,0
sz.300058,"蓝色光标",2026-06-01,16.83,18.3,16.65,17.96,16.7,1.26,7.5449,601937670.0,10585034864.55,17.3074,0
sz.300059,"东方财富",2026-06-01,19.05,19.27,18.85,18.97,19.16,-0.190000000000001,-0.9916,244598976.0,4660389526.3,1.8339,0
sz.300061,"旗天科技",2026-06-01,9.19,9.84,9.15,9.63,9.29,0.340000000000002,3.6598,35159503.0,335871199.74,5.6511,0
sz.300062,"中能电气",2026-06-01,7.0,7.23,6.99,7.18,7.02,0.16,2.2792,14295888.0,102032779.37,3.1189,0
sz.300063,"天龙集团",2026-06-01,10.51,11.41,10.49,11.1,10.54,0.56,5.3131,83113445.0,915753508.35,13.266,0
sz.300065,"海兰信",2026-06-01,20.57,20.98,20.25,20.27,20.77,-0.5,-2.4073,30744802.0,633178237.46,4.682,0
sz.300066,"三川智慧",2026-06-01,5.3,5.42,5.25,5.38,5.31,0.0700000000000003,1.3183,10993201.0,59028412.36,1.1014,0
sz.300067,"安诺其",2026-06-01,5.77,5.92,5.66,5.78,5.77,0.0100000000000007,0.1733,44562260.0,259157871.49,4.7545,0
sz.300068,"ST南都",2026-06-01,4.37,4.79,4.33,4.73,4.43,0.300000000000001,6.772,79925128.0,367149272.55,9.3624,1
sz.300069,"金利华电",2026-06-01,47.45,52.74,46.93,48.25,49.56,-1.31,-2.6433,20235149.0,1008229649.6,17.295,0
sz.300070,"碧水源",2026-06-01,3.53,3.6,3.52,3.59,3.52,0.0699999999999998,1.9886,38844243.0,138622463.58,1.1309,0
sz.300071,"福石控股",2026-06-01,4.16,4.77,4.16,4.56,4.19,0.369999999999999,8.8305,85319025.0,385111797.05,9.0251,0
sz.300072,"海新能科",2026-06-01,3.8,4.02,3.78,3.94,3.81,0.13,3.4121,43189292.0,170141579.3,1.8525,0
sz.300073,"当升科技",2026-06-01,55.78,57.19,55.4,55.48,55.55,-0.0700000000000003,-0.126,14627043.0,823792876.59,2.8909,0
sz.300074,"华平股份",2026-06-01,4.07,4.29,4.04,4.23,4.09,0.140000000000001,3.423,24166101.0,101680575.21,4.3951,0
sz.300075,"数字政通",2026-06-01,12.68,13.12,12.68,12.96,12.68,0.280000000000001,2.2082,9236860.0,119616339.08,1.792,0
sz.300076,"*ST宁视",2026-06-01,4.72,4.88,4.65,4.87,4.77,0.100000000000001,2.0964,7116005.0,34216573.17,1.6783,1
sz.300077,"国民技术",2026-06-01,23.6,24.29,22.63,22.65,22.97,-0.32,-1.3931,39984238.0,935073776.11,7.0603,0
sz.300078,"思创智联",2026-06-01,3.3,3.46,3.22,3.4,3.31,0.0899999999999999,2.719,24895507.0,84612695.77,2.2361,0
sz.300079,"数码视讯",2026-06-01,5.09,5.27,5.09,5.21,5.09,0.12,2.3576,29831000.0,155215592.0,2.3279,0
sz.300080,"易成新能",2026-06-01,3.96,4.15,3.96,4.13,3.99,0.14,3.5088,23207364.0,95051537.0,1.2405,0
sz.300081,"ST恒信",2026-06-01,4.0,4.29,3.96,4.25,3.98,0.27,6.7839,17911902.0,74914310.46,2.9622,1
sz.300082,"奥克股份",2026-06-01,9.69,10.04,9.6,9.78,9.69,0.0899999999999999,0.9288,10658476.0,105174258.0,1.5713,0
sz.300083,"创世纪",2026-06-01,10.06,10.24,9.92,9.98,10.01,-0.0299999999999994,-0.2997,65189853.0,657468947.3,4.3689,0
sz.300084,"海默科技",2026-06-01,12.04,12.09,11.5,11.76,12.02,-0.26,-2.1631,13828100.0,163785171.0,3.8769,0
sz.300085,"银之杰",2026-06-01,38.44,42.93,38.44,41.6,38.68,2.92,7.5491,69122924.0,2832841947.77,10.6015,0
sz.300086,"康芝药业",2026-06-01,6.51,6.86,6.49,6.76,6.57,0.19,2.8919,12949404.0,87170458.46,2.9385,0
sz.300087,"荃银高科",2026-06-01,7.42,7.77,7.38,7.74,7.44,0.3,4.0323,17207553.0,131106318.92,1.9071,0
sz.300088,"长信科技",2026-06-01,7.02,7.58,7.02,7.16,7.1,0.0600000000000005,0.8451,206171409.0,1511621145.82,8.295,0
sz.300091,"*ST金灵",2026-06-01,2.92,2.97,2.9,2.97,2.93,0.04,1.3652,11138069.0,32816485.44,0.6811,1
sz.300092,"科新机电",2026-06-01,13.74,14.19,13.61,14.09,13.91,0.18,1.294,3201500.0,44939111.0,1.5255,0
sz.300093,"*ST金刚",2026-06-01,22.0,23.82,21.6,23.6,21.8,1.8,8.2569,4389610.0,98976104.0,1.9004,1
sz.300094,"国联水产",2026-06-01,2.93,3.06,2.86,3.05,2.93,0.12,4.0956,39225310.0,118044063.73,3.5481,0
sz.300095,"华伍股份",2026-06-01,9.1,9.27,9.02,9.08,9.14,-0.0600000000000005,-0.6565,9668000.0,88292129.0,3.0434,0
sz.300096,"ST易联众",2026-06-01,8.68,9.2,8.55,9.0,8.66,0.34,3.9261,3824377.0,34213782.64,0.8894,1
sz.300097,"智云股份",2026-06-01,9.19,9.45,9.08,9.17,9.29,-0.119999999999999,-1.2917,5970500.0,55416268.0,2.2112,0
sz.300098,"高新兴",2026-06-01,5.3,5.48,5.29,5.39,5.31,0.0800000000000001,1.5066,38722532.0,209558752.47,2.5116,0
sz.300099,"尤洛卡",2026-06-01,7.7,7.83,7.56,7.73,7.77,-0.0399999999999991,-0.5148,12714827.0,98024293.82,2.1858,0
sz.300100,"双林股份",2026-06-01,30.5,31.27,30.0,30.16,30.51,-0.350000000000001,-1.1472,11834600.0,361840133.22,2.1472,0
sz.300101,"振芯科技",2026-06-01,17.16,17.4,17.07,17.11,17.23,-0.120000000000001,-0.6965,9887400.0,170440106.12,1.747,0
sz.300102,"乾照光电",2026-06-01,24.02,24.85,23.52,24.23,24.18,0.0500000000000007,0.2068,29509537.0,721329354.01,3.2218,0
sz.300103,"达刚控股",2026-06-01,7.9,9.58,7.8,9.58,7.98,1.6,20.0501,14987965.0,136127182.7,4.723,0
sz.300105,"龙源技术",2026-06-01,6.15,6.38,6.11,6.33,6.15,0.18,2.9268,6190000.0,38972394.0,1.2008,0
sz.300106,"西部牧业",2026-06-01,13.91,14.43,13.74,13.81,14.62,-0.809999999999999,-5.5404,19131600.0,268916660.0,9.0529,0
sz.300107,"建新股份",2026-06-01,6.44,6.7,6.39,6.58,6.44,0.14,2.1739,8408000.0,55443830.0,2.4204,0
sz.300109,"新开源",2026-06-01,17.61,17.83,17.41,17.48,17.62,-0.140000000000001,-0.7946,5828119.0,102564830.94,1.3031,0
sz.300110,"华仁药业",2026-06-01,2.8,2.87,2.76,2.87,2.8,0.0700000000000003,2.5,19861420.0,56220965.0,1.6815,0
sz.300111,"向日葵",2026-06-01,3.31,3.48,3.31,3.4,3.33,0.0699999999999998,2.1021,31844600.0,108821724.0,2.4739,0
sz.300112,"万讯自控",2026-06-01,7.03,7.36,6.98,7.25,6.98,0.27,3.8682,10588900.0,76510511.46,4.4565,0
sz.300113,"顺网科技",2026-06-01,21.79,22.56,21.76,21.95,21.83,0.120000000000001,0.5497,25157142.0,557356032.19,4.9423,0
sz.300115,"长盈精密",2026-06-01,33.8,34.63,32.8,32.82,33.37,-0.549999999999997,-1.6482,49124104.0,1649170172.37,3.6192,0
sz.300118,"东方日升",2026-06-01,13.99,14.33,13.79,13.82,14.0,-0.18,-1.2857,44242816.0,622548986.56,4.7736,0
sz.300119,"瑞普生物",2026-06-01,16.14,16.54,16.04,16.49,16.14,0.349999999999998,2.1685,2961100.0,48284382.0,0.8875,0
sz.300120,"经纬辉开",2026-06-01,8.3,8.96,8.03,8.54,8.3,0.239999999999998,2.8916,87637222.0,741319543.14,16.6154,0
sz.300121,"阳谷华泰",2026-06-01,10.94,11.5,10.92,11.35,11.03,0.32,2.9012,12029238.0,134998182.86,2.8017,0
sz.300122,"智飞生物",2026-06-01,13.57,13.84,13.4,13.7,13.59,0.109999999999999,0.8094,14348876.0,196364451.47,1.0146,0
sz.300123,"ST亚光",2026-06-01,4.13,4.83,4.07,4.76,4.16,0.6,14.4231,69996477.0,309324156.08,7.0418,1
sz.300124,"汇川技术",2026-06-01,74.0,76.44,73.0,74.5,73.96,0.540000000000006,0.7301,44763655.0,3353312783.28,1.8572,0
sz.300125,"*ST聆达",2026-06-01,10.55,10.69,10.43,10.6,10.56,0.0399999999999991,0.3788,3993259.0,42194803.64,1.1067,1
sz.300126,"锐奇股份",2026-06-01,6.84,7.2,6.69,7.05,6.84,0.21,3.0702,7984200.0,56276102.0,3.7903,0
sz.300127,"银河磁体",2026-06-01,28.6,29.11,28.18,28.23,28.45,-0.219999999999999,-0.7733,4666000.0,133334205.0,2.0215,0
sz.300128,"锦富技术",2026-06-01,8.0,8.54,7.91,8.09,7.79,0.3,3.8511,119427838.0,976887206.04,9.2047,0
sz.300129,"泰胜风能",2026-06-01,9.82,10.68,9.82,10.6,9.9,0.699999999999999,7.0707,36209641.0,371814043.75,5.0381,0
sz.300130,"新国都",2026-06-01,23.16,25.0,23.0,24.06,22.9,1.16,5.0655,22383901.0,542137078.68,5.1557,0
sz.300131,"英唐智控",2026-06-01,17.5,17.55,16.65,16.79,17.38,-0.59,-3.3947,67687252.0,1156346847.48,6.4942,0
sz.300132,"青松股份",2026-06-01,7.65,7.81,7.48,7.67,7.72,-0.0499999999999998,-0.6477,10758143.0,82128744.81,2.1174,0
sz.300133,"华策影视",2026-06-01,8.35,8.63,8.31,8.36,8.44,-0.0800000000000001,-0.9479,81974758.0,693601818.75,4.8899,0
sz.300134,"大富科技",2026-06-01,9.74,10.25,9.74,10.05,9.97,0.0800000000000001,0.8024,11939153.0,120089489.98,1.5556,0
sz.300135,"宝利国际",2026-06-01,3.5,3.63,3.49,3.61,3.52,0.0899999999999999,2.5568,17778600.0,63964254.0,1.9291,0
sz.300136,"信维通信",2026-06-01,96.89,98.35,91.18,91.53,98.65,-7.12,-7.2174,97953173.0,9185092239.19,11.8702,0
sz.300137,"先河环保",2026-06-01,18.51,19.04,17.92,18.61,18.67,-0.0600000000000023,-0.3214,22751360.0,421999988.8,4.2924,0
sz.300138,"晨光生物",2026-06-01,10.45,10.63,10.33,10.62,10.52,0.0999999999999996,0.9506,6943924.0,73015051.08,1.7433,0
sz.300139,"晓程科技",2026-06-01,43.89,44.97,43.5,43.61,44.21,-0.600000000000001,-1.3572,15903309.0,703832232.44,6.8062,0
sz.300140,"节能环境",2026-06-01,6.0,6.24,5.97,6.18,6.01,0.17,2.8286,17059300.0,104744762.0,1.6723,0
sz.300141,"和顺电气",2026-06-01,11.52,11.8,11.37,11.52,11.34,0.18,1.5873,5246700.0,60947458.0,2.0606,0
sz.300142,"沃森生物",2026-06-01,12.81,13.01,12.5,12.56,12.87,-0.309999999999999,-2.4087,61554349.0,781859819.64,3.9029,0
sz.300143,"盈康生命",2026-06-01,10.16,10.37,10.13,10.29,10.16,0.129999999999999,1.2795,4097233.0,42153909.55,0.6389,0
sz.300144,"宋城演艺",2026-06-01,6.7,6.82,6.64,6.81,6.74,0.0699999999999994,1.0386,19322178.0,130682166.94,0.7439,0
sz.300145,"南方泵业",2026-06-01,4.36,4.7,4.32,4.54,4.38,0.16,3.653,88850082.0,403324590.76,4.6498,0
sz.300146,"汤臣倍健",2026-06-01,9.72,10.09,9.7,10.08,9.77,0.31,3.173,18167618.0,179828502.45,1.6211,0
sz.300147,"*ST香雪",2026-06-01,9.8,9.89,9.71,9.8,9.92,-0.119999999999999,-1.2097,6500026.0,63696313.16,0.9888,1
sz.300148,"天舟文化",2026-06-01,3.57,3.74,3.55,3.7,3.57,0.13,3.6415,27096078.0,99903956.65,3.3283,0
sz.300149,"睿智医药",2026-06-01,8.62,8.77,8.53,8.63,8.72,-0.0899999999999999,-1.0321,12283323.0,105974309.93,2.5883,0
sz.300150,"世纪瑞尔",2026-06-01,4.29,4.53,4.28,4.46,4.33,0.13,3.0023,10975600.0,48888386.0,2.3671,0
sz.300151,"昌红科技",2026-06-01,23.6,24.18,22.96,23.01,23.6,-0.59,-2.5,22049598.0,517263967.33,5.9811,0
sz.300152,"*ST动力",2026-06-01,1.66,1.93,1.66,1.91,1.66,0.25,15.0602,49975859.0,90477877.07,7.0115,1
sz.300153,"科泰电源",2026-06-01,26.95,27.58,26.35,26.4,26.96,-0.560000000000002,-2.0772,9696214.0,260578715.72,3.046,0
sz.300154,"瑞凌股份",2026-06-01,9.28,9.71,9.16,9.47,9.37,0.100000000000001,1.0672,15376426.0,145711645.44,4.879,0
sz.300155,"安居宝",2026-06-01,4.64,5.0,4.57,4.98,4.73,0.25,5.2854,16029540.0,78139052.2,4.8656,0
sz.300157,"新锦动力",2026-06-01,4.57,4.76,4.54,4.68,4.58,0.0999999999999996,2.1834,25219720.0,118438783.8,3.563,0
sz.300158,"振东制药",2026-06-01,5.0,5.17,4.94,5.12,5.03,0.0899999999999999,1.7893,10383114.0,52855249.0,1.0472,0
sz.300159,"*ST新研",2026-06-01,3.86,3.94,3.81,3.92,3.88,0.04,1.0309,23920396.0,93114003.81,1.2984,1
sz.300160,"秀强股份",2026-06-01,4.95,5.06,4.93,5.02,5.02,0.0,0.0,7452302.0,37297733.02,0.9778,0
sz.300161,"华中数控",2026-06-01,32.57,33.33,32.03,32.08,32.56,-0.480000000000004,-1.4742,4335950.0,141375432.88,2.2236,0
sz.300162,"雷曼光电",2026-06-01,9.36,10.12,9.32,9.65,9.54,0.110000000000001,1.153,53460535.0,522429931.15,15.6243,0
sz.300163,"先锋新材",2026-06-01,6.42,6.6,6.13,6.2,6.46,-0.26,-4.0248,42666100.0,270031231.0,9.3444,0
sz.300164,"通源石油",2026-06-01,10.03,10.2,9.9,10.1,9.92,0.18,1.8145,45405018.0,459276514.86,7.7854,0
sz.300165,"天瑞仪器",2026-06-01,6.19,6.26,5.9,6.13,6.2,-0.0700000000000003,-1.129,22316288.0,136478992.6,5.3066,0
sz.300166,"东方国信",2026-06-01,16.42,17.15,16.41,16.55,16.41,0.140000000000001,0.8531,79629897.0,1330699077.16,8.7915,0
sz.300167,"ST迪威迅",2026-06-01,5.07,5.37,5.07,5.34,5.22,0.12,2.2989,6947900.0,36452976.0,1.9622,1
sz.300168,"万达信息",2026-06-01,5.25,5.49,5.21,5.43,5.27,0.16,3.0361,23026716.0,124501168.04,1.6,0
sz.300169,"天晟新材",2026-06-01,5.45,5.82,5.4,5.76,5.47,0.29,5.3016,11190100.0,63685848.0,3.7086,0
sz.300170,"汉得信息",2026-06-01,19.49,20.87,19.48,20.2,19.0,1.2,6.3158,116267084.0,2342894862.47,11.9025,0
sz.300171,"东富龙",2026-06-01,11.8,11.85,11.65,11.84,11.7,0.140000000000001,1.1966,8333080.0,97923484.0,1.481,0
sz.300172,"中电环保",2026-06-01,4.8,4.93,4.78,4.93,4.79,0.14,2.9228,13848095.0,67721137.85,2.6481,0
sz.300173,"ST福能",2026-06-01,3.66,4.02,3.64,3.95,3.67,0.28,7.6294,20561188.0,79939400.4,2.7985,1
sz.300174,"元力股份",2026-06-01,27.09,29.5,27.09,27.39,27.05,0.34,1.2569,68420085.0,1916478220.35,18.8904,0
sz.300175,"ST朗源",2026-06-01,6.28,6.41,6.22,6.41,6.3,0.11,1.746,4294714.0,27247266.46,0.9122,1
sz.300176,"鸿特科技",2026-06-01,6.12,6.29,5.81,6.19,6.18,0.0100000000000007,0.1618,23309340.0,142380983.0,6.0187,0
sz.300177,"中海达",2026-06-01,7.35,7.51,7.3,7.43,7.35,0.0800000000000001,1.0884,8075957.0,59970718.05,1.332,0
sz.300179,"四方达",2026-06-01,45.91,48.67,44.16,44.85,45.25,-0.399999999999999,-0.884,74615874.0,3422095388.56,19.9517,0
sz.300180,"华峰超纤",2026-06-01,4.85,5.16,4.83,5.11,4.91,0.2,4.0733,51746475.0,262125222.41,3.0214,0
sz.300181,"佐力药业",2026-06-01,13.99,14.32,13.9,14.19,13.83,0.359999999999999,2.603,9712400.0,137351043.0,1.6109,0
sz.300182,"捷成股份",2026-06-01,5.79,6.25,5.75,6.13,5.71,0.42,7.3555,345018151.0,2098506893.26,15.2706,0
sz.300183,"东软载波",2026-06-01,12.21,12.49,12.08,12.32,12.28,0.0400000000000009,0.3257,7779399.0,95750500.68,2.0967,0
sz.300184,"力源信息",2026-06-01,16.2,16.88,15.79,15.86,16.49,-0.629999999999999,-3.8205,153566587.0,2499000909.44,14.5698,0
sz.300185,"通裕重工",2026-06-01,2.78,2.87,2.77,2.84,2.78,0.0600000000000001,2.1583,80197474.0,227427298.29,2.0852,0
sz.300187,"永清环保",2026-06-01,5.8,6.02,5.73,6.0,5.79,0.21,3.6269,26936200.0,160277870.0,4.1965,0
sz.300188,"国投智能",2026-06-01,11.28,11.58,10.88,11.36,11.33,0.0299999999999994,0.2648,16046148.0,180880989.89,1.8756,0
sz.300189,"神农种业",2026-06-01,5.13,5.27,5.06,5.24,5.13,0.11,2.1442,54756549.0,285191242.31,6.1785,0
sz.300190,"维尔利",2026-06-01,4.1,4.26,4.05,4.21,4.11,0.0999999999999996,2.4331,21079833.0,88061372.83,2.2325,0
sz.300191,"潜能恒信",2026-06-01,32.5,33.58,32.34,32.9,32.32,0.579999999999998,1.7946,7870878.0,259934028.08,3.5583,0
sz.300192,"科德教育",2026-06-01,16.84,17.2,16.6,16.93,16.82,0.109999999999999,0.654,6337500.0,107554569.0,1.9522,0
sz.300193,"佳士科技",2026-06-01,7.62,7.93,7.6,7.87,7.66,0.21,2.7415,7272900.0,56857077.0,1.7342,0
sz.300194,"福安药业",2026-06-01,3.8,3.9,3.77,3.9,3.82,0.0800000000000001,2.0942,11335865.0,43599977.7,1.1706,0
sz.300195,"长荣股份",2026-06-01,5.84,6.18,5.8,6.1,5.88,0.22,3.7415,12302834.0,74707257.42,3.9198,0
sz.300196,"长海股份",2026-06-01,24.6,27.68,24.13,26.42,24.51,1.91,7.7927,64555126.0,1683797411.04,26.1435,0
sz.300197,"节能铁汉",2026-06-01,1.93,1.93,1.9,1.93,1.61,0.32,19.8758,156743676.0,302498317.68,5.2861,0
sz.300198,"*ST纳川",2026-06-01,2.3,2.36,2.26,2.34,2.28,0.0600000000000001,2.6316,10579810.0,24452698.6,1.031,1
sz.300199,"翰宇药业",2026-06-01,23.22,23.44,22.14,22.19,23.11,-0.919999999999998,-3.981,39218815.0,888412613.12,5.2631,0
sz.300200,"高盟新材",2026-06-01,9.22,9.45,9.22,9.36,9.27,0.0899999999999999,0.9709,6754600.0,63268211.0,1.5934,0
sz.300201,"海伦哲",2026-06-01,19.41,19.44,18.5,19.39,19.2,0.190000000000001,0.9896,71672121.0,1360654232.12,7.1411,0
sz.300203,"聚光科技",2026-06-01,12.48,12.55,12.18,12.34,12.45,-0.109999999999999,-0.8835,11629081.0,144135844.54,2.5937,0
sz.300204,"舒泰神",2026-06-01,25.78,26.0,24.43,24.75,25.78,-1.03,-3.9953,38332856.0,957410705.54,8.4496,0
sz.300205,"*ST天喻",2026-06-01,5.67,6.02,5.67,5.99,5.66,0.33,5.8304,5670702.0,33598775.92,1.3186,1
sz.300206,"理邦仪器",2026-06-01,13.51,13.77,13.22,13.56,13.5,0.0600000000000005,0.4444,7557725.0,102018714.5,2.2335,0
sz.300207,"欣旺达",2026-06-01,22.79,23.48,22.73,22.81,22.79,0.0199999999999996,0.0878,44225464.0,1020674463.1,2.5805,0
sz.300209,"行云科技",2026-06-01,27.04,27.93,26.21,26.5,27.66,-1.16,-4.1938,58926304.0,1593011232.0,8.022,0
sz.300210,"森远股份",2026-06-01,11.26,11.99,11.26,11.6,11.36,0.24,2.1127,25560380.0,299529949.8,5.2787,0
sz.300211,"*ST亿通",2026-06-01,8.45,8.67,8.42,8.65,8.45,0.200000000000001,2.3669,3256800.0,27958553.0,1.0911,1
sz.300212,"*ST易录",2026-06-01,10.81,12.49,10.46,12.28,11.0,1.28,11.6364,56280956.0,658319884.47,8.0573,1
sz.300213,"佳讯飞鸿",2026-06-01,7.59,7.72,7.47,7.62,7.55,0.0700000000000003,0.9272,7508514.0,57208912.96,1.3597,0
sz.300214,"日科化学",2026-06-01,7.8,7.9,7.71,7.74,7.8,-0.0599999999999996,-0.7692,10064100.0,78363158.0,2.1648,0
sz.300215,"电科院",2026-06-01,8.0,8.1,7.5,7.78,8.38,-0.600000000000001,-7.1599,29708604.0,232887050.16,3.9659,0
sz.300217,"东方电热",2026-06-01,5.09,5.24,5.08,5.16,5.1,0.0600000000000005,1.1765,36965325.0,191542204.25,2.9777,0
sz.300218,"安利股份",2026-06-01,13.39,13.77,13.26,13.66,13.44,0.220000000000001,1.6369,3003101.0,40903323.65,1.3885,0
sz.300219,"鸿利智汇",2026-06-01,7.87,8.38,7.85,8.03,7.96,0.0699999999999994,0.8794,46022819.0,375066444.29,6.5129,0
sz.300220,"金运激光",2026-06-01,12.45,13.05,12.41,12.91,12.54,0.370000000000001,2.9506,3014260.0,38841800.2,1.9959,0
sz.300221,"银禧科技",2026-06-01,13.8,14.0,13.21,13.38,13.88,-0.5,-3.6023,38505000.0,521268500.01,8.4226,0
sz.300222,"科大智能",2026-06-01,17.08,17.66,16.19,16.27,17.04,-0.77,-4.5188,104824822.0,1759045155.54,16.539,0
sz.300223,"北京君正",2026-06-01,159.02,162.77,143.63,144.11,157.46,-13.35,-8.4783,43460748.0,6518174178.99,10.3338,0
sz.300224,"正海磁材",2026-06-01,12.24,12.45,12.18,12.18,12.31,-0.130000000000001,-1.0561,14697000.0,181021815.46,1.585,0
sz.300225,"*ST金泰",2026-06-01,9.38,9.68,9.02,9.08,9.59,-0.51,-5.318,19399825.0,180125520.0,4.1097,1
sz.300226,"上海钢联",2026-06-01,21.74,22.51,21.74,22.17,21.8,0.370000000000001,1.6972,6652369.0,147641591.52,2.1708,0
sz.300227,"光韵达",2026-06-01,11.14,11.19,10.63,11.01,11.09,-0.0800000000000001,-0.7214,28078688.0,306738191.45,6.4837,0
sz.300228,"富瑞特装",2026-06-01,8.23,8.69,8.21,8.5,8.29,0.210000000000001,2.5332,18084960.0,152919729.2,3.2358,0
sz.300229,"拓尔思",2026-06-01,16.65,17.96,16.6,17.37,16.57,0.800000000000001,4.828,32623504.0,566048113.51,3.7368,0
sz.300230,"永利股份",2026-06-01,4.8,5.04,4.78,4.98,4.83,0.15,3.1056,20638924.0,102250947.68,3.2769,0
sz.300231,"银信科技",2026-06-01,9.28,9.57,9.21,9.4,9.24,0.16,1.7316,9895182.0,93123243.38,2.2273,0
sz.300232,"洲明科技",2026-06-01,5.88,6.02,5.82,5.92,5.9,0.0199999999999996,0.339,19941799.0,118795621.29,2.2517,0
sz.300233,"金城医药",2026-06-01,13.14,13.47,13.08,13.44,13.14,0.299999999999999,2.2831,7168491.0,95439635.57,1.9384,0
sz.300234,"开尔新材",2026-06-01,8.35,8.62,8.26,8.42,8.45,-0.0299999999999994,-0.355,16973400.0,142709734.19,4.9343,0
sz.300235,"方直科技",2026-06-01,13.17,13.72,13.05,13.65,13.3,0.35,2.6316,10432067.0,140989266.15,5.1356,0
sz.300236,"上海新阳",2026-06-01,91.18,93.5,89.55,89.81,91.18,-1.37,-1.5025,11990520.0,1096573162.34,4.3046,0
sz.300237,"ST美晨",2026-06-01,2.29,2.32,2.25,2.31,2.28,0.0300000000000002,1.3158,20552869.0,47093989.52,1.4254,1
sz.300238,"冠昊生物",2026-06-01,11.9,12.11,11.77,12.0,11.84,0.16,1.3514,2554704.0,30653890.58,0.9636,0
sz.300239,"东宝生物",2026-06-01,5.24,5.6,5.21,5.4,5.25,0.15,2.8571,23701200.0,129316716.0,4.0187,0
sz.300240,"飞力达",2026-06-01,5.88,6.2,5.85,6.18,5.92,0.26,4.3919,9634700.0,58870134.0,2.6516,0
sz.300241,"瑞丰光电",2026-06-01,7.8,7.84,7.41,7.43,7.8,-0.37,-4.7436,86752924.0,660645026.51,14.6264,0
sz.300242,"佳云科技",2026-06-01,4.91,5.27,4.91,5.15,5.0,0.15,3.0,36433400.0,188080652.4,5.7416,0
sz.300243,"瑞丰高材",2026-06-01,18.52,19.09,18.0,18.63,18.85,-0.220000000000002,-1.1671,32097408.0,594936225.76,14.5751,0
sz.300244,"迪安诊断",2026-06-01,17.75,18.52,17.65,18.19,17.66,0.530000000000001,3.0011,31739412.0,575360757.72,6.3294,0
sz.300245,"ST天玑",2026-06-01,6.66,7.18,6.57,7.12,6.61,0.51,7.7156,19059300.0,133302577.14,6.2617,1
sz.300246,"宝莱特",2026-06-01,17.42,18.43,16.7,16.72,17.07,-0.350000000000001,-2.0504,16672100.0,294143646.5,7.8892,0
sz.300247,"融捷健康",2026-06-01,4.17,4.31,4.16,4.26,4.23,0.0299999999999994,0.7092,14794928.0,63070801.4,1.8424,0
sz.300248,"新开普",2026-06-01,8.84,9.15,8.7,8.97,8.77,0.200000000000001,2.2805,9730516.0,87331592.69,2.3789,0
sz.300249,"依米康",2026-06-01,15.08,15.36,14.88,14.9,15.02,-0.119999999999999,-0.7989,14649822.0,220508475.55,3.9159,0
sz.300250,"初灵信息",2026-06-01,16.56,17.43,16.45,17.08,16.5,0.579999999999998,3.5152,6349500.0,108670067.0,4.0334,0
sz.300251,"光线传媒",2026-06-01,12.69,12.97,12.65,12.9,12.75,0.15,1.1765,36990525.0,475288951.64,1.3328,0
sz.300252,"金信诺",2026-06-01,14.86,14.86,14.08,14.13,14.81,-0.68,-4.5915,29644610.0,427647222.8,5.3053,0
sz.300253,"卫宁健康",2026-06-01,7.84,8.29,7.83,8.15,7.84,0.31,3.9541,73091097.0,592300650.78,4.0371,0
sz.300254,"仟源医药",2026-06-01,10.82,10.93,10.52,10.75,10.88,-0.130000000000001,-1.1949,11931180.0,128325974.8,5.2809,0
sz.300255,"常山药业",2026-06-01,41.11,41.2,39.15,39.2,41.25,-2.05,-4.9697,15490509.0,617827055.73,1.6881,0
sz.300256,"星星科技",2026-06-01,3.11,3.19,3.07,3.15,3.11,0.04,1.2862,19172540.0,60496697.6,0.8546,0
sz.300257,"开山股份",2026-06-01,29.85,29.99,28.66,28.71,29.68,-0.969999999999999,-3.2682,8714800.0,253991876.31,0.9128,0
sz.300258,"精锻科技",2026-06-01,12.75,13.15,12.55,12.69,12.77,-0.0800000000000001,-0.6265,20003178.0,257417654.55,3.51,0
sz.300259,"新天科技",2026-06-01,6.52,6.98,6.13,6.17,6.52,-0.35,-5.3681,78796080.0,508618581.6,6.7374,0
sz.300260,"新莱应材",2026-06-01,56.0,57.18,54.0,54.25,56.24,-1.99,-3.5384,12349027.0,685302889.84,4.2933,0
sz.300261,"雅本化学",2026-06-01,5.11,5.22,5.02,5.17,5.09,0.0800000000000001,1.5717,9860314.0,50776955.66,1.0458,0
sz.300263,"隆华科技",2026-06-01,11.95,12.25,11.67,11.68,11.99,-0.31,-2.5855,48223516.0,574823927.17,4.9433,0
sz.300264,"佳创视讯",2026-06-01,8.33,9.05,8.17,8.8,8.24,0.56,6.7961,19780500.0,173078563.0,5.3405,0
sz.300265,"通光线缆",2026-06-01,22.52,23.99,21.6,23.71,22.68,1.03,4.5414,85744751.0,1988891182.76,18.349,0
sz.300266,"兴源环境",2026-06-01,2.05,2.17,2.02,2.14,2.05,0.0900000000000003,4.3902,37572450.0,80182682.0,2.4193,0
sz.300267,"尔康制药",2026-06-01,3.77,3.83,3.73,3.77,3.77,0.0,0.0,41341294.0,156402199.2,2.9065,0
sz.300268,"佳沃食品",2026-06-01,12.72,13.53,12.56,13.31,12.63,0.68,5.384,3108400.0,41056812.0,2.3248,0
sz.300269,"联建光电",2026-06-01,5.21,5.54,5.19,5.46,5.24,0.22,4.1985,30965300.0,168673994.0,5.8905,0
sz.300270,"中威电子",2026-06-01,12.82,13.18,12.53,12.57,12.87,-0.299999999999999,-2.331,10584522.0,135257969.92,4.0565,0
sz.300271,"华宇软件",2026-06-01,5.51,5.83,5.49,5.77,5.51,0.26,4.7187,17883500.0,102479046.0,2.2513,0
sz.300272,"开能健康",2026-06-01,6.15,6.28,6.11,6.16,6.13,0.0300000000000002,0.4894,11330360.0,70089587.8,2.4395,0
sz.300274,"阳光电源",2026-06-01,183.82,186.98,172.68,174.0,177.99,-3.99000000000001,-2.2417,71915685.0,12777680108.71,4.523,0
sz.300275,"梅安森",2026-06-01,9.51,9.91,9.43,9.75,9.63,0.119999999999999,1.2461,11744301.0,114523198.25,4.3263,0
sz.300276,"三丰智能",2026-06-01,8.08,8.27,7.93,7.93,8.15,-0.220000000000001,-2.6994,68879752.0,556282580.53,6.5158,0
sz.300277,"汽轮科技",2026-06-01,15.41,16.16,15.36,15.63,15.4,0.23,1.4935,23419586.0,369172489.38,3.0507,0
sz.300278,"华昌达",2026-06-01,4.48,4.63,4.46,4.55,4.5,0.0499999999999998,1.1111,24916500.0,113820066.0,1.7678,0
sz.300279,"和晶科技",2026-06-01,7.03,7.26,6.99,7.17,7.03,0.14,1.9915,9841200.0,70713052.0,2.021,0
sz.300281,"金明精机",2026-06-01,7.27,7.59,7.18,7.46,7.3,0.16,2.1918,13223950.0,98084774.0,3.3282,0
sz.300283,"温州宏丰",2026-06-01,17.01,17.66,15.99,16.14,16.97,-0.829999999999998,-4.891,69691063.0,1157646391.81,18.9781,0
sz.300284,"苏交科",2026-06-01,5.95,6.1,5.94,6.07,5.97,0.100000000000001,1.675,9220704.0,55800541.72,0.7829,0
sz.300285,"国瓷材料",2026-06-01,50.35,56.2,50.35,51.6,50.78,0.82,1.6148,116081938.0,6186791639.93,13.598,0
sz.300286,"安科瑞",2026-06-01,32.8,32.85,30.92,31.25,31.9,-0.649999999999999,-2.0376,12796400.0,403929246.0,6.1588,0
sz.300287,"飞利信",2026-06-01,3.89,4.06,3.89,4.05,3.96,0.0899999999999999,2.2727,20334923.0,81721175.33,1.5425,0
sz.300288,"朗玛信息",2026-06-01,10.18,10.67,10.16,10.57,10.22,0.35,3.4247,4575860.0,48112419.4,1.7835,0
sz.300289,"利德曼",2026-06-01,5.97,6.28,5.8,6.13,5.94,0.19,3.1987,7145037.0,43902061.81,1.3155,0
sz.300290,"荣科科技",2026-06-01,9.71,10.86,9.63,10.36,11.16,-0.800000000000001,-7.1685,61837075.0,627946935.13,9.669,0
sz.300291,"百纳千成",2026-06-01,6.81,7.28,6.75,7.14,6.98,0.159999999999999,2.2923,115301468.0,811607420.53,12.3998,0
sz.300292,"吴通控股",2026-06-01,5.34,5.48,5.3,5.36,5.39,-0.0299999999999994,-0.5566,67611600.0,363728935.0,6.0587,0
sz.300293,"蓝英装备",2026-06-01,17.3,17.92,17.06,17.46,17.41,0.0500000000000007,0.2872,4893600.0,86100062.0,1.4459,0
sz.300294,"博雅生物",2026-06-01,16.59,17.3,16.41,17.01,16.49,0.520000000000003,3.1534,14413754.0,243999949.9,2.8585,0
sz.300295,"*ST三六五",2026-06-01,11.2,12.0,11.15,11.77,11.26,0.51,4.5293,7719318.0,89963176.1,4.6071,1
sz.300296,"利亚德",2026-06-01,6.46,6.7,6.44,6.59,6.54,0.0499999999999998,0.7645,82498992.0,546241861.49,3.6271,0
sz.300298,"三诺生物",2026-06-01,15.58,15.76,15.5,15.72,15.57,0.15,0.9634,3830999.0,59995894.34,0.8496,0
sz.300299,"富春股份",2026-06-01,5.48,5.74,5.44,5.64,5.48,0.159999999999999,2.9197,16162300.0,91366676.0,2.345,0
sz.300300,"海峡创新",2026-06-01,9.67,9.89,9.51,9.72,9.5,0.220000000000001,2.3158,35359401.0,344899306.53,5.3028,0
sz.300301,"ST长方",2026-06-01,3.4,3.41,3.35,3.37,3.4,-0.0299999999999998,-0.8824,7414600.0,24990729.0,0.9388,1
sz.300302,"同有科技",2026-06-01,49.0,50.3,47.85,49.25,47.86,1.39,2.9043,37832052.0,1854659543.06,10.2578,0
sz.300303,"聚飞光电",2026-06-01,8.62,8.83,8.46,8.51,8.74,-0.23,-2.6316,64644581.0,558623896.85,4.8654,0
sz.300304,"云意电气",2026-06-01,13.21,13.8,12.8,13.22,13.23,-0.00999999999999979,-0.0756,27517413.0,365046048.79,3.2202,0
sz.300305,"裕兴股份",2026-06-01,6.82,7.29,6.78,6.92,6.83,0.0899999999999999,1.3177,28824103.0,202751969.75,8.9662,0
sz.300306,"远方信息",2026-06-01,10.59,11.18,10.51,11.0,10.66,0.34,3.1895,3309200.0,36280994.0,2.0997,0
sz.300307,"慈星股份",2026-06-01,6.72,6.89,6.63,6.8,6.74,0.0599999999999996,0.8902,10887600.0,74112181.0,1.3836,0
sz.300308,"中际旭创",2026-06-01,1161.0,1183.61,1113.9,1130.0,1161.16,-31.1600000000001,-2.6835,26978189.0,30968403448.51,2.4313,0
sz.300310,"宜通世纪",2026-06-01,5.28,5.41,5.2,5.35,5.31,0.04,0.7533,32817062.0,174630035.5,4.7467,0
sz.300311,"ST任子行",2026-06-01,5.39,5.51,5.38,5.49,5.39,0.100000000000001,1.8553,8988200.0,49083483.0,1.6725,1
sz.300313,"*ST天山",2026-06-01,9.42,9.71,9.4,9.66,9.56,0.0999999999999996,1.046,2387900.0,22896572.0,1.21,1
sz.300314,"戴维医疗",2026-06-01,10.25,10.57,10.17,10.44,10.2,0.24,2.3529,2390900.0,24938699.0,1.6633,0
sz.300315,"掌趣科技",2026-06-01,4.53,4.67,4.52,4.6,4.48,0.119999999999999,2.6786,76486815.0,352420862.14,3.0095,0
sz.300316,"晶盛机电",2026-06-01,51.39,52.42,47.59,47.65,50.82,-3.17,-6.2377,40293248.0,2002136506.79,3.2717,0
sz.300317,"珈伟新能",2026-06-01,5.97,6.1,5.61,5.91,5.72,0.19,3.3217,198909181.0,1170001191.05,23.9964,0
sz.300318,"博晖创新",2026-06-01,5.01,5.13,4.98,5.09,5.08,0.00999999999999979,0.1969,7076100.0,35933760.0,0.893,0
sz.300319,"麦捷科技",2026-06-01,15.55,16.5,15.36,15.46,14.59,0.870000000000001,5.963,140408629.0,2243846427.3,16.6602,0
sz.300320,"海达股份",2026-06-01,8.94,9.08,8.8,8.94,8.95,-0.00999999999999979,-0.1117,8224400.0,73806693.66,1.6946,0
sz.300321,"同大股份",2026-06-01,42.51,44.9,41.7,43.95,43.0,0.950000000000003,2.2093,4000800.0,175114824.89,4.5107,0
sz.300322,"硕贝德",2026-06-01,32.34,32.95,28.74,28.86,32.2,-3.34,-10.3727,41871791.0,1268978058.81,9.507,0
sz.300323,"华灿光电",2026-06-01,15.42,16.0,14.91,15.01,15.54,-0.529999999999999,-3.4106,112185656.0,1736463242.63,9.4457,0
sz.300324,"旋极信息",2026-06-01,4.48,4.6,4.45,4.52,4.49,0.0299999999999994,0.6682,35107274.0,159146080.31,2.0531,0
sz.300326,"ST凯利",2026-06-01,6.84,6.98,6.8,6.95,6.86,0.0899999999999999,1.312,4736812.0,32871981.08,0.6609,1
sz.300327,"中颖电子",2026-06-01,31.03,31.8,29.16,29.18,31.43,-2.25,-7.1588,38909505.0,1174081125.7,11.4827,0
sz.300328,"宜安科技",2026-06-01,17.74,18.43,17.73,17.99,17.73,0.259999999999998,1.4664,37576215.0,678740065.43,5.4693,0
sz.300329,"海伦钢琴",2026-06-01,13.17,13.3,12.9,13.03,13.28,-0.25,-1.8825,3001500.0,39303921.0,1.1904,0
sz.300331,"苏大维格",2026-06-01,52.74,54.03,51.15,51.28,52.74,-1.46,-2.7683,19127700.0,1002662832.13,8.611,0
sz.300332,"天壕能源",2026-06-01,4.99,5.16,4.94,5.14,4.95,0.19,3.8384,23691551.0,120675310.71,2.8544,0
sz.300333,"兆日科技",2026-06-01,10.44,10.75,10.25,10.38,10.35,0.0300000000000011,0.2899,11461248.0,120441979.76,3.4235,0
sz.300334,"津膜科技",2026-06-01,7.34,7.73,7.27,7.62,7.35,0.27,3.6735,7132600.0,54214099.0,2.3616,0
sz.300335,"迪森股份",2026-06-01,6.2,6.3,5.95,6.3,6.25,0.0499999999999998,0.8,23812705.0,146917268.68,6.1987,0
sz.300337,"银邦股份",2026-06-01,12.33,12.66,12.22,12.22,12.41,-0.19,-1.531,21417395.0,265917091.1,3.0106,0
sz.300338,"*ST开元",2026-06-01,3.11,3.28,3.1,3.24,3.12,0.12,3.8462,6136300.0,19765011.0,1.7535,1
sz.300339,"润和软件",2026-06-01,40.39,46.26,40.39,45.15,40.22,4.93,12.2576,77637216.0,3438351178.37,9.9831,0
sz.300340,"科恒股份",2026-06-01,9.7,10.12,9.57,9.8,9.63,0.17,1.7653,7730220.0,76690370.0,2.8268,0
sz.300341,"麦克奥迪",2026-06-01,14.44,14.78,14.38,14.69,14.5,0.19,1.3103,5016700.0,73242550.0,0.9734,0
sz.300342,"天银机电",2026-06-01,49.57,50.17,48.38,48.65,49.2,-0.550000000000004,-1.1179,22820860.0,1124811862.09,5.4491,0
sz.300343,"ST联创",2026-06-01,6.67,6.99,6.65,6.98,6.75,0.23,3.4074,21923200.0,150620861.0,2.0562,1
sz.300345,"华民股份",2026-06-01,6.1,6.25,6.03,6.08,6.07,0.00999999999999979,0.1647,15487900.0,94872711.0,3.2294,0
sz.300346,"南大光电",2026-06-01,51.6,52.34,49.02,49.31,51.54,-2.23,-4.3267,42798199.0,2168781422.49,6.5242,0
sz.300347,"泰格医药",2026-06-01,39.14,39.68,38.6,39.44,39.45,-0.0100000000000051,-0.0253,14738823.0,578115534.4,2.6018,0
sz.300348,"长亮科技",2026-06-01,10.16,10.61,10.11,10.48,10.17,0.31,3.0482,17098837.0,178388566.52,2.3979,0
sz.300349,"金卡智能",2026-06-01,13.0,13.44,12.96,13.25,13.01,0.24,1.8447,8866021.0,117696501.25,2.398,0
sz.300350,"华鹏飞",2026-06-01,4.55,4.81,4.52,4.74,4.56,0.180000000000001,3.9474,15546823.0,73465264.71,3.2969,0
sz.300351,"永贵电器",2026-06-01,17.98,18.43,17.47,17.59,17.89,-0.300000000000001,-1.6769,14935800.0,265040312.0,5.6701,0
sz.300352,"ST信源",2026-06-01,3.11,3.3,3.08,3.3,3.11,0.19,6.1093,43826640.0,140990711.83,3.4343,1
sz.300353,"东土科技",2026-06-01,20.8,21.2,20.5,20.69,20.4,0.290000000000003,1.4216,17813294.0,371314078.4,3.2984,0
sz.300354,"东华测试",2026-06-01,32.66,33.33,32.43,32.95,32.66,0.290000000000006,0.8879,1517500.0,50099787.0,1.8663,0
sz.300355,"蒙草生态",2026-06-01,3.19,3.28,3.18,3.27,3.18,0.0899999999999999,2.8302,18598345.0,60511628.8,1.3612,0
sz.300357,"我武生物",2026-06-01,22.57,23.44,22.45,23.13,22.59,0.539999999999999,2.3904,10442022.0,240807891.9,2.1578,0
sz.300358,"楚天科技",2026-06-01,8.41,8.51,8.33,8.45,8.41,0.0399999999999991,0.4756,13215860.0,111551188.8,1.8845,0
sz.300359,"全通教育",2026-06-01,4.09,4.34,4.05,4.29,4.13,0.16,3.8741,13164150.0,56077298.0,2.0787,0
sz.300360,"炬华科技",2026-06-01,14.7,14.97,14.7,14.96,14.74,0.220000000000001,1.4925,6887741.0,102634710.52,1.3768,0
sz.300363,"博腾股份",2026-06-01,14.76,14.9,14.58,14.62,14.74,-0.120000000000001,-0.8141,11527183.0,169240390.23,2.3107,0
sz.300364,"中文在线",2026-06-01,25.2,27.16,25.0,26.6,25.39,1.21,4.7657,72795732.0,1921692652.89,11.0226,0
sz.300365,"恒华科技",2026-06-01,5.48,5.66,5.41,5.57,5.49,0.0800000000000001,1.4572,14984800.0,83616475.0,2.9283,0
sz.300366,"ST创意",2026-06-01,5.44,5.58,5.37,5.55,5.42,0.13,2.3985,6516700.0,35889869.0,1.2284,1
sz.300368,"汇金股份",2026-06-01,9.99,10.67,9.8,10.27,9.99,0.279999999999999,2.8028,25437800.0,263876594.0,4.8092,0
sz.300369,"绿盟科技",2026-06-01,6.46,6.78,6.43,6.62,6.48,0.14,2.1605,28363885.0,188012274.87,3.5117,0
sz.300370,"安控科技",2026-06-01,2.35,2.46,2.33,2.44,2.35,0.0899999999999999,3.8298,28420520.0,69067780.6,1.8201,0
sz.300371,"汇中股份",2026-06-01,11.3,11.93,11.11,11.71,11.35,0.360000000000001,3.1718,3839744.0,44969465.04,2.7428,0
sz.300373,"扬杰科技",2026-06-01,105.21,107.03,98.78,99.25,107.12,-7.87,-7.3469,33907191.0,3459514830.02,6.2543,0
sz.300374,"中铁装配",2026-06-01,12.48,12.8,12.15,12.61,12.33,0.279999999999999,2.2709,4725610.0,59621441.5,1.9219,0
sz.300375,"鹏翎股份",2026-06-01,4.27,4.45,4.25,4.41,4.29,0.12,2.7972,12228100.0,53709843.0,2.3148,0
sz.300376,"易事特",2026-06-01,5.1,5.2,4.98,5.12,5.13,-0.00999999999999979,-0.1949,24406905.0,124617908.0,1.0487,0
sz.300377,"赢时胜",2026-06-01,13.72,14.56,13.62,14.24,13.59,0.65,4.7829,35487743.0,505903662.59,5.1363,0
sz.300378,"鼎捷数智",2026-06-01,36.0,41.86,36.0,40.39,35.21,5.18,14.7117,30854797.0,1213338121.51,11.4485,0
sz.300380,"安硕信息",2026-06-01,33.01,34.6,32.8,33.86,32.98,0.880000000000003,2.6683,3113852.0,105802905.74,2.4448,0
sz.300381,"溢多利",2026-06-01,6.46,6.81,6.44,6.69,6.48,0.21,3.2407,9615800.0,64238112.0,2.0098,0
sz.300382,"斯莱克",2026-06-01,15.8,16.66,15.61,15.78,15.95,-0.17,-1.0658,24652620.0,397300300.32,3.8024,0
sz.300383,"光环新网",2026-06-01,13.78,14.02,13.48,13.49,13.66,-0.17,-1.2445,65983888.0,907332674.85,3.6774,0
sz.300384,"三联虹普",2026-06-01,12.6,13.02,12.59,12.93,12.61,0.32,2.5377,3925980.0,50508291.8,1.7836,0
sz.300385,"ST雪浪",2026-06-01,14.7,14.95,14.33,14.65,14.82,-0.17,-1.1471,8097296.0,118269793.76,2.7858,1
sz.300386,"飞天诚信",2026-06-01,10.75,11.37,10.75,11.12,10.8,0.319999999999999,2.963,7367700.0,82376512.0,2.9382,0
sz.300387,"富邦科技",2026-06-01,7.69,8.03,7.61,7.96,7.69,0.27,3.5111,6221500.0,49222751.0,2.1531,0
sz.300388,"节能国祯",2026-06-01,7.41,7.84,7.41,7.8,7.43,0.37,4.9798,8357920.0,64328295.2,1.2272,0
sz.300389,"艾比森",2026-06-01,14.13,14.35,14.0,14.13,14.11,0.0200000000000014,0.1417,6301700.0,89468439.44,2.8718,0
sz.300390,"天华新能",2026-06-01,83.01,88.16,82.26,84.86,83.72,1.14,1.3617,47087870.0,4046585642.34,7.0043,0
sz.300393,"中来股份",2026-06-01,9.38,10.05,9.13,9.25,9.38,-0.130000000000001,-1.3859,41187579.0,390992258.02,4.3088,0
sz.300394,"天孚通信",2026-06-01,459.75,465.7,428.38,428.88,455.2,-26.32,-5.7821,44124299.0,19427735852.57,5.6744,0
sz.300395,"菲利华",2026-06-01,132.17,133.33,115.99,116.44,133.75,-17.31,-12.9421,55565214.0,6771781732.3,10.8411,0
sz.300396,"ST迪瑞",2026-06-01,8.01,8.28,8.01,8.15,7.97,0.180000000000001,2.2585,5151700.0,41988534.8,1.8922,1
sz.300397,"天和防务",2026-06-01,12.89,13.37,12.87,13.14,13.03,0.110000000000001,0.8442,17218360.0,227103952.61,4.2185,0
sz.300398,"飞凯材料",2026-06-01,36.48,37.12,35.01,35.14,36.43,-1.29,-3.541,41855681.0,1508306190.85,7.4232,0
sz.300399,"天利科技",2026-06-01,20.28,21.08,19.99,20.64,20.17,0.469999999999999,2.3302,4998330.0,103536691.6,2.5298,0
sz.300400,"劲拓股份",2026-06-01,29.55,30.9,28.75,28.85,29.35,-0.5,-1.7036,14058700.0,421388869.0,5.8138,0
sz.300401,"花园生物",2026-06-01,12.25,12.38,12.24,12.31,12.24,0.0700000000000003,0.5719,6092011.0,74915701.1,1.1389,0
sz.300402,"宝色股份",2026-06-01,15.6,16.27,15.58,16.02,15.7,0.32,2.0382,3791500.0,60827925.0,1.5563,0
sz.300403,"汉宇集团",2026-06-01,10.22,10.71,10.22,10.43,10.4,0.0299999999999994,0.2885,8346411.0,87601246.43,1.9544,0
sz.300404,"博济医药",2026-06-01,9.95,10.13,9.85,10.0,9.97,0.0299999999999994,0.3009,9280720.0,92955935.2,3.2504,0
sz.300405,"科隆股份",2026-06-01,6.4,6.67,6.13,6.6,6.42,0.18,2.8037,10177531.0,66485416.72,4.6509,0
sz.300406,"九强生物",2026-06-01,11.74,12.02,11.68,11.99,11.75,0.24,2.0426,5318284.0,63405897.48,1.2534,0
sz.300407,"凯发电气",2026-06-01,12.38,12.73,12.18,12.46,12.39,0.0700000000000003,0.565,6338700.0,79391627.0,2.4481,0
sz.300408,"三环集团",2026-06-01,125.0,137.13,124.62,125.63,128.78,-3.15000000000001,-2.446,78260885.0,10233107623.27,4.1855,0
sz.300409,"道氏技术",2026-06-01,22.48,23.08,22.48,22.55,22.28,0.27,1.2118,21731888.0,496074864.74,3.161,0
sz.300410,"正业科技",2026-06-01,11.6,12.63,11.6,11.75,12.03,-0.279999999999999,-2.3275,70727318.0,854360544.57,19.2657,0
sz.300411,"金盾股份",2026-06-01,8.02,8.35,7.96,8.3,8.03,0.270000000000001,3.3624,7073340.0,58254906.6,2.2883,0
sz.300412,"迦南科技",2026-06-01,4.48,4.77,4.46,4.71,4.51,0.2,4.4346,11026110.0,51536162.8,2.3567,0
sz.300413,"芒果超媒",2026-06-01,17.5,18.11,17.45,17.9,17.45,0.449999999999999,2.5788,18697208.0,334412135.16,1.83,0
sz.300414,"中光防雷",2026-06-01,11.82,12.25,11.8,12.11,11.94,0.17,1.4238,4698220.0,57068662.0,1.4984,0
sz.300415,"伊之密",2026-06-01,22.21,22.3,21.87,21.95,22.2,-0.25,-1.1261,11191370.0,247092670.08,2.47,0
sz.300416,"苏试试验",2026-06-01,19.08,19.41,18.43,18.56,19.21,-0.650000000000002,-3.3837,35755964.0,675040840.76,7.081,0
sz.300417,"南华仪器",2026-06-01,12.96,13.5,12.57,13.3,13.1,0.200000000000001,1.5267,4418000.0,58515089.0,5.2853,0
sz.300418,"昆仑万维",2026-06-01,44.2,46.3,43.9,44.99,43.92,1.07,2.4362,59384273.0,2691632132.39,5.1329,0
sz.300419,"ST浩丰",2026-06-01,6.79,6.82,6.72,6.76,6.75,0.00999999999999979,0.1481,1873800.0,12686115.0,0.5095,1
sz.300420,"五洋自控",2026-06-01,4.46,5.22,4.44,5.02,4.49,0.529999999999999,11.804,132679686.0,658185981.62,11.8859,0
sz.300421,"力星股份",2026-06-01,22.39,22.88,22.2,22.41,22.39,0.0199999999999996,0.0893,8495268.0,191258575.0,3.6887,0
sz.300422,"博世科",2026-06-01,5.3,5.63,5.21,5.49,5.24,0.25,4.771,22454679.0,122626264.13,4.3459,0
sz.300423,"昇辉科技",2026-06-01,6.56,6.82,6.5,6.69,6.54,0.15,2.2936,10899953.0,73092170.57,3.2714,0
sz.300424,"航新科技",2026-06-01,20.45,20.87,20.02,20.11,20.44,-0.330000000000002,-1.6145,18413760.0,374487465.14,7.5069,0
sz.300425,"中建环能",2026-06-01,4.3,4.54,4.28,4.5,4.31,0.19,4.4084,11482097.0,51148200.51,1.6867,0
sz.300426,"华智数媒",2026-06-01,6.52,6.76,6.5,6.63,6.58,0.0499999999999998,0.7599,8090550.0,53974113.5,2.0226,0
sz.300427,"红相股份",2026-06-01,7.29,7.29,7.29,7.29,9.11,-1.82,-19.978,4997300.0,36430317.0,0.9935,0
sz.300428,"立中集团",2026-06-01,20.87,21.34,20.81,20.93,20.92,0.00999999999999801,0.0478,7885313.0,166111286.42,1.3214,0
sz.300429,"强力新材",2026-06-01,13.51,14.1,13.49,13.58,13.8,-0.220000000000001,-1.5942,22291869.0,307368987.2,5.5381,0
sz.300430,"*ST益通",2026-06-01,5.19,5.68,5.17,5.63,5.17,0.46,8.8975,21755178.0,118774613.4,8.3722,1
sz.300432,"富临精工",2026-06-01,23.0,24.3,22.82,23.5,22.82,0.68,2.9798,43949716.0,1037091766.74,2.5995,0
sz.300433,"蓝思科技",2026-06-01,40.71,42.88,39.9,41.83,40.5,1.33,3.284,215900180.0,9015170295.39,4.3443,0
sz.300434,"金石亚药",2026-06-01,9.87,10.08,9.78,10.06,9.87,0.190000000000001,1.925,8311100.0,82890675.0,2.4293,0
sz.300435,"中泰股份",2026-06-01,18.49,18.86,18.3,18.6,18.49,0.110000000000003,0.5949,8794100.0,163971152.0,2.384,0
sz.300436,"广生堂",2026-06-01,109.0,110.5,101.2,101.45,113.27,-11.82,-10.4352,9748472.0,1022531955.19,7.1301,0
sz.300437,"清水源",2026-06-01,12.33,12.93,12.33,12.66,12.29,0.370000000000001,3.0106,9422854.0,119815114.88,5.4232,0
sz.300438,"鹏辉能源",2026-06-01,78.1,79.79,76.68,77.72,76.55,1.17,1.5284,26798658.0,2093146285.17,6.6306,0
sz.300439,"美康生物",2026-06-01,9.1,9.39,9.02,9.29,9.15,0.139999999999999,1.5301,3881300.0,35729272.0,1.3277,0
sz.300440,"运达科技",2026-06-01,17.69,18.96,17.32,17.45,17.33,0.120000000000001,0.6924,14060699.0,251463874.76,3.2115,0
sz.300441,"鲍斯股份",2026-06-01,6.23,6.45,6.2,6.37,6.23,0.14,2.2472,4729736.0,30045229.16,0.7556,0
sz.300442,"润泽科技",2026-06-01,83.0,85.1,82.08,82.19,83.87,-1.68000000000001,-2.0031,30344026.0,2541774778.23,1.8598,0
sz.300443,"金雷股份",2026-06-01,26.78,27.1,26.31,27.06,26.66,0.399999999999999,1.5004,5370201.0,144500352.01,2.212,0
sz.300444,"双杰电气",2026-06-01,14.58,15.18,14.35,14.85,14.58,0.27,1.8519,37116014.0,552484442.7,5.9155,0
sz.300445,"康斯特",2026-06-01,23.63,24.07,23.19,23.38,23.43,-0.0500000000000007,-0.2134,4093900.0,96687261.0,2.9127,0
sz.300446,"航天智造",2026-06-01,16.22,16.54,16.16,16.3,16.21,0.0899999999999999,0.5552,6586520.0,107923137.0,1.7632,0
sz.300447,"全信股份",2026-06-01,15.68,16.16,15.68,15.94,15.68,0.26,1.6582,4751757.0,75962539.35,2.3587,0
sz.300448,"浩云科技",2026-06-01,7.8,8.06,7.68,7.9,7.79,0.11,1.4121,20951137.0,166039399.64,3.2605,0
sz.300449,"汉邦高科",2026-06-01,7.69,8.05,7.66,7.96,7.76,0.2,2.5773,18477080.0,146686739.39,4.7864,0
sz.300450,"先导智能",2026-06-01,51.26,52.88,49.04,49.19,50.81,-1.62,-3.1883,59245027.0,3004327725.27,3.7992,0
sz.300451,"创业慧康",2026-06-01,3.83,4.02,3.82,3.96,3.83,0.13,3.3943,32970332.0,129831234.05,2.1596,0
sz.300452,"山河药辅",2026-06-01,12.62,12.95,12.44,12.89,12.7,0.190000000000001,1.4961,5388807.0,68666908.93,2.713,0
sz.300453,"三鑫医疗",2026-06-01,9.15,9.37,9.13,9.35,9.11,0.24,2.6345,6341540.0,58823551.9,1.7622,0
sz.300454,"深信服",2026-06-01,109.8,125.88,109.8,116.84,106.94,9.90000000000001,9.2575,27635777.0,3284914093.55,9.5957,0
sz.300455,"航天智装",2026-06-01,21.87,22.55,21.71,21.92,21.7,0.220000000000002,1.0138,9093337.0,201356869.54,1.2832,0
sz.300456,"赛微电子",2026-06-01,48.65,49.03,44.5,44.5,50.03,-5.53,-11.0534,68637463.0,3163055428.34,11.4884,0
sz.300457,"赢合科技",2026-06-01,27.35,28.2,26.41,26.44,27.12,-0.68,-2.5074,19212847.0,523999212.65,3.0264,0
sz.300458,"全志科技",2026-06-01,34.64,35.67,33.7,33.8,34.64,-0.840000000000003,-2.4249,42661478.0,1481873830.19,5.3872,0
sz.300459,"汤姆猫",2026-06-01,3.93,4.1,3.92,4.04,3.88,0.16,4.1237,108065469.0,434475183.45,3.2875,0
sz.300460,"ST惠伦",2026-06-01,9.39,9.77,9.34,9.64,9.35,0.290000000000001,3.1016,5198920.0,49926968.0,1.8514,1
sz.300461,"田中精机",2026-06-01,48.51,50.15,47.28,47.53,48.32,-0.789999999999999,-1.6349,5743820.0,277327280.6,3.997,0
sz.300462,"ST华铭",2026-06-01,12.1,12.99,12.02,12.85,12.08,0.77,6.3742,2273001.0,28599705.82,1.6467,1
sz.300463,"迈克生物",2026-06-01,9.44,9.63,9.38,9.63,9.45,0.180000000000001,1.9048,5209100.0,49723054.0,1.0598,0
sz.300464,"星徽股份",2026-06-01,9.62,9.65,9.21,9.31,9.64,-0.33,-3.4232,24884400.0,234387033.0,7.0069,0
sz.300465,"高伟达",2026-06-01,14.2,14.6,13.93,14.0,14.21,-0.210000000000001,-1.4778,17964453.0,255508862.7,4.0483,0
sz.300466,"赛摩智能",2026-06-01,8.03,8.35,8.01,8.26,8.02,0.24,2.9925,7912325.0,65222009.0,1.7627,0
sz.300467,"迅游科技",2026-06-01,34.03,37.07,33.91,35.44,34.06,1.38,4.0517,7616300.0,272243977.0,4.4743,0
sz.300468,"四方精创",2026-06-01,24.1,25.05,24.03,24.48,23.94,0.539999999999999,2.2556,19941585.0,491653762.27,3.7639,0
sz.300469,"信息发展",2026-06-01,49.16,50.36,47.91,48.56,50.16,-1.59999999999999,-3.1898,6412354.0,313247951.06,2.5844,0
sz.300470,"中密控股",2026-06-01,31.77,32.42,31.53,32.22,31.76,0.459999999999997,1.4484,2268900.0,72578275.4,1.1509,0
sz.300471,"厚普股份",2026-06-01,9.88,10.23,9.8,10.11,9.91,0.199999999999999,2.0182,7369738.0,74577319.08,2.0106,0
sz.300472,"*ST新元",2026-06-01,8.23,8.65,8.23,8.54,8.2,0.34,4.1463,5111173.0,43347158.39,2.0782,1
sz.300473,"德尔股份",2026-06-01,33.4,37.01,33.3,35.4,33.67,1.73,5.1381,9144000.0,326435755.0,6.0751,0
sz.300474,"景嘉微",2026-06-01,58.37,58.69,56.52,56.61,57.87,-1.26,-2.1773,10194559.0,584790524.15,2.508,0
sz.300475,"香农芯创",2026-06-01,180.48,182.0,166.8,167.09,180.09,-13.0,-7.2186,30086456.0,5202801353.47,6.6853,0
sz.300476,"胜宏科技",2026-06-01,375.56,381.68,342.0,342.35,368.52,-26.17,-7.1014,49513114.0,17624373201.32,5.7228,0
sz.300477,"ST合纵",2026-06-01,2.61,2.75,2.61,2.72,2.73,-0.00999999999999979,-0.3663,27162684.0,73184605.8,2.7409,1
sz.300478,"杭州高新",2026-06-01,43.16,45.78,42.78,44.81,43.6,1.21,2.7752,5216680.0,231664441.62,4.1182,0
sz.300479,"神思电子",2026-06-01,14.7,15.42,14.58,15.13,14.64,0.49,3.347,4269154.0,64655754.06,2.1679,0
sz.300480,"光力科技",2026-06-01,33.0,34.29,32.3,32.48,33.12,-0.640000000000001,-1.9324,17766455.0,587707235.22,6.5762,0
sz.300481,"濮阳惠成",2026-06-01,14.3,14.83,14.21,14.6,14.47,0.129999999999999,0.8984,9337674.0,136296362.21,3.219,0
sz.300482,"万孚生物",2026-06-01,17.62,17.87,17.5,17.81,17.77,0.0399999999999991,0.2251,3397469.0,60342598.56,0.79,0
sz.300483,"首华燃气",2026-06-01,18.44,21.1,18.44,20.8,18.56,2.24,12.069,31976598.0,646063176.51,8.3207,0
sz.300484,"蓝海华腾",2026-06-01,15.32,15.69,15.2,15.51,15.4,0.109999999999999,0.7143,3129500.0,48476696.97,1.8812,0
sz.300485,"赛升药业",2026-06-01,8.9,9.11,8.71,9.06,8.9,0.16,1.7978,5310600.0,47681876.0,1.9395,0
sz.300486,"东杰智能",2026-06-01,24.7,25.79,24.13,24.98,24.94,0.0399999999999991,0.1604,44848753.0,1130518841.1,9.4021,0
sz.300487,"蓝晓科技",2026-06-01,60.05,60.46,58.55,58.98,59.99,-1.01000000000001,-1.6836,3621100.0,214607995.0,1.1756,0
sz.300488,"恒锋工具",2026-06-01,32.49,32.88,32.05,32.39,32.59,-0.200000000000003,-0.6137,3425037.0,111433377.41,2.1109,0
sz.300489,"光智科技",2026-06-01,147.0,149.0,138.33,138.61,148.24,-9.63,-6.4962,11950451.0,1696403625.34,8.6192,0
sz.300490,"华自科技",2026-06-01,15.6,16.03,15.57,15.66,15.64,0.0199999999999996,0.1279,14564062.0,229604101.44,3.7035,0
sz.300491,"通合科技",2026-06-01,33.03,34.08,31.92,33.2,33.5,-0.299999999999997,-0.8955,20930964.0,692638181.84,13.2811,0
sz.300492,"华图山鼎",2026-06-01,42.78,44.71,42.45,43.83,42.59,1.23999999999999,2.9115,2889042.0,125490846.07,1.4689,0
sz.300493,"润欣科技",2026-06-01,15.59,15.95,15.34,15.35,15.66,-0.31,-1.9796,21525279.0,336536779.56,4.2489,0
sz.300494,"盛天网络",2026-06-01,9.35,9.68,9.29,9.59,9.3,0.289999999999999,3.1183,8603180.0,82223813.8,2.1597,0
sz.300496,"中科创达",2026-06-01,64.79,68.6,64.79,65.76,63.18,2.58000000000001,4.0836,27483245.0,1835228337.92,7.4767,0
sz.300497,"富祥股份",2026-06-01,15.3,15.68,15.22,15.39,15.3,0.0899999999999999,0.5882,21776594.0,337174371.2,4.8121,0
sz.300498,"温氏股份",2026-06-01,13.55,13.75,13.2,13.63,13.68,-0.0499999999999989,-0.3655,65843538.0,891377827.13,1.1067,0
sz.300499,"高澜股份",2026-06-01,38.6,38.64,36.0,36.64,38.2,-1.56,-4.0838,26354156.0,984713365.75,9.7101,0
sz.300500,"启迪设计",2026-06-01,11.11,11.6,8.95,11.46,11.07,0.390000000000001,3.523,4685985.0,53470931.25,2.796,0
sz.300501,"海顺新材",2026-06-01,13.76,14.07,13.6,13.87,13.83,0.0399999999999991,0.2892,4198522.0,58160751.53,2.9427,0
sz.300502,"新易盛",2026-06-01,709.14,713.73,673.1,679.82,706.45,-26.63,-3.7696,29592545.0,20385132526.86,3.3352,0
sz.300503,"昊志机电",2026-06-01,73.37,77.3,72.1,72.37,73.5,-1.13,-1.5374,17812285.0,1327100898.4,7.3918,0
sz.300504,"天邑股份",2026-06-01,19.12,19.63,18.64,19.06,19.01,0.0499999999999972,0.263,12204602.0,233614362.12,5.592,0
sz.300505,"川金诺",2026-06-01,20.99,21.47,20.92,21.13,21.06,0.0700000000000003,0.3324,8738106.0,185610073.56,4.0201,0
sz.300506,"ST名家汇",2026-06-01,4.87,4.92,4.83,4.87,4.87,0.0,0.0,6187270.0,30130582.1,0.8422,1
sz.300507,"苏奥传感",2026-06-01,7.78,7.95,7.76,7.82,7.83,-0.00999999999999979,-0.1277,11448582.0,89880722.22,1.4773,0
sz.300508,"维宏股份",2026-06-01,40.9,42.75,40.18,40.36,41.48,-1.12,-2.7001,4161280.0,171483609.6,5.0835,0
sz.300509,"新美星",2026-06-01,9.64,10.3,9.54,10.02,9.63,0.389999999999999,4.0498,8859800.0,88658128.0,3.5855,0
sz.300510,"金冠股份",2026-06-01,3.68,3.89,3.66,3.85,3.69,0.16,4.336,22037461.0,84135854.56,2.6722,0
sz.300511,"雪榕生物",2026-06-01,5.97,6.29,5.93,6.24,5.95,0.29,4.8739,25964098.0,160417543.34,4.7553,0
sz.300512,"中亚股份",2026-06-01,7.99,8.28,7.91,8.17,7.98,0.19,2.381,5903550.0,48114477.0,1.8226,0
sz.300513,"恒实科技",2026-06-01,7.96,8.45,7.91,8.36,7.99,0.369999999999999,4.6308,10437212.0,86707502.8,3.633,0
sz.300514,"友讯达",2026-06-01,10.96,11.57,9.81,11.36,10.93,0.43,3.9341,4758000.0,53771435.0,2.969,0
sz.300515,"三德科技",2026-06-01,15.67,16.45,15.61,16.21,15.86,0.350000000000001,2.2068,2764500.0,44690001.0,1.3702,0
sz.300516,"久之洋",2026-06-01,33.69,34.68,33.5,33.79,33.26,0.530000000000001,1.5935,4509960.0,154175611.2,1.7897,0
sz.300517,"海波重科",2026-06-01,11.69,12.1,11.56,11.76,11.75,0.00999999999999979,0.0851,5970680.0,70858161.4,4.7295,0
sz.300518,"新迅达",2026-06-01,30.15,31.1,28.66,29.6,30.52,-0.919999999999998,-3.0144,13535698.0,399634495.15,6.7891,0
sz.300519,"新光药业",2026-06-01,13.81,14.37,13.59,14.29,13.9,0.389999999999999,2.8058,2784900.0,39441448.0,2.4408,0
sz.300520,"科大国创",2026-06-01,35.08,36.27,34.5,34.93,34.6,0.329999999999998,0.9538,17363877.0,611702338.66,6.1526,0
sz.300521,"爱司凯",2026-06-01,26.21,26.62,25.1,25.25,26.41,-1.16,-4.3923,5529340.0,142088675.72,3.7397,0
sz.300522,"世名科技",2026-06-01,12.36,12.56,12.1,12.35,12.23,0.119999999999999,0.9812,4753400.0,58808806.0,1.8067,0
sz.300523,"辰安科技",2026-06-01,21.25,22.25,21.14,21.83,21.39,0.439999999999998,2.057,3826306.0,83224109.88,1.6448,0
sz.300525,"博思软件",2026-06-01,8.65,9.09,8.65,8.98,8.65,0.33,3.815,16226338.0,145066144.37,2.6031,0
sz.300527,"ST应急",2026-06-01,7.5,7.67,7.48,7.65,7.48,0.17,2.2727,7997736.0,60573650.63,0.7866,1
sz.300528,"幸福蓝海",2026-06-01,16.88,17.77,16.88,17.58,17.26,0.319999999999997,1.854,16447918.0,286072519.64,4.4143,0
sz.300529,"健帆生物",2026-06-01,17.71,18.28,17.63,18.26,17.69,0.57,3.2222,6377061.0,114822366.3,1.2443,0
sz.300530,"领湃科技",2026-06-01,22.25,22.25,21.25,21.63,21.15,0.48,2.2695,2553550.0,55847869.5,1.485,0
sz.300531,"优博讯",2026-06-01,15.51,16.19,15.51,15.99,15.53,0.460000000000001,2.962,11352922.0,181152805.28,3.6433,0
sz.300532,"今天国际",2026-06-01,6.93,7.16,6.9,7.13,6.97,0.16,2.2956,11349884.0,80091947.5,1.8769,0
sz.300533,"冰川网络",2026-06-01,16.06,16.86,16.0,16.61,16.09,0.52,3.2318,7336045.0,121626982.99,3.1763,0
sz.300534,"陇神戎发",2026-06-01,7.93,8.24,7.93,8.17,8.04,0.130000000000001,1.6169,4531800.0,36915469.0,1.5003,0
sz.300535,"达威股份",2026-06-01,16.33,16.93,16.0,16.67,16.36,0.310000000000002,1.8949,3343400.0,55616935.0,4.1195,0
sz.300536,"农尚环境",2026-06-01,10.62,11.35,10.42,10.7,10.56,0.139999999999999,1.3258,21622070.0,232815464.2,7.3728,0
sz.300537,"广信材料",2026-06-01,26.92,27.72,26.27,26.33,27.19,-0.860000000000003,-3.1629,12288760.0,330114323.0,8.0973,0
sz.300538,"同益股份",2026-06-01,15.93,17.49,15.9,16.75,16.18,0.57,3.5229,12951592.0,219700531.98,10.7051,0
sz.300539,"横河精密",2026-06-01,23.9,24.82,23.9,24.14,24.1,0.0399999999999991,0.166,5862728.0,142889823.2,2.6907,0
sz.300540,"蜀道装备",2026-06-01,25.85,27.2,25.5,25.74,25.86,-0.120000000000001,-0.464,8886020.0,232490929.3,4.2984,0
sz.300541,"先进数通",2026-06-01,10.99,11.33,10.86,11.17,10.83,0.34,3.1394,8637949.0,96587721.06,2.2262,0
sz.300542,"新晨科技",2026-06-01,12.74,13.49,12.62,13.35,12.9,0.449999999999999,3.4884,5724620.0,76030312.0,2.3122,0
sz.300543,"朗科智能",2026-06-01,8.45,9.06,8.38,8.82,8.47,0.35,4.1322,8284126.0,72991335.28,3.311,0
sz.300545,"联得装备",2026-06-01,32.71,34.29,32.64,33.74,33.15,0.590000000000003,1.7798,9644546.0,324871176.06,8.0668,0
sz.300546,"雄帝科技",2026-06-01,17.37,17.92,17.21,17.61,17.25,0.359999999999999,2.087,3599630.0,63488344.0,2.6678,0
sz.300547,"川环科技",2026-06-01,34.88,35.88,33.8,33.87,34.43,-0.560000000000002,-1.6265,10179500.0,352888702.0,5.7116,0
sz.300548,"长芯博创",2026-06-01,241.78,243.64,218.0,219.34,249.21,-29.87,-11.9859,25961867.0,5929743800.81,9.5321,0
sz.300549,"优德精密",2026-06-01,15.49,16.18,15.33,15.93,15.56,0.369999999999999,2.3779,2935800.0,46721169.0,2.9052,0
sz.300550,"和仁科技",2026-06-01,15.12,15.12,15.12,15.12,15.12,0.0,,,,,0
sz.300551,"古鳌科技",2026-06-01,11.8,12.28,11.71,11.84,11.8,0.0399999999999991,0.339,8183450.0,98053839.15,2.4135,0
sz.300552,"万集科技",2026-06-01,27.82,28.94,27.63,28.04,27.94,0.0999999999999979,0.3579,7578700.0,215728422.0,5.6102,0
sz.300553,"集智股份",2026-06-01,61.91,65.0,59.1,60.8,61.9,-1.1,-1.7771,3494230.0,216863570.14,4.1159,0
sz.300554,"三超新材",2026-06-01,26.72,28.46,26.72,27.05,27.25,-0.199999999999999,-0.7339,6888660.0,190930180.2,8.7094,0
sz.300555,"ST路通",2026-06-01,12.93,13.35,12.93,13.28,13.12,0.16,1.2195,1600000.0,21153419.0,0.8081,1
sz.300556,"丝路视觉",2026-06-01,19.31,20.1,19.01,19.63,19.31,0.32,1.6572,5985931.0,117968430.39,5.5167,0
sz.300557,"理工光科",2026-06-01,33.59,35.82,33.49,34.22,33.58,0.640000000000001,1.9059,3176161.0,110583877.68,2.6604,0
sz.300558,"贝达药业",2026-06-01,52.79,53.39,50.7,51.22,52.68,-1.46,-2.7715,17923894.0,927700685.58,4.2738,0
sz.300559,"佳发教育",2026-06-01,11.6,11.86,11.45,11.6,11.61,-0.00999999999999979,-0.0861,6532395.0,76198615.26,2.0995,0
sz.300560,"中富通",2026-06-01,18.48,20.0,18.36,19.14,17.99,1.15,6.3924,40037330.0,773572054.82,21.4144,0
sz.300561,"*ST汇科",2026-06-01,20.28,22.34,19.37,21.97,20.92,1.05,5.0191,35241278.0,748492631.52,14.6194,0
sz.300562,"乐心医疗",2026-06-01,12.2,12.64,12.06,12.59,12.2,0.390000000000001,3.1967,6613720.0,82322602.4,4.0586,0
sz.300563,"神宇股份",2026-06-01,29.39,30.88,29.18,29.89,29.41,0.48,1.6321,5894442.0,178047967.28,4.5998,0
sz.300564,"筑博设计",2026-06-01,14.14,15.56,14.01,15.02,14.27,0.75,5.2558,5573318.0,84385689.56,4.9238,0
sz.300565,"科信技术",2026-06-01,14.11,14.2,13.17,13.2,14.1,-0.9,-6.383,27868101.0,375429017.64,12.2119,0
sz.300566,"激智科技",2026-06-01,23.82,24.07,22.87,23.0,23.51,-0.510000000000002,-2.1693,20209020.0,471246993.83,8.9152,0
sz.300567,"精测电子",2026-06-01,196.36,204.0,183.6,184.23,194.2,-9.97,-5.1339,12374017.0,2372394421.76,5.4499,0
sz.300568,"星源材质",2026-06-01,15.91,17.28,15.83,17.03,15.82,1.21,7.6485,122020228.0,2045332009.13,10.0963,0
sz.300569,"天能重工",2026-06-01,5.32,5.54,5.32,5.46,5.36,0.0999999999999996,1.8657,19263576.0,105233393.71,1.8892,0
sz.300570,"太辰光",2026-06-01,162.34,165.66,147.7,147.75,165.42,-17.67,-10.6819,21101361.0,3255009818.02,10.9793,0
sz.300571,"平治信息",2026-06-01,46.04,47.41,45.23,45.43,46.87,-1.44,-3.0723,11041767.0,510961896.49,9.5486,0
sz.300572,"安车检测",2026-06-01,29.87,29.88,28.88,29.18,29.96,-0.780000000000001,-2.6035,5739934.0,168659701.06,3.1664,0
sz.300573,"兴齐眼药",2026-06-01,38.33,38.98,37.8,38.81,38.44,0.370000000000005,0.9625,7425733.0,285775421.58,2.7061,0
sz.300575,"中旗股份",2026-06-01,5.98,6.29,5.93,6.21,6.01,0.2,3.3278,11694250.0,72429791.13,3.4123,0
sz.300576,"容大感光",2026-06-01,43.36,45.17,42.5,42.52,43.53,-1.01,-2.3202,21780671.0,953097401.61,9.455,0
sz.300577,"开润股份",2026-06-01,16.89,17.22,16.65,16.93,17.03,-0.100000000000001,-0.5872,3618900.0,61300500.0,2.5456,0
sz.300578,"会畅科技",2026-06-01,17.62,19.69,17.55,18.94,17.71,1.23,6.9452,10520037.0,198247828.59,5.3074,0
sz.300579,"数字认证",2026-06-01,22.82,24.06,22.82,23.73,22.82,0.91,3.9877,4742913.0,112093417.59,1.8209,0
sz.300580,"贝斯特",2026-06-01,23.86,23.9,22.94,23.01,23.76,-0.75,-3.1566,9888082.0,230461938.95,2.0923,0
sz.300581,"晨曦航空",2026-06-01,10.96,11.22,10.93,11.02,10.96,0.0599999999999987,0.5474,5842414.0,64815049.83,1.062,0
sz.300582,"英飞特",2026-06-01,14.63,15.19,14.5,14.7,14.63,0.0699999999999985,0.4785,8835850.0,131424633.5,3.9879,0
sz.300583,"赛托生物",2026-06-01,12.77,13.32,12.7,13.18,12.85,0.33,2.5681,3909820.0,51302977.6,2.1004,0
sz.300584,"海辰药业",2026-06-01,34.11,35.0,34.11,34.56,34.5,0.0600000000000023,0.1739,2000072.0,69323952.06,2.4358,0
sz.300585,"奥联电子",2026-06-01,18.19,19.18,18.15,18.27,18.39,-0.120000000000001,-0.6525,7715200.0,143408369.0,4.5089,0
sz.300586,"美联新材",2026-06-01,11.36,11.95,11.29,11.3,11.43,-0.129999999999999,-1.1374,31822788.0,370256132.22,5.9527,0
sz.300587,"天铁科技",2026-06-01,5.07,5.16,5.03,5.06,5.07,-0.0100000000000007,-0.1972,22283700.0,113205283.0,2.117,0
sz.300588,"熙菱信息",2026-06-01,19.49,19.93,19.2,19.25,19.46,-0.210000000000001,-1.0791,3764000.0,73312987.0,2.1287,0
sz.300589,"江龙船艇",2026-06-01,13.58,13.96,13.58,13.73,13.67,0.0600000000000005,0.4389,8200536.0,113126820.68,3.4981,0
sz.300590,"移为通信",2026-06-01,14.49,15.19,14.4,14.83,14.58,0.25,1.7147,20435560.0,304856706.5,5.7112,0
sz.300591,"万里马",2026-06-01,7.79,8.04,7.65,7.89,7.79,0.0999999999999996,1.2837,11693160.0,92584426.6,3.3367,0
sz.300592,"华凯易佰",2026-06-01,12.27,12.57,11.97,12.3,12.24,0.0600000000000005,0.4902,12272860.0,150383770.2,3.5179,0
sz.300593,"新雷能",2026-06-01,35.4,37.39,35.0,35.2,35.39,-0.189999999999998,-0.5369,28266184.0,1020183605.93,6.2777,0
sz.300594,"ST朗进",2026-06-01,17.1,17.85,17.03,17.79,17.25,0.539999999999999,3.1304,2370200.0,41669136.0,2.6048,1
sz.300595,"欧普康视",2026-06-01,12.05,12.2,11.99,12.19,12.08,0.109999999999999,0.9106,7077465.0,85867466.67,1.0587,0
sz.300596,"利安隆",2026-06-01,46.55,47.79,46.02,47.59,46.9,0.690000000000005,1.4712,7379578.0,348542123.78,3.2844,0
sz.300597,"吉大通信",2026-06-01,8.48,8.91,8.44,8.71,8.47,0.24,2.8335,9704915.0,84459656.35,3.5762,0
sz.300598,"诚迈科技",2026-06-01,31.78,35.97,31.78,34.6,31.7,2.9,9.1483,12228461.0,421986975.7,5.6373,0
sz.300599,"雄塑科技",2026-06-01,12.81,13.37,12.66,13.06,12.61,0.450000000000001,3.5686,19191160.0,249877487.0,10.2062,0
sz.300600,"国瑞科技",2026-06-01,10.91,11.27,10.91,11.08,10.92,0.16,1.4652,3031840.0,33757694.4,1.0304,0
sz.300601,"康泰生物",2026-06-01,12.6,12.72,12.47,12.69,12.7,-0.00999999999999979,-0.0787,10340117.0,130538257.21,1.1484,0
sz.300602,"飞荣达",2026-06-01,46.65,47.7,44.0,44.62,45.3,-0.68,-1.5011,40330211.0,1849459468.35,10.1998,0
sz.300603,"立昂技术",2026-06-01,9.08,9.36,8.98,9.21,9.17,0.0400000000000009,0.4362,16813400.0,155200659.0,4.4964,0
sz.300604,"长川科技",2026-06-01,209.0,218.6,203.23,203.64,210.79,-7.15000000000001,-3.392,26556974.0,5576107030.93,5.4256,0
sz.300605,"恒锋信息",2026-06-01,10.96,11.71,10.94,11.56,10.91,0.65,5.9578,8046803.0,92463116.23,6.367,0
sz.300606,"金太阳",2026-06-01,33.58,36.09,33.13,33.3,35.42,-2.12,-5.9853,10791575.0,371699668.4,9.1707,0
sz.300607,"拓斯达",2026-06-01,31.0,31.55,30.6,30.65,31.14,-0.490000000000002,-1.5735,14853325.0,460363543.81,4.401,0
sz.300608,"思特奇",2026-06-01,11.93,12.52,11.77,12.4,11.96,0.44,3.6789,27647235.0,338609557.22,9.2463,0
sz.300609,"汇纳科技",2026-06-01,35.4,39.2,34.68,38.23,35.49,2.73999999999999,7.7205,8225500.0,310986896.0,6.8586,0
sz.300610,"晨化股份",2026-06-01,10.7,11.32,10.7,11.21,10.75,0.460000000000001,4.2791,5361590.0,59733684.3,3.2381,0
sz.300611,"美力科技",2026-06-01,25.77,28.38,25.5,27.83,25.78,2.05,7.9519,9463600.0,261580464.0,6.3813,0
sz.300612,"宣亚国际",2026-06-01,12.67,14.44,12.66,13.75,12.82,0.93,7.2543,18078572.0,248922246.21,10.0504,0
sz.300613,"富瀚微",2026-06-01,59.58,61.22,58.58,59.22,59.41,-0.189999999999998,-0.3198,10869433.0,650130184.69,4.9496,0
sz.300614,"百川畅银",2026-06-01,11.82,12.38,10.48,12.3,11.82,0.48,4.0609,3448300.0,41989159.71,2.1493,0
sz.300615,"欣天科技",2026-06-01,11.5,12.14,11.33,11.74,11.53,0.210000000000001,1.8213,8052100.0,95184001.8,5.2598,0
sz.300616,"尚品宅配",2026-06-01,15.0,15.84,14.78,15.02,15.1,-0.0800000000000001,-0.5298,7268414.0,110915391.02,4.6828,0
sz.300617,"安靠智电",2026-06-01,66.68,68.74,64.99,68.4,67.8,0.600000000000009,0.885,12352097.0,833264349.73,8.8913,0
sz.300618,"寒锐钴业",2026-06-01,37.83,38.7,37.82,38.5,38.15,0.350000000000001,0.9174,4558447.0,175114253.26,1.6728,0
sz.300619,"金银河",2026-06-01,42.05,43.58,41.11,41.2,42.38,-1.18,-2.7843,6799800.0,287658549.26,4.6419,0
sz.300620,"光库科技",2026-06-01,275.99,296.8,272.72,278.65,278.78,-0.129999999999995,-0.0466,20010135.0,5691266589.11,8.0979,0
sz.300621,"维业股份",2026-06-01,7.66,8.1,7.59,8.04,7.69,0.349999999999999,4.5514,5755900.0,45885855.0,2.842,0
sz.300622,"博士眼镜",2026-06-01,17.11,17.78,17.06,17.59,17.18,0.41,2.3865,6664738.0,116732796.96,3.0561,0
sz.300623,"捷捷微电",2026-06-01,33.5,34.0,32.7,33.44,33.85,-0.410000000000004,-1.2112,35244284.0,1173309427.15,4.5929,0
sz.300624,"万兴科技",2026-06-01,59.95,64.79,59.95,62.9,59.92,2.98,4.9733,13131288.0,823900618.15,7.6687,0
sz.300625,"三雄极光",2026-06-01,11.02,11.52,10.97,11.45,11.12,0.33,2.9676,2672100.0,30260200.0,1.6497,0
sz.300626,"华瑞股份",2026-06-01,35.21,35.84,33.82,34.05,35.49,-1.44,-4.0575,12728200.0,441349225.0,7.0751,0
sz.300627,"华测导航",2026-06-01,27.87,28.5,27.72,27.9,27.83,0.0700000000000003,0.2515,7571596.0,212096578.46,1.1682,0
sz.300628,"亿联网络",2026-06-01,36.3,39.21,36.15,38.15,36.15,2.0,5.5325,17684439.0,675216321.56,2.4364,0
sz.300629,"新劲刚",2026-06-01,23.0,23.32,22.6,22.68,23.0,-0.32,-1.3913,8086942.0,184933982.6,3.7303,0
sz.300631,"久吾高科",2026-06-01,24.74,24.9,24.17,24.63,24.5,0.129999999999999,0.5306,2084900.0,51354171.0,1.7145,0
sz.300632,"光莆股份",2026-06-01,27.6,28.78,26.54,26.82,27.98,-1.16,-4.1458,31060792.0,856690363.82,14.0422,0
sz.300633,"开立医疗",2026-06-01,20.46,20.65,20.29,20.57,20.4,0.170000000000002,0.8333,5019522.0,102704139.88,1.9297,0
sz.300634,"彩讯股份",2026-06-01,25.87,27.26,25.6,26.35,25.4,0.950000000000003,3.7402,31651798.0,839890945.2,7.2884,0
sz.300635,"中达安",2026-06-01,13.67,14.29,13.0,14.18,13.73,0.449999999999999,3.2775,4903100.0,68674525.0,4.0719,0
sz.300636,"同和药业",2026-06-01,6.89,7.06,6.75,7.03,6.88,0.15,2.1802,4642496.0,32371534.32,1.2638,0
sz.300637,"扬帆新材",2026-06-01,9.81,10.27,9.68,10.1,9.79,0.31,3.1665,6957032.0,70261663.82,2.9669,0
sz.300638,"广和通",2026-06-01,21.33,23.96,21.21,23.28,21.35,1.93,9.0398,34274624.0,788525335.92,6.4614,0
sz.300639,"凯普生物",2026-06-01,5.72,5.86,5.67,5.82,5.76,0.0600000000000005,1.0417,9722904.0,56373737.49,1.5308,0
sz.300640,"德艺文创",2026-06-01,6.62,6.96,6.53,6.83,6.59,0.24,3.6419,11860491.0,81165270.44,5.3728,0
sz.300641,"正丹股份",2026-06-01,15.1,15.48,15.06,15.41,15.15,0.26,1.7162,4333330.0,66458574.9,0.8245,0
sz.300642,"透景生命",2026-06-01,13.95,14.3,13.76,14.2,13.95,0.25,1.7921,2744610.0,38808427.5,1.9931,0
sz.300643,"万通智控",2026-06-01,16.28,17.74,16.2,17.15,16.28,0.869999999999997,5.344,6707822.0,115540960.72,2.9073,0
sz.300644,"南京聚隆",2026-06-01,24.58,25.55,24.51,25.01,24.81,0.200000000000003,0.8061,2500300.0,62925366.0,2.8218,0
sz.300645,"正元智慧",2026-06-01,13.92,14.87,13.86,14.61,13.92,0.69,4.9569,6681205.0,97433308.93,4.7956,0
sz.300647,"超频三",2026-06-01,6.12,6.88,6.09,6.57,6.02,0.550000000000001,9.1362,39569674.0,258455535.24,8.6654,0
sz.300648,"星云股份",2026-06-01,51.47,51.47,48.77,49.04,50.76,-1.72,-3.3885,2398732.0,119373167.12,1.8078,0
sz.300649,"杭州园林",2026-06-01,22.95,25.26,22.82,25.26,21.05,4.21,20.0,5702300.0,140733437.0,5.3738,0
sz.300650,"太龙股份",2026-06-01,13.79,14.37,13.66,13.96,13.92,0.0400000000000009,0.2874,7788900.0,109765685.0,4.5724,0
sz.300651,"金陵体育",2026-06-01,26.47,28.59,26.11,28.5,26.76,1.74,6.5022,19775221.0,550695495.74,19.1292,0
sz.300652,"雷迪克",2026-06-01,45.14,46.14,41.88,42.38,46.13,-3.75,-8.1292,4100760.0,177839190.1,3.4254,0
sz.300653,"正海生物",2026-06-01,15.98,16.51,15.83,16.44,15.92,0.520000000000001,3.2663,1810550.0,29527546.75,1.0059,0
sz.300654,"世纪天鸿",2026-06-01,9.31,9.88,9.27,9.63,9.27,0.360000000000001,3.8835,11944531.0,115460757.62,3.3872,0
sz.300655,"晶瑞电材",2026-06-01,14.99,15.24,14.51,14.56,15.05,-0.49,-3.2558,50454486.0,749825550.75,4.7291,0
sz.300656,"民德电子",2026-06-01,31.5,32.37,29.88,30.1,31.33,-1.23,-3.9259,9402710.0,289618006.15,7.0751,0
sz.300657,"弘信电子",2026-06-01,40.45,42.22,40.0,40.05,40.65,-0.600000000000001,-1.476,57819799.0,2375324289.46,12.3414,0
sz.300658,"延江股份",2026-06-01,11.94,12.52,11.93,12.34,12.09,0.25,2.0678,12170003.0,150227296.73,5.5107,0
sz.300659,"中孚信息",2026-06-01,11.04,11.55,10.95,11.45,11.02,0.43,3.902,6726891.0,76472594.88,3.5547,0
sz.300660,"江苏雷利",2026-06-01,42.47,43.39,42.23,42.69,42.49,0.199999999999996,0.4707,5427730.0,231984600.1,1.2146,0
sz.300661,"圣邦股份",2026-06-01,115.92,115.99,105.0,105.66,117.77,-12.11,-10.2828,38352974.0,4180915668.35,6.4025,0
sz.300662,"科锐国际",2026-06-01,20.98,22.5,20.9,22.25,21.03,1.22,5.8012,5797400.0,126492663.0,2.9543,0
sz.300663,"科蓝软件",2026-06-01,7.75,8.3,7.68,8.2,7.77,0.43,5.5341,28030413.0,227291268.68,6.0981,0
sz.300664,"鹏鹞环保",2026-06-01,4.92,5.11,4.92,5.07,4.94,0.13,2.6316,10287700.0,51962586.0,1.3672,0
sz.300665,"飞鹿股份",2026-06-01,9.54,9.84,9.31,9.72,9.64,0.0800000000000001,0.8299,12610816.0,121682453.05,5.7845,0
sz.300666,"江丰电子",2026-06-01,189.25,198.6,186.55,188.06,190.2,-2.13999999999999,-1.1251,13523585.0,2593346677.17,6.1161,0
sz.300667,"必创科技",2026-06-01,16.89,17.44,16.81,16.96,17.0,-0.0399999999999991,-0.2353,5961050.0,102269466.0,3.4531,0
sz.300668,"杰恩股份",2026-06-01,54.76,62.88,54.18,59.94,55.31,4.63,8.371,8594750.0,509239454.0,8.6211,0
sz.300669,"沪宁股份",2026-06-01,30.74,30.76,29.18,29.22,30.74,-1.52,-4.9447,2850803.0,85434505.92,1.5621,0
sz.300670,"大烨智能",2026-06-01,7.0,7.18,6.7,6.87,7.02,-0.149999999999999,-2.1368,19634800.0,136654678.9,8.7385,0
sz.300671,"富满微",2026-06-01,44.83,46.4,44.4,44.9,44.95,-0.0500000000000043,-0.1112,7841936.0,356986086.13,3.5525,0
sz.300672,"国科微",2026-06-01,338.5,345.29,312.0,312.58,328.97,-16.39,-4.9822,10302996.0,3326714343.41,4.8983,0
sz.300673,"佩蒂股份",2026-06-01,15.03,15.77,15.03,15.7,15.22,0.479999999999999,3.1537,3862150.0,59889332.5,2.4069,0
sz.300674,"宇信科技",2026-06-01,16.7,17.36,16.67,17.18,16.6,0.579999999999998,3.494,10488361.0,179386499.15,1.4919,0
sz.300675,"建科院",2026-06-01,14.34,15.04,13.96,14.86,14.45,0.41,2.8374,3829600.0,56514642.0,2.6111,0
sz.300676,"华大基因",2026-06-01,36.52,36.86,36.05,36.4,36.79,-0.390000000000001,-1.0601,4902669.0,178552820.8,1.1784,0
sz.300677,"英科医疗",2026-06-01,43.45,45.27,42.68,45.09,43.45,1.64,3.7745,18458644.0,817574306.35,3.9644,0
sz.300678,"中科信息",2026-06-01,24.32,25.31,24.32,24.93,24.4,0.530000000000001,2.1721,5494442.0,137090444.66,1.8868,0
sz.300679,"电连技术",2026-06-01,55.97,56.88,52.58,53.81,55.97,-2.16,-3.8592,23410299.0,1270307435.1,6.513,0
sz.300680,"隆盛科技",2026-06-01,35.11,35.4,33.89,33.97,35.11,-1.14,-3.2469,8163800.0,282359045.14,4.6428,0
sz.300681,"英搏尔",2026-06-01,33.5,33.57,31.53,31.82,32.76,-0.939999999999998,-2.8694,18911265.0,614872644.54,8.194,0
sz.300682,"朗新科技",2026-06-01,12.69,13.01,12.66,12.78,12.62,0.16,1.2678,13517999.0,173659766.11,1.3107,0
sz.300683,"海特生物",2026-06-01,27.5,28.23,27.35,27.52,27.5,0.0199999999999996,0.0727,4183948.0,115644279.48,3.4277,0
sz.300684,"中石科技",2026-06-01,56.53,60.37,55.26,58.0,56.16,1.84,3.2764,18437327.0,1059748354.65,9.0245,0
sz.300685,"艾德生物",2026-06-01,20.41,20.41,20.41,20.41,20.41,0.0,,,,,0
sz.300686,"智动力",2026-06-01,15.64,17.48,15.45,15.45,15.5,-0.0500000000000007,-0.3226,17344300.0,283671796.0,6.699,0
sz.300687,"赛意信息",2026-06-01,25.83,27.17,25.59,26.08,25.58,0.5,1.9547,20577158.0,545354426.58,6.2944,0
sz.300688,"创业黑马",2026-06-01,24.71,26.16,24.61,25.66,24.89,0.77,3.0936,6053100.0,155093944.5,4.0795,0
sz.300689,"澄天伟业",2026-06-01,54.64,57.83,54.2,54.55,55.25,-0.700000000000003,-1.267,2099600.0,117645473.0,2.0751,0
sz.300690,"双一科技",2026-06-01,25.3,25.95,25.3,25.67,25.39,0.280000000000001,1.1028,2326400.0,59800330.54,2.0986,0
sz.300691,"联合光电",2026-06-01,16.13,16.72,16.05,16.1,16.03,0.0700000000000003,0.4367,9016681.0,147459667.21,4.0848,0
sz.300692,"中赋科技",2026-06-01,8.02,8.3,8.02,8.18,8.13,0.0499999999999989,0.615,7329484.0,59991447.28,1.4285,0
sz.300693,"盛弘股份",2026-06-01,51.76,52.57,50.51,50.94,51.25,-0.310000000000002,-0.6049,14245956.0,732989338.1,5.2988,0
sz.300694,"蠡湖股份",2026-06-01,10.33,10.93,10.28,10.81,10.33,0.48,4.6467,8027300.0,86289826.0,3.7029,0
sz.300695,"兆丰股份",2026-06-01,59.7,64.03,59.6,62.26,59.7,2.56,4.2881,1881600.0,117412264.0,1.8401,0
sz.300696,"爱乐达",2026-06-01,31.37,31.67,30.3,30.38,30.86,-0.48,-1.5554,7192314.0,221433636.34,2.6928,0
sz.300697,"电工合金",2026-06-01,16.71,17.11,16.48,16.48,16.53,-0.0500000000000007,-0.3025,9708442.0,162964515.14,2.9309,0
sz.300698,"万马科技",2026-06-01,34.38,35.22,34.02,34.9,34.49,0.409999999999997,1.1888,2491260.0,86710101.4,2.1015,0
sz.300699,"光威复材",2026-06-01,29.89,30.27,29.5,29.63,29.92,-0.290000000000003,-0.9693,15800254.0,471370180.2,1.9236,0
sz.300700,"岱勒新材",2026-06-01,18.47,19.38,18.4,18.74,18.6,0.139999999999997,0.7527,10917259.0,206438999.57,4.0343,0
sz.300701,"森霸传感",2026-06-01,11.0,11.25,10.8,11.07,10.91,0.16,1.4665,5891637.0,65329808.04,2.365,0
sz.300702,"天宇股份",2026-06-01,19.22,19.58,18.84,19.3,19.23,0.0700000000000003,0.364,3632600.0,70066439.6,1.7264,0
sz.300703,"创源股份",2026-06-01,16.81,17.78,16.66,17.61,16.75,0.859999999999999,5.1343,13106330.0,228268347.14,7.8824,0
sz.300705,"九典制药",2026-06-01,11.8,11.87,11.66,11.85,11.75,0.0999999999999996,0.8511,4707955.0,55561700.35,1.2763,0
sz.300706,"阿石创",2026-06-01,48.99,51.45,48.01,48.18,48.9,-0.719999999999999,-1.4724,12084900.0,596892023.0,10.6385,0
sz.300707,"威唐工业",2026-06-01,12.79,13.32,12.72,13.13,12.75,0.380000000000001,2.9804,5257800.0,68847229.33,3.6061,0
sz.300708,"聚灿光电",2026-06-01,9.1,9.25,8.94,9.0,9.12,-0.119999999999999,-1.3158,31313870.0,284129801.38,4.4103,0
sz.300709,"精研科技",2026-06-01,43.45,45.72,42.93,44.66,43.4,1.26,2.9032,11304506.0,505635758.99,7.5728,0
sz.300710,"万隆光电",2026-06-01,44.87,44.87,36.26,36.92,45.32,-8.4,-18.5349,16557665.0,639312833.2,22.2012,0
sz.300711,"广哈通信",2026-06-01,19.66,19.98,19.36,19.46,19.66,-0.199999999999999,-1.0173,4195498.0,82399548.12,1.6888,0
sz.300712,"永福股份",2026-06-01,23.22,23.72,22.95,23.44,23.19,0.25,1.0781,2135200.0,50103350.0,1.1434,0
sz.300713,"英可瑞",2026-06-01,15.43,16.35,15.43,15.97,15.5,0.470000000000001,3.0323,4582191.0,73360244.0,5.305,0
sz.300715,"凯伦股份",2026-06-01,21.17,22.98,20.56,21.76,21.37,0.390000000000001,1.825,24691120.0,542860460.4,7.8896,0
sz.300716,"*ST泉为",2026-06-01,14.7,15.33,14.14,15.16,14.4,0.76,5.2778,2951501.0,43759854.57,1.8445,1
sz.300717,"华信新材",2026-06-01,18.38,19.3,18.2,19.09,18.44,0.649999999999999,3.5249,1999780.0,37969136.0,1.9634,0
sz.300718,"长盛轴承",2026-06-01,71.5,74.1,70.08,71.97,72.38,-0.409999999999997,-0.5665,10111266.0,728008174.2,5.1416,0
sz.300719,"安达维尔",2026-06-01,12.38,12.79,12.35,12.68,12.37,0.31,2.5061,4044400.0,51115779.0,2.252,0
sz.300720,"海川智能",2026-06-01,62.01,67.58,59.78,65.73,63.0,2.73,4.3333,9032910.0,587279135.2,4.9053,0
sz.300721,"怡达股份",2026-06-01,35.35,35.61,33.19,33.4,35.0,-1.6,-4.5714,23642980.0,809792991.3,17.089,0
sz.300722,"新余国科",2026-06-01,23.51,24.29,23.51,24.03,23.74,0.290000000000003,1.2216,1889615.0,45530895.13,0.6828,0
sz.300723,"一品红",2026-06-01,43.0,44.44,42.12,42.4,43.91,-1.51,-3.4389,18493473.0,794300916.15,4.4117,0
sz.300724,"捷佳伟创",2026-06-01,81.04,82.17,78.58,78.62,80.71,-2.08999999999999,-2.5895,12402057.0,994183680.86,4.3105,0
sz.300725,"药石科技",2026-06-01,35.41,35.86,35.0,35.17,35.29,-0.119999999999997,-0.34,5570743.0,196911625.92,2.7481,0
sz.300726,"宏达电子",2026-06-01,60.93,64.0,60.0,60.16,62.02,-1.86000000000001,-2.999,18033230.0,1114831614.3,8.4095,0
sz.300727,"润禾材料",2026-06-01,35.01,35.87,33.7,33.77,35.56,-1.79,-5.0337,7593740.0,262812102.66,4.6843,0
sz.300729,"乐歌股份",2026-06-01,11.44,11.74,11.27,11.61,11.43,0.18,1.5748,2413676.0,27962880.6,0.7338,0
sz.300730,"科创信息",2026-06-01,14.98,15.5,14.8,15.21,14.78,0.430000000000001,2.9093,11757400.0,178963780.0,5.6866,0
sz.300731,"科创新源",2026-06-01,62.89,64.11,59.78,62.03,62.54,-0.509999999999998,-0.8155,11715659.0,726483434.82,6.9632,0
sz.300732,"设研院",2026-06-01,6.95,7.26,6.93,7.18,7.04,0.14,1.9886,7625444.0,54670952.28,2.0601,0
sz.300733,"西菱动力",2026-06-01,17.17,17.38,16.75,16.97,17.15,-0.18,-1.0496,6495700.0,110210926.0,2.8801,0
sz.300735,"光弘科技",2026-06-01,22.31,23.16,21.96,22.05,22.35,-0.300000000000001,-1.3423,26153157.0,589036163.56,3.4529,0
sz.300736,"百邦科技",2026-06-01,34.06,34.5,33.19,33.28,34.09,-0.810000000000002,-2.3761,4719760.0,159941824.6,3.7847,0
sz.300737,"科顺股份",2026-06-01,7.46,7.79,7.08,7.76,7.26,0.5,6.8871,55332166.0,411065490.43,6.2389,0
sz.300738,"奥飞数据",2026-06-01,22.02,22.35,21.67,21.72,21.76,-0.0400000000000027,-0.1838,52791806.0,1161030486.4,5.3602,0
sz.300739,"明阳电路",2026-06-01,34.65,35.57,31.41,31.6,34.51,-2.91,-8.4323,42840251.0,1416931256.19,12.4841,0
sz.300740,"水羊股份",2026-06-01,24.4,25.49,24.0,24.92,24.3,0.620000000000001,2.5514,13854103.0,344927634.86,3.8345,0
sz.300741,"华宝股份",2026-06-01,14.54,14.76,14.35,14.68,14.53,0.15,1.0323,1930960.0,28276274.6,0.3135,0
sz.300743,"天地数码",2026-06-01,16.89,18.25,16.87,18.01,16.93,1.08,6.3792,5490400.0,98214087.43,4.3092,0
sz.300745,"欣锐科技",2026-06-01,45.0,46.09,42.76,43.05,45.44,-2.39,-5.2597,6630134.0,291702082.08,4.6589,0
sz.300746,"汉嘉数智",2026-06-01,11.16,11.59,11.01,11.4,11.19,0.210000000000001,1.8767,3847400.0,43995499.0,1.7211,0
sz.300747,"锐科激光",2026-06-01,40.02,41.55,38.87,39.1,40.23,-1.13,-2.8088,39524570.0,1578103676.17,7.5721,0
sz.300748,"金力永磁",2026-06-01,32.01,32.19,30.73,30.77,32.27,-1.5,-4.6483,31492631.0,986622292.16,2.7869,0
sz.300749,"顶固集创",2026-06-01,20.79,23.5,20.5,22.55,21.0,1.55,7.381,11616280.0,258192025.4,7.3803,0
sz.300750,"宁德时代",2026-06-01,432.1,438.24,418.18,420.1,424.0,-3.89999999999998,-0.9198,38600452.0,16554495936.48,0.9068,0
sz.300751,"迈为股份",2026-06-01,246.0,259.95,240.7,242.48,249.66,-7.18000000000001,-2.8759,9588618.0,2384069637.69,4.9721,0
sz.300752,"隆利科技",2026-06-01,13.78,14.69,13.55,14.5,13.57,0.93,6.8534,18905136.0,270785648.94,8.4711,0
sz.300753,"爱朋医疗",2026-06-01,22.09,22.87,22.08,22.34,22.24,0.100000000000001,0.4496,2927409.0,65791570.9,3.3306,0
sz.300755,"华致酒行",2026-06-01,15.06,17.29,15.06,16.38,15.7,0.68,4.3312,16725940.0,275155753.45,4.0151,0
sz.300756,"金马游乐",2026-06-01,32.24,33.82,32.0,32.33,32.22,0.109999999999999,0.3414,4158580.0,136143248.0,2.166,0
sz.300757,"罗博特科",2026-06-01,634.75,638.95,587.81,595.98,639.3,-43.3199999999999,-6.7762,9443679.0,5753768662.85,5.8091,0
sz.300758,"七彩化学",2026-06-01,12.65,12.95,12.51,12.78,12.78,0.0,0.0,12255105.0,156864605.39,3.4066,0
sz.300759,"康龙化成",2026-06-01,24.66,25.18,24.1,24.54,25.1,-0.560000000000002,-2.2311,24089016.0,594963275.34,1.6964,0
sz.300760,"迈瑞医疗",2026-06-01,151.65,152.55,148.8,149.43,151.83,-2.40000000000001,-1.5807,8559743.0,1284034079.66,0.7066,0
sz.300761,"立华股份",2026-06-01,19.99,20.99,19.86,20.75,20.11,0.640000000000001,3.1825,13030008.0,267681891.08,2.0748,0
sz.300762,"上海瀚讯",2026-06-01,33.71,33.88,32.16,32.2,33.63,-1.43,-4.2522,30965464.0,1014594715.74,4.9311,0
sz.300763,"锦浪科技",2026-06-01,115.0,124.8,114.87,117.5,114.52,2.98,2.6022,20370156.0,2450402266.43,6.3341,0
sz.300765,"新诺威",2026-06-01,28.01,28.64,25.75,25.95,26.76,-0.810000000000002,-3.0269,17513250.0,470731209.64,1.2469,0
sz.300766,"每日互动",2026-06-01,24.9,26.22,24.78,25.68,24.91,0.77,3.0911,23023541.0,590760525.59,6.4323,0
sz.300767,"震安科技",2026-06-01,19.33,19.94,19.21,19.61,19.33,0.280000000000001,1.4485,5990476.0,117620904.92,2.4972,0
sz.300768,"迪普科技",2026-06-01,16.17,17.11,16.15,16.56,16.2,0.359999999999999,2.2222,7237193.0,120700861.14,1.7204,0
sz.300769,"德方纳米",2026-06-01,66.17,69.41,65.36,65.41,66.11,-0.700000000000003,-1.0588,19103535.0,1285877804.54,7.5881,0
sz.300770,"新媒股份",2026-06-01,34.8,35.96,34.8,35.83,34.8,1.03,2.9598,2334709.0,83106360.19,1.0247,0
sz.300771,"智莱科技",2026-06-01,11.61,12.16,11.55,12.02,11.65,0.369999999999999,3.176,5021781.0,60133430.32,2.8122,0
sz.300772,"运达股份",2026-06-01,15.15,15.5,15.03,15.17,15.1,0.0700000000000003,0.4636,12577771.0,191620462.24,1.8023,0
sz.300773,"拉卡拉",2026-06-01,24.25,25.24,24.19,24.6,24.22,0.380000000000003,1.569,29670735.0,735330386.13,4.0393,0
sz.300774,"倍杰特",2026-06-01,13.5,14.55,13.25,14.22,13.09,1.13,8.6325,19394475.0,274496066.26,9.952,0
sz.300775,"三角防务",2026-06-01,24.6,25.17,24.55,24.84,24.54,0.300000000000001,1.2225,13674427.0,340001612.75,2.5721,0
sz.300776,"帝尔激光",2026-06-01,148.9,157.28,146.0,146.0,147.33,-1.33000000000001,-0.9027,15174759.0,2283910641.75,8.4786,0
sz.300777,"中简科技",2026-06-01,33.42,33.84,32.17,32.21,33.42,-1.21,-3.6206,13207293.0,433626682.79,3.1268,0
sz.300778,"新城市",2026-06-01,11.76,12.43,11.6,12.09,12.09,0.0,0.0,11338010.0,136983497.04,5.5686,0
sz.300779,"惠城环保",2026-06-01,83.21,85.08,81.0,81.26,83.63,-2.36999999999999,-2.8339,7863418.0,651347748.47,4.8463,0
sz.300780,"德恩精工",2026-06-01,26.6,27.46,26.16,27.16,26.91,0.25,0.929,6711200.0,180337941.0,6.2411,0
sz.300781,"因赛集团",2026-06-01,32.13,33.98,31.97,32.99,32.03,0.960000000000001,2.9972,7998174.0,265184305.0,6.6026,0
sz.300782,"卓胜微",2026-06-01,109.89,110.8,100.03,100.35,108.1,-7.75,-7.1693,24357490.0,2521329645.88,5.4339,0
sz.300783,"三只松鼠",2026-06-01,18.0,18.55,17.95,18.46,18.21,0.25,1.3729,7789100.0,142838693.0,2.779,0
sz.300784,"利安科技",2026-06-01,44.86,47.18,44.55,46.45,45.09,1.36,3.0162,1145622.0,53071570.88,6.8131,0
sz.300785,"值得买",2026-06-01,45.26,49.68,45.0,48.67,45.29,3.38,7.463,14678858.0,700258699.55,11.999,0
sz.300786,"国林科技",2026-06-01,18.23,18.85,17.87,18.15,18.27,-0.120000000000001,-0.6568,8809802.0,161311780.94,6.0179,0
sz.300787,"海能实业",2026-06-01,9.5,10.45,9.41,10.01,9.5,0.51,5.3684,11875319.0,119479492.03,6.0424,0
sz.300788,"中信出版",2026-06-01,27.4,28.81,27.31,28.07,27.59,0.48,1.7398,4161900.0,117066207.0,2.1887,0
sz.300789,"唐源电气",2026-06-01,21.56,22.38,21.35,22.1,21.76,0.34,1.5625,2382639.0,52331773.84,2.7921,0
sz.300790,"宇瞳光学",2026-06-01,33.0,33.76,31.8,31.88,33.48,-1.6,-4.779,19790130.0,643752841.08,6.0186,0
sz.300791,"仙乐健康",2026-06-01,18.02,18.83,17.8,18.75,18.1,0.649999999999999,3.5912,3894667.0,71591054.1,1.5129,0
sz.300792,"壹网壹创",2026-06-01,31.19,36.8,30.71,35.66,30.67,4.98999999999999,16.27,20218914.0,706651268.74,9.5133,0
sz.300793,"佳禾智能",2026-06-01,13.31,14.03,13.31,13.79,13.58,0.209999999999999,1.5464,7974580.0,109995662.6,2.1432,0
sz.300795,"米奥会展",2026-06-01,10.37,10.83,10.28,10.68,10.56,0.119999999999999,1.1364,11024417.0,116871447.92,6.3364,0
sz.300796,"贝斯美",2026-06-01,7.38,8.15,7.27,7.86,7.33,0.53,7.2306,12280520.0,96218479.0,3.4005,0
sz.300797,"钢研纳克",2026-06-01,14.01,14.39,14.01,14.23,14.07,0.16,1.1372,2876750.0,40975725.5,0.7601,0
sz.300798,"锦鸡股份",2026-06-01,7.86,8.18,7.82,8.0,7.88,0.12,1.5228,12972048.0,104449484.48,3.1974,0
sz.300800,"力合科技",2026-06-01,10.63,11.15,10.58,10.96,10.66,0.300000000000001,2.8143,5109700.0,56097356.0,2.1808,0
sz.300801,"泰和科技",2026-06-01,26.88,27.82,26.81,26.94,26.97,-0.0299999999999976,-0.1112,3812200.0,103987015.92,2.7851,0
sz.300802,"矩子科技",2026-06-01,21.94,22.66,21.67,21.7,22.37,-0.670000000000002,-2.9951,9736405.0,214700662.3,5.0003,0
sz.300803,"指南针",2026-06-01,91.3,93.98,90.65,91.13,91.85,-0.719999999999999,-0.7839,19098200.0,1763760181.22,3.155,0
sz.300804,"广康生化",2026-06-01,38.18,38.79,37.24,38.04,37.31,0.729999999999997,1.9566,1204601.0,46082777.24,4.3804,0
sz.300805,"电声股份",2026-06-01,8.61,9.14,8.58,9.01,8.61,0.4,4.6458,9261700.0,82945800.98,3.2119,0
sz.300806,"斯迪克",2026-06-01,76.99,77.3,71.29,72.09,76.12,-4.03,-5.2943,21707314.0,1603120894.06,6.8604,0
sz.300807,"天迈科技",2026-06-01,45.8,48.2,44.9,46.1,44.9,1.2,2.6726,1914000.0,89636517.0,3.685,0
sz.300808,"久量股份",2026-06-01,23.66,24.47,23.2,23.97,23.95,0.0199999999999996,0.0835,1863607.0,44676864.46,1.5674,0
sz.300809,"华辰装备",2026-06-01,37.57,39.3,36.1,36.1,37.45,-1.35,-3.6048,9153280.0,341056877.0,6.0791,0
sz.300810,"中科海讯",2026-06-01,26.86,27.8,26.79,27.41,27.03,0.379999999999999,1.4058,1948000.0,53584440.0,1.7087,0
sz.300811,"铂科新材",2026-06-01,88.28,90.27,81.88,82.45,86.7,-4.25,-4.902,19903967.0,1691854038.54,5.981,0
sz.300812,"易天股份",2026-06-01,39.0,39.34,35.0,35.1,40.2,-5.1,-12.6866,12880846.0,474295208.68,10.1344,0
sz.300813,"泰林生物",2026-06-01,21.5,22.05,21.35,21.9,21.42,0.479999999999997,2.2409,1706134.0,37278119.92,2.2434,0
sz.300814,"中富电路",2026-06-01,156.8,159.94,143.0,144.45,159.79,-15.34,-9.6001,14327870.0,2140845717.25,7.4846,0
sz.300815,"玉禾田",2026-06-01,20.34,20.87,20.2,20.54,20.2,0.34,1.6832,3198714.0,65664340.14,0.8194,0
sz.300816,"艾可蓝",2026-06-01,96.66,99.0,91.2,91.49,96.66,-5.17,-5.3486,3379271.0,319013918.37,5.9632,0
sz.300817,"双飞集团",2026-06-01,18.52,19.02,18.35,18.6,18.42,0.18,0.9772,2953430.0,55351364.44,2.3578,0
sz.300818,"耐普矿机",2026-06-01,24.27,25.88,24.0,24.45,23.88,0.57,2.3869,5586051.0,139935180.99,3.9303,0
sz.300819,"聚杰微纤",2026-06-01,68.93,69.54,64.7,64.74,69.48,-4.74000000000001,-6.8221,6103826.0,403517390.98,4.5293,0
sz.300820,"英杰电气",2026-06-01,64.8,67.7,63.0,64.42,64.89,-0.469999999999999,-0.7243,5418432.0,352726691.17,4.8474,0
sz.300821,"东岳硅材",2026-06-01,15.46,16.38,15.33,15.67,15.74,-0.0700000000000003,-0.4447,68319215.0,1082817531.05,5.6943,0
sz.300822,"贝仕达克",2026-06-01,13.83,15.06,13.78,14.66,13.79,0.870000000000001,6.3089,6639948.0,97335470.6,2.2977,0
sz.300823,"建科智能",2026-06-01,17.01,17.82,16.76,17.58,17.06,0.52,3.0481,4375800.0,76407817.92,5.1608,0
sz.300824,"北鼎股份",2026-06-01,8.51,8.92,8.46,8.83,8.53,0.300000000000001,3.517,5155250.0,45153051.5,1.6288,0
sz.300825,"阿尔特",2026-06-01,13.31,14.44,13.22,13.88,13.21,0.67,5.0719,41838805.0,586070109.81,8.6357,0
sz.300826,"测绘股份",2026-06-01,16.06,18.27,16.06,17.6,15.98,1.62,10.1377,19787794.0,340286381.3,11.6687,0
sz.300827,"上能电气",2026-06-01,33.06,34.03,33.06,33.52,33.06,0.460000000000001,1.3914,15533000.0,521804827.27,4.032,0
sz.300828,"锐新科技",2026-06-01,18.6,19.6,18.6,19.41,18.78,0.629999999999999,3.3546,4711000.0,90959731.0,5.5838,0
sz.300829,"金丹科技",2026-06-01,18.48,18.49,17.86,17.87,18.85,-0.98,-5.1989,7755667.0,140497505.61,4.948,0
sz.300830,"金现代",2026-06-01,9.45,10.08,9.45,9.8,9.4,0.4,4.2553,15275582.0,149971577.24,4.5317,0
sz.300831,"派瑞股份",2026-06-01,22.1,22.53,21.0,21.16,22.11,-0.949999999999999,-4.2967,24419919.0,529918956.63,13.2369,0
sz.300832,"新产业",2026-06-01,46.74,46.8,45.78,46.57,46.74,-0.170000000000002,-0.3637,4806756.0,222317978.16,0.7036,0
sz.300833,"浩洋股份",2026-06-01,35.27,36.11,34.88,35.33,35.26,0.0700000000000003,0.1985,699010.0,24810524.5,0.8603,0
sz.300834,"星辉环材",2026-06-01,46.92,48.64,45.58,46.01,47.19,-1.18,-2.5005,3836538.0,180156966.57,1.9938,0
sz.300835,"龙磁科技",2026-06-01,179.5,188.54,170.0,170.8,179.5,-8.69999999999999,-4.8468,7998154.0,1403505607.54,9.6196,0
sz.300836,"佰奥智能",2026-06-01,72.26,73.0,68.68,69.88,73.58,-3.7,-5.0285,3304765.0,232281686.4,5.2083,0
sz.300837,"浙矿股份",2026-06-01,29.93,30.38,29.31,29.76,29.7,0.0600000000000023,0.202,1577100.0,47289856.0,2.0863,0
sz.300838,"浙江力诺",2026-06-01,17.24,18.37,16.76,17.67,16.95,0.720000000000002,4.2478,6921600.0,123153856.0,6.803,0
sz.300839,"博汇股份",2026-06-01,16.69,17.33,16.53,16.9,16.69,0.209999999999997,1.2582,9132688.0,154435970.62,3.1526,0
sz.300840,"酷特智能",2026-06-01,22.54,23.8,22.22,22.93,22.8,0.129999999999999,0.5702,10130900.0,233852505.5,5.7209,0
sz.300841,"康华生物",2026-06-01,47.92,48.36,47.08,48.05,47.74,0.309999999999995,0.6494,2139453.0,102124151.11,1.7991,0
sz.300842,"帝科股份",2026-06-01,87.52,88.49,82.0,82.3,85.8,-3.5,-4.0793,7404949.0,631491642.04,5.7349,0
sz.300843,"胜蓝股份",2026-06-01,92.33,93.0,85.72,85.75,90.52,-4.77,-5.2696,6590900.0,581196614.0,4.1064,0
sz.300844,"山水比德",2026-06-01,27.45,28.9,26.51,28.0,27.44,0.559999999999999,2.0408,2466082.0,69314145.58,2.7446,0
sz.300845,"捷安高科",2026-06-01,13.95,14.66,13.81,14.54,14.1,0.44,3.1206,6545983.0,94233190.32,4.5527,0
sz.300846,"首都在线",2026-06-01,24.3,25.17,24.1,24.46,24.3,0.16,0.6584,29367113.0,724278627.9,7.0563,0
sz.300847,"中船汉光",2026-06-01,14.48,14.83,14.33,14.62,14.3,0.319999999999999,2.2378,2463495.0,36107418.25,0.8322,0
sz.300848,"美瑞新材",2026-06-01,14.38,14.66,14.2,14.59,14.37,0.220000000000001,1.531,8371347.0,120888463.71,3.3072,0
sz.300849,"锦盛新材",2026-06-01,21.05,25.36,20.92,25.36,21.13,4.23,20.0189,7082953.0,169625656.62,6.4233,0
sz.300850,"新强联",2026-06-01,32.58,34.3,32.42,33.9,32.22,1.68,5.2142,21336400.0,716341453.95,7.0936,0
sz.300851,"交大思诺",2026-06-01,26.52,28.1,26.01,27.48,26.82,0.66,2.4609,4492900.0,122994582.93,9.1061,0
sz.300852,"四会富仕",2026-06-01,53.35,54.5,50.4,51.07,53.29,-2.22,-4.1659,9438618.0,490026546.6,6.0911,0
sz.300853,"申昊科技",2026-06-01,37.8,39.5,36.0,38.1,37.88,0.219999999999999,0.5808,8791560.0,335451461.36,8.9423,0
sz.300854,"中兰环保",2026-06-01,31.83,32.0,27.18,28.92,33.73,-4.81,-14.2603,22865824.0,667083222.66,20.0661,0
sz.300855,"图南股份",2026-06-01,37.16,37.47,35.78,36.17,36.86,-0.689999999999998,-1.8719,7802324.0,284267900.15,2.6633,0
sz.300856,"科思股份",2026-06-01,12.75,13.45,12.7,13.32,12.72,0.6,4.717,8350388.0,110185257.8,1.8163,0
sz.300857,"协创数据",2026-06-01,239.63,251.38,235.25,236.46,239.65,-3.19,-1.3311,20930156.0,5083913865.48,4.299,0
sz.300858,"科拓生物",2026-06-01,16.13,16.43,15.92,16.19,16.15,0.0400000000000027,0.2477,5390850.0,87678097.0,2.7541,0
sz.300859,"西域旅游",2026-06-01,28.32,29.0,27.73,28.66,28.6,0.0599999999999987,0.2098,2908072.0,83096644.73,1.8762,0
sz.300860,"锋尚文化",2026-06-01,24.5,26.6,24.45,26.28,24.59,1.69,6.8727,3507907.0,91066047.28,3.206,0
sz.300861,"美畅股份",2026-06-01,19.85,20.18,19.18,19.19,19.91,-0.719999999999999,-3.6163,26007890.0,510075452.94,6.165,0
sz.300862,"蓝盾光电",2026-06-01,22.84,23.47,22.52,22.86,22.89,-0.0300000000000011,-0.1311,4024920.0,92702815.6,2.6572,0
sz.300863,"卡倍亿",2026-06-01,59.87,66.5,59.5,63.88,61.3,2.58000000000001,4.2088,18905110.0,1185424290.9,7.5283,0
sz.300864,"南大环境",2026-06-01,22.16,22.99,22.07,22.86,22.3,0.559999999999999,2.5112,1821325.0,41294115.3,1.1534,0
sz.300865,"大宏立",2026-06-01,27.27,28.28,27.1,27.93,27.26,0.669999999999998,2.4578,2226200.0,62190240.0,3.8728,0
sz.300866,"安克创新",2026-06-01,125.0,130.65,122.05,122.69,125.72,-3.03,-2.4101,4319185.0,543607766.76,1.4042,0
sz.300867,"圣元环保",2026-06-01,19.5,20.78,19.33,20.33,19.5,0.829999999999998,4.2564,11045085.0,223180875.86,5.7638,0
sz.300868,"杰美特",2026-06-01,106.49,107.69,101.5,103.33,106.35,-3.02,-2.8397,2558048.0,265634443.34,3.1673,0
sz.300869,"康泰医学",2026-06-01,11.41,11.77,11.37,11.7,11.47,0.229999999999999,2.0052,2882930.0,33576093.19,1.0914,0
sz.300870,"欧陆通",2026-06-01,281.31,282.89,252.22,254.0,275.0,-21.0,-7.6364,6990140.0,1843397212.42,4.5799,0
sz.300871,"回盛生物",2026-06-01,21.1,21.49,20.92,21.27,21.01,0.259999999999998,1.2375,3586277.0,76444952.67,1.7773,0
sz.300872,"天阳科技",2026-06-01,19.76,20.57,19.46,19.96,19.78,0.18,0.91,18794876.0,376621596.88,4.4533,0
sz.300873,"海晨股份",2026-06-01,21.41,22.6,21.4,22.27,21.54,0.73,3.389,3297844.0,73475332.58,1.9682,0
sz.300875,"捷强装备",2026-06-01,33.2,34.04,33.15,33.92,33.42,0.5,1.4961,1748456.0,59175138.54,1.9916,0
sz.300876,"蒙泰高新",2026-06-01,25.9,26.44,25.6,26.08,25.79,0.289999999999999,1.1245,1849690.0,48277047.6,2.2801,0
sz.300877,"金春股份",2026-06-01,33.5,34.07,32.33,32.6,34.11,-1.51,-4.4269,3878866.0,128648532.8,3.2324,0
sz.300878,"维康药业",2026-06-01,31.98,32.59,29.89,30.8,31.92,-1.12,-3.5088,4459048.0,136837471.8,3.0939,0
sz.300879,"大叶股份",2026-06-01,18.8,19.6,18.7,19.3,18.72,0.580000000000002,3.0983,3368023.0,64875388.97,1.6754,0
sz.300880,"迦南智能",2026-06-01,23.25,23.99,22.66,23.7,23.16,0.539999999999999,2.3316,10652232.0,248486164.12,5.4588,0
sz.300881,"盛德鑫泰",2026-06-01,49.0,51.37,48.33,50.95,52.58,-1.63,-3.1,4183594.0,211200969.9,7.2877,0
sz.300882,"万胜智能",2026-06-01,16.99,17.48,16.89,17.18,16.9,0.280000000000001,1.6568,3055724.0,52760618.81,1.1474,0
sz.300883,"龙利得",2026-06-01,6.33,6.82,6.3,6.6,6.4,0.199999999999999,3.125,37779202.0,249772395.18,11.4249,0
sz.300884,"狄耐克",2026-06-01,11.1,11.63,11.04,11.38,11.09,0.290000000000001,2.615,5186030.0,59102367.38,2.7094,0
sz.300885,"海昌新材",2026-06-01,27.74,27.74,26.43,26.46,27.2,-0.739999999999998,-2.7206,7544866.0,202874452.99,4.5174,0
sz.300886,"华业香料",2026-06-01,24.11,25.3,19.25,24.98,24.06,0.920000000000002,3.8238,2055600.0,50940492.91,4.7097,0
sz.300887,"谱尼测试",2026-06-01,8.57,9.13,8.57,8.86,8.57,0.289999999999999,3.3839,16580745.0,147935766.8,4.5778,0
sz.300888,"稳健医疗",2026-06-01,29.13,29.7,29.13,29.49,29.3,0.189999999999998,0.6485,2500713.0,73651853.49,0.4314,0
sz.300889,"爱克股份",2026-06-01,23.07,23.56,22.81,23.05,22.9,0.150000000000002,0.655,5070252.0,117733001.6,3.4641,0
sz.300890,"翔丰华",2026-06-01,35.17,37.19,35.17,36.01,34.12,1.89,5.5393,12284329.0,447731761.66,11.284,0
sz.300891,"惠云钛业",2026-06-01,7.09,7.46,7.0,7.35,7.09,0.26,3.6671,7596600.0,55809485.0,2.278,0
sz.300892,"品渥食品",2026-06-01,23.58,24.9,23.04,24.7,24.12,0.579999999999998,2.4046,3038000.0,74193350.0,4.7055,0
sz.300893,"松原安全",2026-06-01,20.51,20.9,20.42,20.62,20.77,-0.149999999999999,-0.7222,1825675.0,37731579.06,0.7278,0
sz.300894,"火星人",2026-06-01,9.08,9.49,9.02,9.43,9.08,0.35,3.8546,4854812.0,45489730.37,1.6509,0
sz.300895,"铜牛信息",2026-06-01,61.38,62.0,59.85,60.0,61.2,-1.2,-1.9608,6487507.0,394812648.57,4.6952,0
sz.300896,"爱美客",2026-06-01,102.8,104.46,101.72,104.35,104.75,-0.400000000000006,-0.3819,3005759.0,310221615.0,1.4702,0
sz.300897,"山科智能",2026-06-01,17.23,19.86,17.23,19.45,17.39,2.06,11.8459,5997601.0,114479881.92,4.9058,0
sz.300898,"熊猫乳品",2026-06-01,21.31,22.45,21.0,22.45,21.61,0.84,3.8871,5215422.0,114064252.38,4.5458,0
sz.300899,"上海凯鑫",2026-06-01,32.31,34.77,31.6,33.91,32.31,1.59999999999999,4.952,1135300.0,38526868.0,2.7733,0
sz.300900,"广联航空",2026-06-01,35.11,35.47,33.9,34.18,35.27,-1.09,-3.0904,16395979.0,568077334.88,6.3851,0
sz.300901,"中胤时尚",2026-06-01,15.08,15.66,14.96,15.32,15.15,0.17,1.1221,2714602.0,41573983.66,1.1311,0
sz.300902,"国安达",2026-06-01,15.38,15.94,15.31,15.72,15.55,0.17,1.0932,2423245.0,38029898.45,1.9418,0
sz.300903,"科翔股份",2026-06-01,72.15,72.8,66.09,66.56,70.49,-3.92999999999999,-5.5753,26965085.0,1853732344.28,8.1542,0
sz.300904,"威力传动",2026-06-01,50.25,52.3,50.25,51.2,50.34,0.859999999999999,1.7084,1144606.0,58874804.0,5.246,0
sz.300905,"宝丽迪",2026-06-01,65.92,67.16,62.65,62.78,67.11,-4.33,-6.4521,11616637.0,748740301.74,8.3186,0
sz.300906,"日月明",2026-06-01,31.17,31.55,30.09,31.06,30.7,0.359999999999999,1.1726,1839504.0,57110205.76,2.5482,0
sz.300907,"康平科技",2026-06-01,43.38,43.39,40.0,40.3,43.02,-2.72000000000001,-6.3226,6262572.0,258002868.58,6.5235,0
sz.300908,"仲景食品",2026-06-01,24.58,25.03,24.1,24.86,24.6,0.259999999999998,1.0569,2205915.0,54316023.83,1.7876,0
sz.300909,"汇创达",2026-06-01,47.41,49.58,46.57,47.15,47.7,-0.550000000000004,-1.153,3590473.0,171594615.36,2.7803,0
sz.300910,"瑞丰新材",2026-06-01,33.5,34.75,33.16,34.6,33.76,0.840000000000003,2.4882,4584910.0,155473220.4,1.709,0
sz.300911,"亿田智能",2026-06-01,25.58,26.98,25.19,25.62,25.39,0.23,0.9059,6556200.0,171081988.25,3.8264,0
sz.300912,"凯龙高科",2026-06-01,26.56,27.15,26.07,26.33,26.68,-0.350000000000001,-1.3118,3627163.0,96104027.34,4.2189,0
sz.300913,"兆龙互连",2026-06-01,60.91,63.14,59.61,59.75,59.35,0.399999999999999,0.674,26230388.0,1610577379.54,10.2549,0
sz.300915,"海融科技",2026-06-01,23.88,24.42,23.2,24.25,23.97,0.280000000000001,1.1681,1590565.0,38264287.15,2.7643,0
sz.300916,"朗特智能",2026-06-01,35.42,35.9,33.0,33.14,34.73,-1.59,-4.5782,6368201.0,217596079.83,6.8171,0
sz.300917,"特发服务",2026-06-01,31.6,31.66,30.28,30.9,31.79,-0.890000000000001,-2.7996,15570274.0,483311456.96,9.2132,0
sz.300918,"南山智尚",2026-06-01,12.39,12.53,12.23,12.42,12.4,0.0199999999999996,0.1613,6251822.0,77425197.96,1.2352,0
sz.300919,"中伟新材",2026-06-01,52.35,53.66,51.8,51.9,52.36,-0.460000000000001,-0.8785,11951987.0,630870622.7,1.3098,0
sz.300920,"润阳科技",2026-06-01,46.81,47.3,45.27,46.86,46.85,0.00999999999999801,0.0213,1980101.0,91744963.4,3.0153,0
sz.300921,"南凌科技",2026-06-01,18.51,19.18,18.42,18.78,18.56,0.220000000000002,1.1853,8688081.0,163531758.42,5.3668,0
sz.300922,"天秦装备",2026-06-01,23.46,24.7,23.46,24.27,22.65,1.62,7.1523,14153188.0,342746920.7,11.2139,0
sz.300923,"研奥股份",2026-06-01,23.46,24.68,23.4,24.42,23.71,0.710000000000001,2.9945,1812500.0,44027437.0,2.3747,0
sz.300925,"法本信息",2026-06-01,15.84,17.15,15.83,16.65,15.76,0.889999999999999,5.6472,14513033.0,242392794.65,4.1522,0
sz.300926,"博俊科技",2026-06-01,19.53,20.13,19.32,19.87,19.53,0.34,1.7409,6767572.0,133954061.77,2.2711,0
sz.300927,"江天化学",2026-06-01,23.7,24.87,23.7,24.47,23.69,0.779999999999998,3.2925,4042104.0,99198970.8,2.8698,0
sz.300928,"华安鑫创",2026-06-01,32.31,34.25,31.99,33.27,32.3,0.970000000000006,3.0031,1950800.0,64778726.0,3.6404,0
sz.300929,"华骐环保",2026-06-01,12.02,12.59,11.86,12.39,12.07,0.32,2.6512,3892460.0,48099766.6,3.105,0
sz.300930,"屹通新材",2026-06-01,33.05,34.4,33.0,33.14,33.9,-0.759999999999998,-2.2419,3093300.0,103751292.0,6.564,0
sz.300931,"通用电梯",2026-06-01,15.89,16.12,15.44,15.6,15.91,-0.31,-1.9485,6468912.0,101742385.05,3.3089,0
sz.300932,"三友联众",2026-06-01,9.9,10.25,9.86,10.05,9.99,0.0600000000000005,0.6006,9430017.0,95129406.35,2.9543,0
sz.300933,"中辰股份",2026-06-01,7.57,7.92,7.55,7.74,7.64,0.100000000000001,1.3089,13725727.0,106569798.44,2.5089,0
sz.300935,"盈建科",2026-06-01,34.59,37.63,34.39,36.9,34.85,2.05,5.8824,3542448.0,129439433.54,5.8787,0
sz.300936,"中英科技",2026-06-01,109.0,109.0,98.01,101.88,110.0,-8.12,-7.3818,5018056.0,512510959.32,10.5819,0
sz.300937,"药易购",2026-06-01,23.0,23.96,22.75,23.72,23.18,0.539999999999999,2.3296,2183100.0,51636664.0,3.3656,0
sz.300938,"信测标准",2026-06-01,54.11,56.0,51.88,52.55,54.83,-2.28,-4.1583,16638691.0,892813099.2,7.8727,0
sz.300939,"秋田微",2026-06-01,70.92,72.58,66.99,69.16,72.13,-2.97,-4.1176,10433800.0,728340953.18,8.6948,0
sz.300940,"南极光",2026-06-01,17.69,18.1,17.69,17.82,17.69,0.129999999999999,0.7349,3807655.0,68226818.8,2.4179,0
sz.300941,"创识科技",2026-06-01,15.67,16.97,15.62,16.56,15.55,1.01,6.4952,6385200.0,105059786.44,5.1586,0
sz.300942,"易瑞生物",2026-06-01,6.71,6.97,6.64,6.9,6.7,0.2,2.9851,5806677.0,39976766.3,1.4335,0
sz.300943,"春晖智控",2026-06-01,38.3,40.88,38.0,39.36,38.22,1.14,2.9827,9429597.0,375063436.66,7.0673,0
sz.300945,"曼卡龙",2026-06-01,12.81,13.2,12.76,12.98,12.87,0.110000000000001,0.8547,6028251.0,78489380.92,2.5286,0
sz.300946,"恒而达",2026-06-01,45.58,47.87,45.58,46.01,47.43,-1.42,-2.9939,1212808.0,56557355.6,1.5999,0
sz.300947,"德必集团",2026-06-01,15.09,16.06,14.79,15.77,15.51,0.26,1.6763,5244390.0,82053408.03,3.4713,0
sz.300948,"冠中生态",2026-06-01,27.21,28.76,26.72,28.13,27.66,0.469999999999999,1.6992,8426946.0,234968776.53,5.4565,0
sz.300949,"奥雅股份",2026-06-01,24.42,26.46,23.25,25.93,24.41,1.52,6.227,2761780.0,70902854.98,5.5528,0
sz.300950,"德固特",2026-06-01,18.5,19.31,18.43,19.12,18.62,0.5,2.6853,1742097.0,33235383.64,1.7768,0
sz.300951,"博硕科技",2026-06-01,38.73,39.88,38.26,38.77,39.13,-0.359999999999999,-0.92,3597042.0,139751146.9,2.3759,0
sz.300952,"恒辉安防",2026-06-01,24.3,24.8,22.77,22.81,24.54,-1.73,-7.0497,9486912.0,223617048.25,6.3851,0
sz.300953,"震裕科技",2026-06-01,147.9,150.0,144.65,145.34,146.0,-0.659999999999997,-0.4521,10666717.0,1570637554.06,6.1296,0
sz.300955,"嘉亨家化",2026-06-01,42.74,44.5,42.01,42.5,42.99,-0.490000000000002,-1.1398,3053266.0,131337661.32,3.029,0
sz.300956,"英力股份",2026-06-01,16.94,16.94,16.94,16.94,14.12,2.82,19.9717,11161281.0,189072100.14,5.3035,0
sz.300957,"贝泰妮",2026-06-01,37.65,38.44,37.27,38.14,37.75,0.390000000000001,1.0331,7323200.0,278117910.35,1.7383,0
sz.300958,"建工修复",2026-06-01,12.81,13.3,12.6,13.27,12.83,0.44,3.4295,3878728.0,50699520.66,4.26,0
sz.300959,"线上线下",2026-06-01,204.72,208.2,193.02,206.87,207.9,-1.03,-0.4954,4571373.0,916950976.23,8.736,0
sz.300960,"通业科技",2026-06-01,17.87,18.98,17.56,18.75,18.66,0.0899999999999999,0.4823,2784748.0,51194360.04,2.1277,0
sz.300961,"深水海纳",2026-06-01,11.92,12.71,11.86,12.34,11.91,0.43,3.6104,6884994.0,85471722.18,4.5318,0
sz.300962,"中金辐照",2026-06-01,13.4,13.89,13.27,13.87,13.33,0.539999999999999,4.051,3663600.0,50303887.0,1.3877,0
sz.300963,"中洲特材",2026-06-01,14.51,14.96,14.4,14.71,14.65,0.0600000000000005,0.4096,6256535.0,92326706.6,1.8599,0
sz.300964,"本川智能",2026-06-01,104.04,114.06,104.04,106.5,103.69,2.81,2.71,9542265.0,1038120110.26,17.0368,0
sz.300965,"恒宇信通",2026-06-01,54.15,55.95,52.31,52.68,59.85,-7.17,-11.9799,3968694.0,214426309.48,7.3367,0
sz.300966,"共同药业",2026-06-01,27.44,27.77,26.87,27.04,27.42,-0.380000000000003,-1.3858,3665500.0,99658157.0,4.7811,0
sz.300967,"晓鸣股份",2026-06-01,19.03,21.4,18.41,21.02,17.84,3.18,17.8251,25325201.0,507087617.42,20.2938,0
sz.300968,"格林精密",2026-06-01,10.97,12.36,10.91,11.76,10.75,1.01,9.3953,18837971.0,223294058.97,4.5571,0
sz.300969,"恒帅股份",2026-06-01,106.78,110.0,101.77,102.28,107.45,-5.17,-4.8115,3589281.0,376507849.74,4.5855,0
sz.300970,"华绿生物",2026-06-01,28.26,29.25,28.16,29.0,28.26,0.739999999999998,2.6185,5028990.0,145571282.2,5.3072,0
sz.300971,"博亚精工",2026-06-01,21.4,22.21,21.31,22.01,21.31,0.700000000000003,3.2848,3170560.0,69465239.22,3.4368,0
sz.300972,"万辰集团",2026-06-01,182.64,197.88,180.8,193.38,181.69,11.69,6.434,4008700.0,769886131.4,2.2111,0
sz.300973,"立高食品",2026-06-01,28.18,28.52,27.75,28.42,28.26,0.16,0.5662,3423497.0,96456957.0,2.8874,0
sz.300975,"商络电子",2026-06-01,37.01,41.21,37.01,38.51,35.81,2.7,7.5398,100235229.0,3953083217.18,20.37,0
sz.300976,"达瑞电子",2026-06-01,62.83,64.44,59.55,59.55,63.28,-3.73,-5.8944,6514130.0,402931349.53,5.4119,0
sz.300977,"深圳瑞捷",2026-06-01,20.27,20.9,19.93,20.25,20.49,-0.239999999999998,-1.1713,2935596.0,59767581.05,3.0966,0
sz.300978,"东箭科技",2026-06-01,9.78,10.12,9.76,10.03,9.81,0.219999999999999,2.2426,3103000.0,31012669.0,1.0808,0
sz.300979,"华利集团",2026-06-01,34.15,34.94,33.47,34.82,34.18,0.640000000000001,1.8724,2554621.0,88160229.6,0.2189,0
sz.300980,"祥源新材",2026-06-01,27.35,27.97,27.0,27.19,27.29,-0.0999999999999979,-0.3664,3451665.0,94710923.8,3.5099,0
sz.300981,"中红医疗",2026-06-01,12.63,12.78,12.34,12.74,12.64,0.0999999999999996,0.7911,5374521.0,68074188.9,1.3676,0
sz.300982,"苏文电能",2026-06-01,21.64,22.9,21.2,22.27,21.64,0.629999999999999,2.9113,6630300.0,147996018.32,3.4195,0
sz.300983,"尤安设计",2026-06-01,35.0,35.99,34.56,34.99,35.11,-0.119999999999997,-0.3418,1197054.0,42367564.08,0.7834,0
sz.300984,"金沃股份",2026-06-01,57.23,57.23,55.94,56.26,56.99,-0.730000000000004,-1.2809,2574089.0,145647807.1,2.9055,0
sz.300985,"致远新能",2026-06-01,23.15,24.42,23.15,23.83,23.32,0.509999999999998,2.187,4702373.0,112144147.28,2.5212,0
sz.300986,"志特新材",2026-06-01,19.31,20.31,19.2,19.74,19.39,0.349999999999998,1.8051,17749547.0,352416560.48,4.312,0
sz.300987,"川网传媒",2026-06-01,14.2,15.16,14.13,14.93,14.28,0.65,4.5518,6303870.0,93881045.8,3.6361,0
sz.300988,"津荣天宇",2026-06-01,18.0,18.63,17.7,18.36,17.91,0.449999999999999,2.5126,6835797.0,125228252.26,4.2311,0
sz.300989,"蕾奥规划",2026-06-01,14.01,14.65,13.9,14.47,14.35,0.120000000000001,0.8362,2446368.0,35322793.26,1.5013,0
sz.300990,"同飞股份",2026-06-01,80.82,82.33,77.75,77.8,81.0,-3.2,-3.9506,4428944.0,352710469.75,5.6954,0
sz.300991,"创益通",2026-06-01,40.2,41.11,38.38,38.65,39.4,-0.75,-1.9036,4002269.0,158173529.05,4.3436,0
sz.300992,"泰福泵业",2026-06-01,26.72,28.68,26.33,28.14,26.75,1.39,5.1963,3096595.0,86430189.11,3.9954,0
sz.300993,"玉马科技",2026-06-01,10.59,11.09,10.54,10.94,10.61,0.33,3.1103,4834334.0,52664253.28,1.9989,0
sz.300994,"久祺股份",2026-06-01,12.29,13.01,12.22,12.86,12.39,0.469999999999999,3.7934,2557004.0,32721014.98,2.1918,0
sz.300995,"奇德新材",2026-06-01,32.3,35.75,32.2,33.96,32.07,1.89,5.8934,3213731.0,110810715.33,5.3526,0
sz.300996,"普联软件",2026-06-01,11.85,12.83,11.75,12.64,11.83,0.81,6.847,18622406.0,231405707.44,5.5898,0
sz.300997,"欢乐家",2026-06-01,18.82,20.19,18.38,19.9,19.26,0.639999999999997,3.3229,19913166.0,386921071.47,5.0148,0
sz.300998,"宁波方正",2026-06-01,27.99,28.2,26.73,27.27,27.91,-0.640000000000001,-2.2931,4375600.0,119515996.0,4.0635,0
sz.300999,"金龙鱼",2026-06-01,26.48,27.59,26.21,27.44,26.76,0.68,2.5411,18364919.0,495107729.44,3.3843,0
sz.301000,"肇民科技",2026-06-01,31.39,31.6,30.29,30.32,30.77,-0.449999999999999,-1.4625,4361312.0,134211506.71,1.8994,0
sz.301001,"凯淳股份",2026-06-01,26.62,28.39,26.03,27.92,26.63,1.29,4.8442,2062484.0,56841855.65,4.1004,0
sz.301002,"崧盛股份",2026-06-01,49.51,50.26,47.9,48.34,49.52,-1.18,-2.3829,5843009.0,286412917.52,6.8753,0
sz.301003,"江苏博云",2026-06-01,51.8,52.99,50.6,51.54,51.9,-0.359999999999999,-0.6936,1934806.0,99958105.6,2.5749,0
sz.301004,"嘉益股份",2026-06-01,38.34,39.37,38.11,39.06,38.47,0.590000000000003,1.5337,600080.0,23380311.0,0.4409,0
sz.301005,"超捷股份",2026-06-01,144.11,144.77,138.39,138.47,142.38,-3.91,-2.7462,4006679.0,564561271.3,3.0463,0
sz.301006,"迈拓股份",2026-06-01,15.08,15.72,14.86,15.57,15.24,0.33,2.1654,2590600.0,40123988.0,3.0906,0
sz.301007,"德迈仕",2026-06-01,34.91,35.0,33.78,34.15,34.56,-0.410000000000004,-1.1863,3495717.0,119886442.82,2.3101,0
sz.301008,"宏昌科技",2026-06-01,27.01,27.32,25.27,25.38,28.46,-3.08,-10.8222,7392411.0,192278294.93,6.3926,0
sz.301009,"可靠股份",2026-06-01,9.51,9.93,9.46,9.81,9.6,0.210000000000001,2.1875,3881500.0,37875819.0,2.5699,0
sz.301010,"晶雪节能",2026-06-01,19.53,21.14,19.32,20.71,19.74,0.970000000000002,4.9139,2879900.0,59435341.0,2.6666,0
sz.301011,"华立科技",2026-06-01,16.95,17.44,16.81,17.28,16.7,0.580000000000002,3.4731,2386831.0,41122970.75,1.6285,0
sz.301012,"扬电科技",2026-06-01,33.14,33.9,32.58,32.79,33.12,-0.329999999999998,-0.9964,9123978.0,303065732.13,4.6324,0
sz.301013,"利和兴",2026-06-01,43.31,51.31,43.31,46.3,44.34,1.95999999999999,4.4204,68447586.0,3262159553.98,36.1694,0
sz.301015,"百洋医药",2026-06-01,21.9,22.26,21.79,21.82,21.81,0.0100000000000016,0.0459,3496497.0,76745871.87,0.6653,0
sz.301016,"雷尔伟",2026-06-01,15.48,16.29,15.3,15.71,15.56,0.15,0.964,4550424.0,72650006.53,1.5521,0
sz.301017,"漱玉平民",2026-06-01,13.84,15.14,13.8,14.66,13.83,0.83,6.0014,16833299.0,246506175.98,6.507,0
sz.301018,"申菱环境",2026-06-01,144.01,145.01,131.98,132.93,143.3,-10.37,-7.2366,10824657.0,1480433319.6,5.3583,0
sz.301019,"宁波色母",2026-06-01,21.19,21.89,21.14,21.75,21.25,0.5,2.3529,1435461.0,31045812.4,1.3722,0
sz.301020,"密封科技",2026-06-01,25.08,26.05,25.03,25.68,25.81,-0.129999999999999,-0.5037,4655197.0,119835864.9,3.1798,0
sz.301021,"英诺激光",2026-06-01,95.32,103.34,95.32,96.3,96.47,-0.170000000000002,-0.1762,11039764.0,1094404477.06,7.2297,0
sz.301022,"海泰科",2026-06-01,27.6,28.2,27.12,27.64,27.24,0.400000000000002,1.4684,1694830.0,47052689.76,2.5226,0
sz.301023,"奕帆传动",2026-06-01,38.3,39.09,38.1,38.4,38.5,-0.100000000000001,-0.2597,2292175.0,88591175.19,5.3137,0
sz.301024,"霍普股份",2026-06-01,47.25,49.39,45.5,46.82,47.5,-0.68,-1.4316,1186661.0,56684929.24,1.9276,0
sz.301025,"读客文化",2026-06-01,9.47,9.97,9.47,9.78,9.5,0.279999999999999,2.9474,6309556.0,61702988.68,2.2766,0
sz.301026,"浩通科技",2026-06-01,22.64,24.5,22.64,23.65,23.05,0.599999999999998,2.603,9285465.0,220982659.96,5.8022,0
sz.301027,"华蓝集团",2026-06-01,20.9,21.41,20.85,21.08,20.96,0.119999999999997,0.5725,3681005.0,77727247.7,3.0373,0
sz.301028,"鼎熔岩",2026-06-01,20.08,21.19,19.5,20.16,20.32,-0.16,-0.7874,14568968.0,298152993.58,5.8669,0
sz.301029,"怡合达",2026-06-01,28.22,28.5,27.35,27.42,28.57,-1.15,-4.0252,15858750.0,441451017.19,3.4335,0
sz.301030,"*ST仕净",2026-06-01,13.23,14.25,13.16,14.25,13.36,0.890000000000001,6.6617,9635726.0,132326444.24,4.7677,1
sz.301031,"中熔电气",2026-06-01,173.27,178.58,164.05,169.29,174.68,-5.39000000000001,-3.0856,4485451.0,765849333.38,5.7714,0
sz.301032,"新柴股份",2026-06-01,10.94,11.53,10.79,11.38,10.96,0.42,3.8321,5235500.0,59294940.0,3.2748,0
sz.301033,"迈普医学",2026-06-01,49.05,49.87,48.88,49.28,49.05,0.230000000000004,0.4689,648300.0,31986952.44,1.1504,0
sz.301035,"润丰股份",2026-06-01,55.14,55.56,53.29,54.59,52.18,2.41,4.6186,2730144.0,148633002.69,0.7501,0
sz.301036,"双乐股份",2026-06-01,24.25,25.34,24.08,24.85,24.2,0.650000000000002,2.686,1381776.0,34404968.46,1.9618,0
sz.301037,"保立佳",2026-06-01,15.09,16.05,14.9,15.75,15.15,0.6,3.9604,2076300.0,32498939.0,3.0535,0
sz.301038,"深水规院",2026-06-01,19.3,19.93,18.63,19.65,20.19,-0.540000000000003,-2.6746,7396603.0,143380580.37,3.3157,0
sz.301039,"中集车辆",2026-06-01,8.1,8.21,7.99,8.15,8.12,0.0300000000000011,0.3695,12827213.0,103907197.08,0.8832,0
sz.301040,"中环海陆",2026-06-01,29.6,30.88,29.6,29.93,29.95,-0.0199999999999996,-0.0668,2318000.0,69814807.0,2.4564,0
sz.301041,"金百泽",2026-06-01,34.98,36.49,34.04,34.5,34.56,-0.0600000000000023,-0.1736,10743994.0,377290865.41,13.6049,0
sz.301042,"安联锐视",2026-06-01,95.9,102.88,95.0,102.31,95.88,6.43000000000001,6.7063,1262495.0,124273166.5,1.9123,0
sz.301043,"绿岛风",2026-06-01,45.38,46.66,45.13,45.79,45.42,0.369999999999997,0.8146,901300.0,41421330.0,1.5883,0
sz.301045,"天禄科技",2026-06-01,51.6,53.46,50.61,51.14,52.53,-1.39,-2.6461,4667096.0,242004216.34,6.6944,0
sz.301046,"能辉科技",2026-06-01,26.5,27.25,26.26,26.49,26.61,-0.120000000000001,-0.451,3376267.0,90311796.52,2.5921,0
sz.301047,"义翘神州",2026-06-01,62.64,64.26,62.58,63.7,63.25,0.450000000000003,0.7115,972960.0,62003928.83,0.8136,0
sz.301048,"金鹰重工",2026-06-01,9.73,9.95,9.61,9.92,9.71,0.209999999999999,2.1627,4906836.0,48373395.68,0.92,0
sz.301049,"超越科技",2026-06-01,21.25,22.34,21.01,22.01,21.25,0.760000000000002,3.5765,1752550.0,38486243.5,4.0922,0
sz.301050,"雷电微力",2026-06-01,37.3,38.45,37.23,37.79,37.77,0.019999999999996,0.053,4574338.0,173128238.12,2.173,0
sz.301051,"信濠光电",2026-06-01,17.77,18.79,17.46,17.51,17.77,-0.259999999999998,-1.4631,7686711.0,138304060.58,3.4037,0
sz.301052,"果麦文化",2026-06-01,27.6,29.13,27.6,28.44,27.91,0.530000000000001,1.899,3810000.0,108752505.0,4.7509,0
sz.301053,"远信工业",2026-06-01,44.2,45.8,41.81,43.2,43.65,-0.449999999999996,-1.0309,8876302.0,383403168.52,7.2476,0
sz.301055,"张小泉",2026-06-01,34.11,34.27,32.35,32.99,34.27,-1.28,-3.735,7046900.0,233318504.0,4.5172,0
sz.301056,"森赫股份",2026-06-01,13.6,13.6,13.11,13.21,13.51,-0.299999999999999,-2.2206,3192900.0,42549471.0,1.8142,0
sz.301057,"汇隆新材",2026-06-01,30.43,31.49,29.91,30.04,30.43,-0.390000000000001,-1.2816,1936957.0,59046392.85,2.3908,0
sz.301058,"中粮科工",2026-06-01,8.95,9.17,8.82,9.13,8.88,0.25,2.8153,6096629.0,55069241.19,1.1901,0
sz.301059,"金三江",2026-06-01,14.12,14.43,13.91,14.3,14.06,0.24,1.707,3070040.0,43705251.11,1.4866,0
sz.301060,"兰卫医学",2026-06-01,9.69,9.92,9.67,9.83,9.76,0.0700000000000003,0.7172,5546500.0,54572141.0,1.54,0
sz.301061,"匠心家居",2026-06-01,41.88,43.68,41.41,42.73,41.88,0.849999999999994,2.0296,2611937.0,111970304.86,1.3824,0
sz.301062,"上海艾录",2026-06-01,6.77,7.07,6.76,6.99,6.8,0.19,2.7941,8133700.0,56668236.0,2.5966,0
sz.301063,"海锅股份",2026-06-01,20.02,20.88,19.68,20.71,20.1,0.609999999999999,3.0348,2193523.0,45205646.98,2.2696,0
sz.301065,"本立科技",2026-06-01,20.6,21.77,20.6,21.44,20.83,0.610000000000003,2.9285,1789340.0,38299965.7,2.0737,0
sz.301066,"万事利",2026-06-01,14.38,14.7,14.2,14.38,14.38,0.0,0.0,4088437.0,59157989.44,1.7538,0
sz.301067,"显盈科技",2026-06-01,33.25,33.59,32.3,32.31,33.95,-1.64,-4.8306,3674523.0,120954149.39,5.7568,0
sz.301068,"大地海洋",2026-06-01,30.6,30.6,28.1,30.09,28.74,1.35,4.6973,1945100.0,57737544.0,1.9389,0
sz.301069,"凯盛新材",2026-06-01,19.29,19.85,19.21,19.33,19.38,-0.0500000000000007,-0.258,7198489.0,140536411.48,1.6867,0
sz.301070,"开勒股份",2026-06-01,92.16,95.66,89.56,93.78,93.83,-0.0499999999999972,-0.0533,2284090.0,212860222.72,3.8492,0
sz.301071,"力量钻石",2026-06-01,76.87,80.2,72.51,72.74,78.27,-5.53,-7.0653,29851236.0,2235639900.08,15.4773,0
sz.301072,"中捷精工",2026-06-01,21.9,23.39,21.62,23.02,22.0,1.02,4.6364,1905500.0,43441933.0,2.8381,0
sz.301073,"君亭酒店",2026-06-01,22.88,23.38,22.76,23.17,22.96,0.210000000000001,0.9146,2640800.0,61136311.16,1.4853,0
sz.301075,"多瑞医药",2026-06-01,73.85,78.88,73.85,76.33,74.59,1.73999999999999,2.3328,1570900.0,121133415.0,1.9636,0
sz.301076,"新瀚新材",2026-06-01,28.34,29.36,28.15,28.24,28.4,-0.16,-0.5634,4853115.0,139168267.01,3.1987,0
sz.301077,"星华新材",2026-06-01,26.85,27.92,26.7,27.51,27.13,0.380000000000003,1.4007,1680859.0,46267237.22,1.7619,0
sz.301078,"孩子王",2026-06-01,9.05,9.55,9.0,9.51,9.14,0.369999999999999,4.0481,45366518.0,426632844.99,3.591,0
sz.301079,"邵阳液压",2026-06-01,36.01,36.33,35.11,35.92,35.47,0.450000000000003,1.2687,3786528.0,136018138.31,4.9218,0
sz.301080,"百普赛斯",2026-06-01,40.48,41.2,39.87,40.08,40.55,-0.469999999999999,-1.1591,2157966.0,87015452.42,1.7127,0
sz.301081,"严牌股份",2026-06-01,19.69,19.78,18.94,19.62,19.78,-0.16,-0.8089,6205662.0,119570155.11,2.8399,0
sz.301082,"久盛电气",2026-06-01,10.48,10.8,10.4,10.67,10.44,0.23,2.2031,6126786.0,65345962.24,2.2466,0
sz.301083,"百胜智能",2026-06-01,15.15,15.98,15.0,15.68,15.2,0.48,3.1579,2308006.0,36141222.01,2.696,0
sz.301085,"亚康股份",2026-06-01,73.93,77.32,72.96,72.99,74.31,-1.32000000000001,-1.7763,4024009.0,301541300.47,6.8306,0
sz.301086,"鸿富瀚",2026-06-01,161.52,165.5,156.6,156.7,161.1,-4.40000000000001,-2.7312,2474255.0,398193847.96,3.7744,0
sz.301087,"可孚医疗",2026-06-01,47.89,47.92,46.52,47.01,47.09,-0.0800000000000054,-0.1699,2064930.0,96947172.02,1.0644,0
sz.301088,"戎美股份",2026-06-01,14.42,15.1,14.26,14.9,14.39,0.51,3.5441,2179900.0,32423235.0,1.1595,0
sz.301089,"拓新药业",2026-06-01,24.12,24.59,24.01,24.42,24.37,0.0500000000000007,0.2052,1446698.0,35271862.96,1.5991,0
sz.301090,"华润材料",2026-06-01,7.21,7.35,7.17,7.28,7.19,0.0899999999999999,1.2517,8444653.0,61511516.26,0.5741,0
sz.301091,"深城交",2026-06-01,18.35,18.95,18.29,18.69,18.4,0.290000000000003,1.5761,4413115.0,82644580.11,0.837,0
sz.301092,"争光股份",2026-06-01,45.71,52.8,45.06,50.4,45.9,4.5,9.8039,8291896.0,409758534.88,13.6068,0
sz.301093,"华兰股份",2026-06-01,126.22,131.99,125.0,127.1,124.98,2.11999999999999,1.6963,4942880.0,636431473.74,3.1484,0
sz.301095,"广立微",2026-06-01,94.9,95.58,89.14,89.4,93.51,-4.11,-4.3953,8553617.0,783315046.62,4.9437,0
sz.301096,"百诚医药",2026-06-01,54.0,61.51,52.26,58.4,64.6,-6.2,-9.5975,11026584.0,628102746.56,13.2707,0
sz.301097,"天益医疗",2026-06-01,52.59,54.07,50.98,53.05,52.92,0.129999999999995,0.2457,1241200.0,66026289.0,4.2887,0
sz.301098,"金埔园林",2026-06-01,9.94,10.04,9.6,9.68,9.94,-0.26,-2.6157,13090384.0,128368386.24,8.3053,0
sz.301099,"雅创电子",2026-06-01,65.17,69.51,64.53,64.74,66.44,-1.7,-2.5587,10863503.0,727521593.69,12.1001,0
sz.301100,"风光股份",2026-06-01,16.33,16.95,16.23,16.77,16.28,0.489999999999998,3.0098,1976557.0,33116810.3,2.2589,0
sz.301101,"明月镜片",2026-06-01,32.68,33.4,32.61,32.97,32.68,0.289999999999999,0.8874,1919000.0,63398314.0,1.0052,0
sz.301102,"兆讯传媒",2026-06-01,9.9,10.24,9.71,10.1,9.82,0.279999999999999,2.8513,2805439.0,28235135.0,0.691,0
sz.301103,"何氏眼科",2026-06-01,16.88,17.86,16.21,17.78,17.0,0.780000000000001,4.5882,3090258.0,53949979.55,2.5406,0
sz.301105,"鸿铭股份",2026-06-01,53.3,54.74,52.74,53.06,53.32,-0.259999999999998,-0.4876,471200.0,25332721.0,2.8666,0
sz.301106,"骏成科技",2026-06-01,25.02,27.76,24.79,26.56,25.84,0.719999999999999,2.7864,9588234.0,254947062.38,6.7069,0
sz.301107,"瑜欣电子",2026-06-01,19.02,22.82,18.86,22.82,19.02,3.8,19.979,9227063.0,202704237.2,11.2237,0
sz.301108,"洁雅股份",2026-06-01,22.71,24.83,22.3,24.43,22.89,1.54,6.7278,3265635.0,77876637.67,5.037,0
sz.301109,"军信股份",2026-06-01,14.5,14.85,14.37,14.57,14.39,0.18,1.2509,7652658.0,111489236.36,3.3224,0
sz.301110,"青木科技",2026-06-01,43.06,45.88,42.61,45.86,43.38,2.48,5.7169,6856287.0,304885330.94,7.5246,0
sz.301111,"粤万年青",2026-06-01,26.88,27.48,25.9,26.9,27.21,-0.310000000000002,-1.1393,5343137.0,143226164.09,3.3395,0
sz.301112,"信邦智能",2026-06-01,33.4,36.4,32.82,33.5,33.02,0.479999999999997,1.4537,2786865.0,96998239.05,2.5274,0
sz.301113,"雅艺科技",2026-06-01,18.41,19.3,18.1,18.76,18.48,0.280000000000001,1.5152,1768553.0,33456615.23,2.4678,0
sz.301115,"联检科技",2026-06-01,30.28,30.97,28.88,29.05,29.99,-0.939999999999998,-3.1344,6520167.0,193537545.25,4.2129,0
sz.301116,"益客食品",2026-06-01,9.53,10.1,9.42,10.1,9.5,0.6,6.3158,6082841.0,59896024.79,1.3548,0
sz.301117,"佳缘科技",2026-06-01,26.16,27.5,25.97,27.17,26.2,0.970000000000002,3.7023,6337386.0,171156463.1,5.4701,0
sz.301118,"恒光股份",2026-06-01,30.5,31.16,29.86,30.07,29.96,0.109999999999999,0.3672,3796199.0,114996961.04,3.5718,0
sz.301119,"正强股份",2026-06-01,35.51,36.0,34.79,35.09,34.32,0.770000000000003,2.2436,1411888.0,50061982.12,1.6786,0
sz.301120,"新特电气",2026-06-01,25.93,27.39,24.85,27.15,25.79,1.36,5.2734,42958668.0,1137501515.27,19.6594,0
sz.301121,"紫建电子",2026-06-01,36.76,38.11,36.52,37.6,36.82,0.780000000000001,2.1184,1311180.0,49384820.4,2.5917,0
sz.301122,"采纳股份",2026-06-01,27.81,28.84,27.67,27.92,27.97,-0.0499999999999972,-0.1788,2315350.0,65246593.5,3.061,0
sz.301123,"奕东电子",2026-06-01,88.04,93.58,85.68,88.75,88.28,0.469999999999999,0.5324,16654059.0,1494319198.19,10.0908,0
sz.301125,"腾亚精工",2026-06-01,15.8,16.56,15.8,16.25,15.8,0.449999999999999,2.8481,3559958.0,57963861.04,2.0252,0
sz.301126,"达嘉维康",2026-06-01,10.21,10.67,10.11,10.6,10.21,0.389999999999999,3.8198,4373081.0,45986276.02,3.1719,0
sz.301127,"武汉天源",2026-06-01,14.0,14.65,13.9,14.25,13.9,0.35,2.518,14395231.0,206627950.29,2.2003,0
sz.301128,"强瑞技术",2026-06-01,125.29,135.53,124.49,128.01,123.78,4.22999999999999,3.4174,6804675.0,887331576.42,4.6988,0
sz.301129,"瑞纳智能",2026-06-01,25.51,26.68,25.41,26.17,25.52,0.650000000000002,2.547,2784821.0,72847586.21,4.2014,0
sz.301130,"西点药业",2026-06-01,27.85,29.16,27.6,28.9,28.16,0.739999999999998,2.6278,1200122.0,34441744.76,2.0335,0
sz.301131,"聚赛龙",2026-06-01,37.16,38.36,36.71,38.05,36.88,1.16999999999999,3.1725,1117876.0,42429395.79,2.855,0
sz.301132,"满坤科技",2026-06-01,39.76,41.22,39.12,39.45,40.26,-0.809999999999995,-2.0119,6671376.0,266029145.17,7.0422,0
sz.301133,"金钟股份",2026-06-01,40.7,41.04,39.5,39.54,40.73,-1.19,-2.9217,1605391.0,64677000.99,1.4445,0
sz.301135,"瑞德智能",2026-06-01,18.13,19.13,17.74,18.69,18.0,0.690000000000001,3.8333,3124854.0,58248742.08,3.0944,0
sz.301136,"招标股份",2026-06-01,13.48,14.06,13.3,13.86,13.47,0.389999999999999,2.8953,5675200.0,78612926.0,2.0645,0
sz.301137,"哈焊华通",2026-06-01,41.42,42.42,41.0,41.02,42.04,-1.02,-2.4263,4479267.0,186511882.1,2.4637,0
sz.301138,"华研精机",2026-06-01,28.58,29.72,28.46,29.4,28.59,0.809999999999999,2.8332,1228700.0,36083730.0,1.7921,0
sz.301139,"*ST元道",2026-06-01,4.15,5.17,4.12,5.17,4.31,0.86,19.9536,28971750.0,134124190.65,38.0371,1
sz.301141,"中科磁业",2026-06-01,48.39,48.76,47.1,47.39,47.88,-0.490000000000002,-1.0234,1619620.0,77451056.0,3.6386,0
sz.301148,"嘉戎技术",2026-06-01,63.4,64.46,60.0,60.16,63.7,-3.54000000000001,-5.5573,2978258.0,183831852.04,5.0588,0
sz.301149,"隆华新材",2026-06-01,11.58,11.87,11.52,11.79,11.55,0.239999999999998,2.0779,5553132.0,65328102.0,2.1262,0
sz.301150,"中一科技",2026-06-01,64.8,66.8,63.03,63.31,65.8,-2.48999999999999,-3.7842,8777440.0,568136398.14,3.9434,0
sz.301151,"冠龙节能",2026-06-01,15.83,16.34,15.79,16.21,15.85,0.360000000000001,2.2713,1792697.0,28923105.39,1.0617,0
sz.301152,"天力锂能",2026-06-01,27.27,28.4,27.21,27.72,27.31,0.41,1.5013,3480691.0,97299145.42,4.9038,0
sz.301153,"中科江南",2026-06-01,18.74,19.73,18.45,19.43,18.38,1.05,5.7127,6888100.0,132622220.0,2.0763,0
sz.301155,"海力风电",2026-06-01,62.17,63.56,61.0,61.13,62.17,-1.04,-1.6728,3264874.0,203317857.87,2.6488,0
sz.301156,"美农生物",2026-06-01,13.15,14.01,12.96,13.88,13.15,0.73,5.5513,4993585.0,68626607.7,4.2605,0
sz.301157,"华塑科技",2026-06-01,69.38,70.88,68.5,68.59,70.47,-1.88,-2.6678,1113100.0,77365110.0,5.3883,0
sz.301158,"德石股份",2026-06-01,16.35,16.8,16.2,16.47,16.4,0.0700000000000003,0.4268,4499616.0,74683207.36,2.3663,0
sz.301159,"三维天地",2026-06-01,34.08,36.62,33.71,36.04,33.9,2.14,6.3127,2551137.0,91081949.79,4.8121,0
sz.301160,"翔楼新材",2026-06-01,54.0,54.91,53.06,53.69,53.85,-0.160000000000004,-0.2971,1662200.0,89451452.5,2.1757,0
sz.301161,"唯万密封",2026-06-01,30.34,31.77,30.01,31.0,30.66,0.34,1.1089,2618600.0,81413244.0,3.392,0
sz.301162,"国能日新",2026-06-01,46.81,51.78,46.67,50.63,47.22,3.41,7.2215,6922606.0,348170777.02,5.7653,0
sz.301163,"宏德股份",2026-06-01,25.76,27.69,25.73,27.1,25.9,1.2,4.6332,2298845.0,62231688.8,4.2007,0
sz.301165,"锐捷网络",2026-06-01,65.05,67.69,61.25,61.4,64.46,-3.06,-4.7471,12242203.0,777353272.07,1.0993,0
sz.301166,"优宁维",2026-06-01,27.62,28.68,27.56,28.44,27.66,0.780000000000001,2.82,960285.0,27184591.95,1.702,0
sz.301167,"建研设计",2026-06-01,15.0,15.7,14.85,15.56,15.18,0.380000000000001,2.5033,3448540.0,53231606.1,4.8597,0
sz.301168,"通灵股份",2026-06-01,40.56,41.67,40.1,41.21,40.25,0.960000000000001,2.3851,1973070.0,80657410.6,2.0701,0
sz.301169,"零点有数",2026-06-01,80.81,82.88,79.25,79.88,80.88,-1.0,-1.2364,1712151.0,138412778.97,2.3777,0
sz.301170,"锡南科技",2026-06-01,25.07,26.04,24.84,25.87,25.06,0.810000000000002,3.2322,1674317.0,43000154.88,4.9867,0
sz.301171,"易点天下",2026-06-01,43.13,49.71,42.5,46.43,42.31,4.12,9.7377,130801489.0,6038941109.17,26.0621,0
sz.301172,"君逸数码",2026-06-01,31.56,33.29,31.51,32.29,31.95,0.34,1.0642,6012737.0,194446702.58,6.0879,0
sz.301173,"毓恬冠佳",2026-06-01,36.5,37.09,35.84,37.05,36.28,0.769999999999996,2.1224,882500.0,32359055.0,2.8626,0
sz.301175,"中科环保",2026-06-01,5.68,5.86,5.63,5.85,5.67,0.18,3.1746,22800708.0,131831482.57,3.6664,0
sz.301176,"逸豪新材",2026-06-01,45.03,46.67,43.02,43.19,46.24,-3.05,-6.596,10585090.0,466327716.79,6.4522,0
sz.301177,"迪阿股份",2026-06-01,25.91,26.68,25.77,26.01,26.13,-0.119999999999997,-0.4592,1601374.0,41692608.18,0.4003,0
sz.301178,"天亿马",2026-06-01,57.56,58.38,52.8,53.1,56.55,-3.45,-6.1008,3750364.0,205825242.23,7.5801,0
sz.301179,"泽宇智能",2026-06-01,23.3,23.66,22.81,23.44,23.46,-0.0199999999999996,-0.0853,6972118.0,162576536.16,2.9359,0
sz.301180,"万祥科技",2026-06-01,15.52,15.96,15.34,15.34,15.1,0.24,1.5894,4962356.0,77594099.04,3.0233,0
sz.301181,"标榜股份",2026-06-01,29.88,31.83,29.8,31.55,30.16,1.39,4.6088,2861111.0,89037334.01,2.4405,0
sz.301182,"凯旺科技",2026-06-01,77.78,79.87,74.33,75.05,78.08,-3.03,-3.8806,3147462.0,242183774.32,3.6019,0
sz.301183,"东田微",2026-06-01,252.0,254.89,218.0,218.61,256.9,-38.29,-14.9046,8306753.0,1925602513.89,14.1514,0
sz.301185,"鸥玛软件",2026-06-01,15.51,17.18,15.51,16.78,15.7,1.08,6.879,6036214.0,100642611.32,4.353,0
sz.301186,"超达装备",2026-06-01,63.9,65.88,63.16,65.16,63.9,1.26,1.9718,1214700.0,78826574.0,1.5763,0
sz.301187,"欧圣电气",2026-06-01,18.48,18.76,18.25,18.68,18.25,0.43,2.3562,1237840.0,23012669.0,0.4856,0
sz.301188,"力诺药包",2026-06-01,43.57,47.5,43.06,44.22,42.26,1.96,4.638,24177724.0,1099449725.05,9.0372,0
sz.301189,"奥尼电子",2026-06-01,98.0,112.98,96.0,108.56,100.3,8.26000000000001,8.2353,8110445.0,870182010.54,7.1882,0
sz.301190,"善水科技",2026-06-01,22.35,22.61,21.92,21.98,22.37,-0.390000000000001,-1.7434,2162600.0,48035266.0,1.5112,0
sz.301191,"菲菱科思",2026-06-01,152.65,156.97,140.01,141.2,152.6,-11.4,-7.4705,5049413.0,739382637.03,9.6735,0
sz.301192,"泰祥股份",2026-06-01,22.96,23.98,22.67,23.51,22.57,0.940000000000001,4.1648,2051600.0,48299837.96,4.2859,0
sz.301193,"家联科技",2026-06-01,20.98,21.47,20.41,21.0,21.06,-0.0599999999999987,-0.2849,5696096.0,119148701.49,3.143,0
sz.301195,"北路智控",2026-06-01,28.4,29.25,28.33,28.92,28.52,0.400000000000002,1.4025,1217750.0,35206487.5,1.3887,0
sz.301196,"唯科科技",2026-06-01,121.86,125.97,117.94,118.5,121.94,-3.44,-2.8211,3850629.0,464748702.12,4.6981,0
sz.301197,"工大科雅",2026-06-01,30.45,32.74,29.8,31.44,29.88,1.56,5.2209,4396209.0,138510864.95,4.0425,0
sz.301198,"喜悦智行",2026-06-01,17.6,18.7,17.33,18.5,17.63,0.870000000000001,4.9348,6844546.0,125604311.96,4.2178,0
sz.301199,"迈赫股份",2026-06-01,19.42,20.13,19.3,19.95,19.43,0.52,2.6763,1728520.0,34297091.8,2.4107,0
sz.301200,"大族数控",2026-06-01,280.0,290.01,269.89,275.8,279.0,-3.19999999999999,-1.147,4210778.0,1170386094.03,0.9902,0
sz.301201,"诚达药业",2026-06-01,32.94,34.17,32.81,33.31,33.04,0.270000000000003,0.8172,5503996.0,183912828.8,5.0707,0
sz.301202,"朗威股份",2026-06-01,38.98,40.5,38.51,39.43,39.09,0.339999999999996,0.8698,2967054.0,117211109.7,7.9894,0
sz.301203,"国泰环保",2026-06-01,43.5,45.36,42.26,43.8,43.99,-0.190000000000005,-0.4319,1094800.0,48152011.0,2.4971,0
sz.301205,"联特科技",2026-06-01,316.51,328.88,305.83,312.69,316.02,-3.32999999999998,-1.0537,11903876.0,3757558054.21,14.2724,0
sz.301206,"三元生物",2026-06-01,24.84,25.62,24.84,25.55,24.93,0.620000000000001,2.487,1117150.0,28319568.0,0.8575,0
sz.301207,"华兰疫苗",2026-06-01,17.98,18.31,17.93,18.21,18.02,0.190000000000001,1.0544,4014707.0,72945163.2,0.6684,0
sz.301208,"中亦科技",2026-06-01,29.12,30.49,29.07,30.07,28.96,1.11,3.8329,1808959.0,54277152.96,2.7379,0
sz.301209,"联合化学",2026-06-01,85.93,94.36,85.93,91.47,85.8,5.67,6.6084,2566562.0,236166920.27,2.6824,0
sz.301210,"金杨精密",2026-06-01,39.91,40.71,39.23,39.35,40.26,-0.909999999999997,-2.2603,2850439.0,113504271.4,6.5582,0
sz.301211,"亨迪药业",2026-06-01,10.16,10.28,10.05,10.24,10.16,0.0800000000000001,0.7874,2712524.0,27619252.95,0.6496,0
sz.301212,"联盛化学",2026-06-01,29.52,30.33,29.35,30.33,29.79,0.539999999999999,1.8127,1564900.0,46726648.0,1.6692,0
sz.301213,"观想科技",2026-06-01,64.61,66.61,64.61,66.0,65.0,1.0,1.5385,989450.0,65294761.0,1.9134,0
sz.301215,"中汽股份",2026-06-01,5.77,5.96,5.75,5.88,5.78,0.0999999999999996,1.7301,13281400.0,78238796.0,1.0043,0
sz.301216,"万凯新材",2026-06-01,25.26,25.6,24.91,25.07,24.86,0.210000000000001,0.8447,8471516.0,213427617.57,1.545,0
sz.301217,"铜冠铜箔",2026-06-01,110.54,115.25,96.92,104.89,114.0,-9.11,-7.9912,37082903.0,4010480596.84,4.4731,0
sz.301218,"华是科技",2026-06-01,33.5,39.08,33.3,38.2,33.75,4.45,13.1852,11993112.0,450163977.98,17.1162,0
sz.301219,"腾远钴业",2026-06-01,76.31,78.55,76.21,76.53,77.71,-1.17999999999999,-1.5185,5403361.0,417512551.15,2.5679,0
sz.301220,"亚香股份",2026-06-01,37.68,39.1,37.58,38.61,38.15,0.460000000000001,1.2058,1376480.0,52927489.2,1.7697,0
sz.301221,"光庭信息",2026-06-01,31.76,33.65,31.7,32.88,31.77,1.11,3.4939,3423305.0,113161084.4,3.8962,0
sz.301222,"浙江恒威",2026-06-01,35.89,35.98,31.91,32.62,35.88,-3.26000000000001,-9.0858,11599790.0,388584242.12,10.8816,0
sz.301223,"中荣股份",2026-06-01,17.08,17.84,17.03,17.73,17.12,0.609999999999999,3.5631,2711251.0,47403571.08,1.4039,0
sz.301225,"恒勃股份",2026-06-01,92.8,100.8,91.04,93.7,91.04,2.66,2.9218,2739519.0,262924141.82,9.1678,0
sz.301226,"祥明智能",2026-06-01,36.46,37.65,36.3,36.42,36.93,-0.509999999999998,-1.381,3349904.0,123671294.78,3.079,0
sz.301227,"森鹰窗业",2026-06-01,30.55,32.0,30.55,31.44,30.72,0.720000000000002,2.3438,1259057.0,39522789.25,2.3263,0
sz.301228,"实朴检测",2026-06-01,63.05,71.15,62.71,70.45,62.6,7.85,12.5399,7419230.0,510975389.66,6.2117,0
sz.301229,"纽泰格",2026-06-01,14.69,15.55,14.51,15.12,14.6,0.52,3.5616,3918400.0,59473235.39,3.0309,0
sz.301230,"泓博医药",2026-06-01,35.87,36.41,34.63,35.61,35.34,0.269999999999996,0.764,5247764.0,187901563.53,4.1776,0
sz.301231,"荣信文化",2026-06-01,33.4,35.82,32.52,33.95,33.69,0.260000000000005,0.7717,15574377.0,528913901.19,23.8027,0
sz.301232,"飞沃科技",2026-06-01,132.48,136.06,128.5,128.74,132.48,-3.73999999999998,-2.8231,3889474.0,512194118.28,6.2294,0
sz.301233,"盛帮股份",2026-06-01,65.65,66.64,63.25,64.14,66.13,-1.98999999999999,-3.0092,1856579.0,120732504.06,6.5881,0
sz.301234,"五洲医疗",2026-06-01,35.05,41.8,35.05,40.31,35.4,4.91,13.8701,3746682.0,146471852.0,9.3269,0
sz.301235,"华康洁净",2026-06-01,65.19,65.77,60.32,61.01,65.6,-4.59,-6.997,4817237.0,300782854.89,6.6221,0
sz.301236,"软通动力",2026-06-01,34.35,39.65,34.31,39.65,33.04,6.61,20.0061,37941660.0,1447335040.64,4.829,0
sz.301237,"和顺科技",2026-06-01,68.09,69.77,65.49,66.28,68.5,-2.22,-3.2409,1851590.0,125412548.27,3.1787,0
sz.301238,"瑞泰新材",2026-06-01,25.29,26.24,24.9,24.91,25.43,-0.52,-2.0448,30241273.0,769003534.29,4.1238,0
sz.301239,"普瑞眼科",2026-06-01,38.23,38.88,37.88,38.52,38.64,-0.119999999999997,-0.3106,1705465.0,65448277.75,1.2007,0
sz.301246,"宏源药业",2026-06-01,32.49,33.08,31.65,31.71,32.48,-0.769999999999996,-2.3707,13829117.0,445431662.81,8.1311,0
sz.301248,"杰创智能",2026-06-01,81.42,82.5,76.02,76.08,79.99,-3.91,-4.8881,6971954.0,548775054.8,6.2067,0
sz.301251,"威尔高",2026-06-01,52.0,52.9,49.55,50.16,52.0,-1.84,-3.5385,8147608.0,416019654.52,10.7787,0
sz.301252,"同星科技",2026-06-01,32.86,34.65,32.83,33.71,32.86,0.850000000000001,2.5867,3507601.0,119139447.64,2.5847,0
sz.301255,"通力科技",2026-06-01,24.75,25.6,24.5,25.09,25.0,0.0899999999999999,0.36,2857032.0,71934857.8,7.5027,0
sz.301256,"华融化学",2026-06-01,11.61,11.91,11.54,11.75,11.6,0.15,1.2931,5786761.0,68182777.85,1.2056,0
sz.301257,"普蕊斯",2026-06-01,43.0,44.0,42.0,42.42,43.0,-0.579999999999998,-1.3488,2049310.0,88066254.7,2.7208,0
sz.301258,"富士莱",2026-06-01,26.78,27.46,26.18,27.18,26.38,0.800000000000001,3.0326,970679.0,26292786.8,1.0899,0
sz.301259,"艾布鲁",2026-06-01,34.86,36.93,34.28,35.69,34.66,1.03,2.9717,4270850.0,151780222.5,4.2691,0
sz.301260,"格力博",2026-06-01,15.5,15.92,15.41,15.62,15.57,0.0499999999999989,0.3211,3192800.0,50156461.0,1.5549,0
sz.301261,"恒工精密",2026-06-01,90.0,91.76,87.55,87.6,91.07,-3.47,-3.8103,2700611.0,241524029.89,7.2048,0
sz.301262,"海看股份",2026-06-01,21.6,22.35,21.5,22.02,21.46,0.559999999999999,2.6095,3769400.0,83219232.0,3.0878,0
sz.301263,"泰恩康",2026-06-01,22.32,22.32,20.89,21.11,21.05,0.0599999999999987,0.285,6638660.0,141518784.0,1.8223,0
sz.301265,"华新科技",2026-06-01,27.51,29.58,25.88,26.94,27.72,-0.779999999999998,-2.8139,16392937.0,450744870.19,9.6544,0
sz.301266,"宇邦新材",2026-06-01,25.8,27.06,25.66,25.92,25.79,0.130000000000003,0.5041,4067747.0,106889312.88,2.9991,0
sz.301267,"华厦眼科",2026-06-01,17.51,17.72,17.37,17.58,17.53,0.0499999999999972,0.2852,5521707.0,96761390.67,0.8515,0
sz.301268,"铭利达",2026-06-01,17.1,17.44,16.81,17.02,17.1,-0.0800000000000018,-0.4678,6304000.0,107991654.0,1.8288,0
sz.301269,"华大九天",2026-06-01,112.11,113.32,105.43,105.75,114.35,-8.59999999999999,-7.5208,22075220.0,2394386567.96,4.0472,0
sz.301270,"汉仪股份",2026-06-01,27.43,31.88,27.4,30.42,27.64,2.78,10.0579,6502081.0,197042232.92,6.881,0
sz.301272,"英华特",2026-06-01,39.52,40.68,39.24,40.22,39.74,0.479999999999997,1.2079,1027050.0,41173848.0,3.2785,0
sz.301273,"瑞晨环保",2026-06-01,42.72,43.25,39.84,41.61,41.8,-0.189999999999998,-0.4545,2156500.0,90511483.49,3.9219,0
sz.301275,"汉朔科技",2026-06-01,44.71,45.9,44.68,45.32,44.7,0.619999999999997,1.387,7711580.0,350647026.72,2.5632,0
sz.301276,"嘉曼服饰",2026-06-01,25.58,25.8,24.79,25.8,25.7,0.100000000000001,0.3891,3485940.0,88384025.8,4.8237,0
sz.301277,"新天地",2026-06-01,9.86,10.15,9.8,10.09,9.91,0.18,1.8163,2267984.0,22768318.2,0.5785,0
sz.301278,"快可电子",2026-06-01,34.7,37.3,34.42,35.74,34.84,0.899999999999999,2.5832,1776292.0,64068660.74,3.4557,0
sz.301279,"金道科技",2026-06-01,22.89,23.51,22.62,22.95,22.97,-0.0199999999999996,-0.0871,2156787.0,49844431.77,1.6527,0
sz.301280,"珠城科技",2026-06-01,40.78,41.67,39.11,39.18,40.77,-1.59,-3.8999,3355981.0,134400241.92,5.8588,0
sz.301281,"科源制药",2026-06-01,41.9,42.7,39.91,40.16,41.6,-1.44,-3.4615,3581161.0,147026244.42,5.0473,0
sz.301282,"金禄电子",2026-06-01,27.47,29.0,27.0,27.82,27.38,0.440000000000001,1.607,13314544.0,372674354.27,7.5403,0
sz.301283,"聚胶股份",2026-06-01,27.12,28.29,27.12,27.97,27.12,0.849999999999998,3.1342,1862125.0,51768935.85,2.0381,0
sz.301285,"鸿日达",2026-06-01,115.15,117.95,111.0,112.22,115.51,-3.29000000000001,-2.8482,5063731.0,580453645.89,2.4502,0
sz.301286,"侨源股份",2026-06-01,53.76,54.99,53.0,53.35,54.08,-0.729999999999997,-1.3499,1969577.0,106215585.89,1.2212,0
sz.301287,"康力源",2026-06-01,36.39,38.03,36.39,37.6,36.89,0.710000000000001,1.9246,941364.0,35253804.16,5.5272,0
sz.301288,"清研环境",2026-06-01,16.88,18.06,16.36,18.01,16.78,1.23,7.3302,3027400.0,53144274.0,3.8758,0
sz.301289,"国缆检测",2026-06-01,50.95,51.67,49.7,51.1,51.68,-0.579999999999998,-1.1223,1281490.0,65006300.5,1.6535,0
sz.301290,"东星医疗",2026-06-01,29.4,32.74,29.4,31.57,29.06,2.51,8.6373,6332500.0,200732037.0,7.9575,0
sz.301291,"明阳电气",2026-06-01,58.38,59.75,55.89,56.04,57.75,-1.71,-2.961,9351294.0,538095845.93,5.724,0
sz.301292,"海科新源",2026-06-01,71.27,74.22,71.0,72.05,70.86,1.19,1.6794,10914067.0,791066903.91,12.811,0
sz.301293,"三博脑科",2026-06-01,57.97,59.39,57.68,58.38,58.1,0.280000000000001,0.4819,4242100.0,248426590.48,2.0594,0
sz.301295,"美硕科技",2026-06-01,50.41,50.41,47.78,48.64,49.42,-0.780000000000001,-1.5783,2197297.0,107288573.11,7.4738,0
sz.301296,"新巨丰",2026-06-01,6.75,7.08,6.71,6.99,6.75,0.24,3.5556,3820249.0,26467124.02,0.8944,0
sz.301297,"富乐德",2026-06-01,41.2,41.35,39.8,40.07,41.25,-1.18,-2.8606,12249385.0,496077755.23,3.3534,0
sz.301298,"东利机械",2026-06-01,13.94,14.63,13.8,14.41,13.98,0.43,3.0758,2884200.0,41453984.0,2.666,0
sz.301299,"卓创资讯",2026-06-01,51.77,54.44,51.33,53.4,51.7,1.7,3.2882,1560013.0,82945808.55,3.4838,0
sz.301300,"远翔新材",2026-06-01,35.67,36.89,35.14,36.35,35.52,0.829999999999998,2.3367,804400.0,29259074.0,2.0729,0
sz.301301,"川宁生物",2026-06-01,8.9,9.06,8.9,9.05,8.9,0.15,1.6854,7822758.0,70375690.66,1.2663,0
sz.301302,"华如科技",2026-06-01,25.53,27.12,25.38,26.21,25.81,0.400000000000002,1.5498,8329675.0,219263109.25,5.993,0
sz.301303,"真兰仪表",2026-06-01,13.4,13.9,13.28,13.81,13.3,0.51,3.8346,2963540.0,40470114.14,2.8997,0
sz.301305,"朗坤科技",2026-06-01,30.52,32.47,29.16,30.83,30.82,0.00999999999999801,0.0324,19100892.0,595219406.18,15.3673,0
sz.301306,"西测测试",2026-06-01,130.0,131.0,126.52,126.61,129.5,-2.89,-2.2317,1512980.0,194641976.2,2.5968,0
sz.301307,"美利信",2026-06-01,58.02,61.0,57.44,58.28,58.28,0.0,0.0,7233349.0,427921140.49,6.6494,0
sz.301308,"江波龙",2026-06-01,562.31,563.79,504.0,505.8,551.29,-45.49,-8.2516,17534773.0,9272437722.14,6.2213,0
sz.301309,"万得凯",2026-06-01,32.18,33.56,31.57,32.88,32.3,0.580000000000005,1.7957,1301838.0,42929323.6,2.1489,0
sz.301310,"鑫宏业",2026-06-01,33.62,34.25,32.46,32.74,33.64,-0.899999999999999,-2.6754,9049737.0,298943880.16,14.8391,0
sz.301311,"昆船智能",2026-06-01,14.81,15.31,14.61,15.2,14.81,0.389999999999999,2.6334,2124300.0,32092034.0,0.8851,0
sz.301312,"智立方",2026-06-01,125.69,128.99,116.88,117.05,125.58,-8.53,-6.7925,4639271.0,563144636.24,7.6615,0
sz.301313,"凡拓数创",2026-06-01,47.23,50.3,46.33,47.8,47.3,0.5,1.0571,10451003.0,501162534.83,13.3043,0
sz.301314,"科瑞思",2026-06-01,46.1,47.37,45.6,46.05,46.1,-0.0500000000000043,-0.1085,1005185.0,46646234.55,5.5056,0
sz.301315,"威士顿",2026-06-01,42.92,45.29,42.33,44.55,43.02,1.52999999999999,3.5565,1641070.0,72684624.8,4.4353,0
sz.301316,"慧博云通",2026-06-01,43.34,45.6,42.35,43.58,44.61,-1.03,-2.3089,18552615.0,815848631.41,4.7419,0
sz.301317,"鑫磊股份",2026-06-01,64.67,66.15,62.5,63.1,64.98,-1.88,-2.8932,3906063.0,250278047.91,7.4833,0
sz.301318,"维海德",2026-06-01,22.26,22.98,21.99,22.8,22.18,0.620000000000001,2.7953,1583383.0,35868467.52,1.6993,0
sz.301319,"唯特偶",2026-06-01,104.29,115.63,103.43,108.95,107.0,1.95,1.8224,9458959.0,1037302363.78,6.9747,0
sz.301320,"豪江智能",2026-06-01,14.21,15.09,14.1,14.92,14.19,0.73,5.1445,3926577.0,58029700.92,5.7567,0
sz.301321,"翰博高新",2026-06-01,33.81,34.9,31.25,31.45,33.61,-2.16,-6.4267,10480918.0,345632173.12,7.0999,0
sz.301322,"绿通科技",2026-06-01,51.08,53.3,49.81,51.15,52.01,-0.859999999999999,-1.6535,10537424.0,539548077.47,10.9522,0
sz.301323,"新莱福",2026-06-01,79.54,81.5,77.0,77.83,80.3,-2.47,-3.076,2116500.0,167668424.0,3.1324,0
sz.301325,"曼恩斯特",2026-06-01,46.31,48.51,46.28,46.82,47.18,-0.359999999999999,-0.763,5193906.0,247082523.21,3.6096,0
sz.301326,"捷邦科技",2026-06-01,148.35,149.58,141.27,141.8,147.89,-6.08999999999997,-4.1179,1545591.0,224427414.17,2.1444,0
sz.301327,"华宝新能",2026-06-01,55.75,56.68,55.38,55.87,55.29,0.579999999999998,1.049,1835054.0,102971272.46,1.0523,0
sz.301328,"维峰电子",2026-06-01,55.91,56.39,52.87,53.76,55.91,-2.15,-3.8455,4087309.0,221049250.21,3.5491,0
sz.301329,"信音电子",2026-06-01,27.5,31.38,27.5,31.38,26.15,5.23,20.0,26878938.0,805234336.43,44.8401,0
sz.301330,"熵基科技",2026-06-01,27.1,27.97,26.8,27.6,27.2,0.400000000000002,1.4706,2629013.0,72494074.63,1.3529,0
sz.301331,"恩威医药",2026-06-01,24.62,25.95,23.63,25.06,24.63,0.43,1.7458,2908216.0,73356073.32,2.8335,0
sz.301332,"德尔玛",2026-06-01,8.69,8.85,8.63,8.82,8.7,0.120000000000001,1.3793,2299369.0,20198297.45,0.8682,0
sz.301333,"诺思格",2026-06-01,50.7,51.33,49.92,50.13,50.74,-0.609999999999999,-1.2022,1352688.0,68216833.44,1.4026,0
sz.301335,"天元宠物",2026-06-01,22.8,23.74,22.42,23.45,23.11,0.34,1.4712,2629886.0,61090001.8,3.0057,0
sz.301336,"趣睡科技",2026-06-01,39.98,42.49,39.76,41.2,40.28,0.920000000000002,2.284,2079816.0,85720907.95,5.1781,0
sz.301337,"亚华电子",2026-06-01,25.45,26.63,25.42,26.27,25.63,0.640000000000001,2.4971,1751452.0,46021725.56,1.7182,0
sz.301338,"凯格精机",2026-06-01,244.07,249.99,228.28,234.5,248.92,-14.42,-5.793,5562538.0,1328668460.81,10.4904,0
sz.301339,"通行宝",2026-06-01,11.48,12.05,11.48,11.91,11.54,0.370000000000001,3.2062,6426041.0,76052911.19,1.1278,0
sz.301345,"涛涛车业",2026-06-01,207.2,214.62,206.66,212.32,206.25,6.06999999999999,2.943,1974470.0,417452605.2,5.6366,0
sz.301348,"蓝箭电子",2026-06-01,25.6,26.58,25.26,25.28,25.66,-0.379999999999999,-1.4809,15102692.0,391085556.92,9.7349,0
sz.301349,"信德新材",2026-06-01,63.0,63.84,61.5,61.78,63.84,-2.06,-3.2268,9589094.0,598304417.78,8.5224,0
sz.301353,"普莱得",2026-06-01,25.8,27.3,25.66,26.92,26.19,0.73,2.7873,1539910.0,41300842.8,4.8301,0
sz.301355,"南王科技",2026-06-01,10.94,11.45,10.85,11.3,10.99,0.31,2.8207,3148556.0,35536843.57,3.1405,0
sz.301356,"天振股份",2026-06-01,24.83,25.04,24.0,24.85,24.81,0.0400000000000027,0.1612,2349418.0,57869834.02,1.8544,0
sz.301357,"北方长龙",2026-06-01,91.88,94.44,91.81,92.9,92.8,0.100000000000009,0.1078,897988.0,83790574.35,0.9433,0
sz.301358,"湖南裕能",2026-06-01,87.0,88.84,84.96,85.07,88.41,-3.34,-3.7779,24208347.0,2102143637.66,3.1856,0
sz.301359,"东南电子",2026-06-01,20.44,21.55,20.44,21.2,20.52,0.68,3.3138,1946620.0,41276485.0,2.7361,0
sz.301360,"荣旗科技",2026-06-01,86.83,86.83,73.62,74.27,87.7,-13.43,-15.3136,12171153.0,954679405.69,36.2043,0
sz.301361,"众智科技",2026-06-01,39.13,39.99,38.02,39.98,39.16,0.82,2.094,3327293.0,130420336.54,5.9062,0
sz.301362,"民爆光电",2026-06-01,166.09,169.68,151.99,152.5,168.05,-15.55,-9.2532,5894506.0,934937889.11,14.3963,0
sz.301363,"美好医疗",2026-06-01,25.23,25.59,24.88,24.92,25.22,-0.299999999999997,-1.1895,7059224.0,177511690.15,1.8915,0
sz.301365,"矩阵股份",2026-06-01,32.8,33.67,31.51,33.05,32.01,1.04,3.249,3049311.0,99356769.05,2.5193,0
sz.301366,"一博科技",2026-06-01,42.78,44.58,42.22,42.36,43.41,-1.05,-2.4188,7229220.0,313659521.0,6.179,0
sz.301367,"瑞迈特",2026-06-01,44.58,44.95,44.23,44.63,44.79,-0.159999999999997,-0.3572,806859.0,35993360.14,0.8225,0
sz.301368,"丰立智能",2026-06-01,47.1,47.77,46.52,47.31,46.73,0.580000000000005,1.2412,1900345.0,89582717.15,2.9637,0
sz.301369,"联动科技",2026-06-01,182.88,192.85,180.1,182.65,188.4,-5.75,-3.052,2109064.0,388994747.07,3.8475,0
sz.301370,"国科恒泰",2026-06-01,9.1,9.61,9.0,9.57,9.04,0.530000000000001,5.8628,5875251.0,55218693.02,1.8148,0
sz.301371,"敷尔佳",2026-06-01,29.97,30.39,29.01,30.24,30.7,-0.460000000000001,-1.4984,4295285.0,127563586.38,5.5217,0
sz.301372,"科净源",2026-06-01,35.41,35.81,34.6,35.32,35.56,-0.240000000000002,-0.6749,1251100.0,44142966.0,3.0388,0
sz.301373,"凌玮科技",2026-06-01,141.18,148.88,136.0,140.48,138.6,1.88,1.3564,11519227.0,1640376345.02,28.2451,0
sz.301376,"致欧科技",2026-06-01,17.22,18.52,17.06,18.4,17.62,0.779999999999998,4.4268,5894610.0,105747114.62,3.0441,0
sz.301377,"鼎泰高科",2026-06-01,344.42,355.86,331.11,338.37,350.72,-12.35,-3.5213,6686250.0,2278328373.55,6.7633,0
sz.301378,"通达海",2026-06-01,29.18,30.68,28.94,30.02,29.05,0.969999999999999,3.3391,2766155.0,83283224.95,6.0246,0
sz.301379,"天山电子",2026-06-01,30.33,33.0,30.23,31.64,30.14,1.5,4.9768,16833317.0,531028882.93,10.7738,0
sz.301380,"挖金客",2026-06-01,30.68,32.58,30.55,32.12,30.67,1.45,4.7277,2549082.0,81613675.97,3.1572,0
sz.301381,"赛维时代",2026-06-01,18.96,19.64,18.85,19.26,18.9,0.360000000000003,1.9048,4544197.0,87299411.34,2.3248,0
sz.301382,"蜂助手",2026-06-01,42.1,43.42,41.25,42.14,41.42,0.719999999999999,1.7383,12194915.0,517734897.8,5.1595,0
sz.301383,"天键股份",2026-06-01,26.8,29.0,26.7,27.7,26.66,1.04,3.901,2991100.0,84181595.5,4.2358,0
sz.301386,"未来电器",2026-06-01,23.17,24.07,23.17,23.78,23.28,0.5,2.1478,1424300.0,33822286.0,3.1651,0
sz.301387,"光大同创",2026-06-01,96.0,100.34,90.0,91.35,93.3,-1.95,-2.09,4626911.0,432972628.87,10.8398,0
sz.301388,"欣灵电气",2026-06-01,28.02,29.71,27.97,29.2,28.27,0.93,3.2897,1825889.0,53295090.32,2.5121,0
sz.301389,"隆扬电子",2026-06-01,87.35,89.35,80.05,80.2,87.35,-7.14999999999999,-8.1855,13856560.0,1144282713.4,4.8877,0
sz.301390,"经纬股份",2026-06-01,33.04,34.64,32.72,34.32,32.88,1.44,4.3796,1074911.0,36592886.84,2.1912,0
sz.301391,"卡莱特",2026-06-01,64.88,65.5,62.56,63.05,64.88,-1.83,-2.8206,1402200.0,89567931.0,1.5104,0
sz.301392,"汇成真空",2026-06-01,175.0,178.84,165.33,166.49,177.0,-10.51,-5.9379,4450241.0,762459545.65,10.9085,0
sz.301393,"昊帆生物",2026-06-01,55.89,56.97,55.08,56.19,56.12,0.0700000000000003,0.1247,1436200.0,80536457.0,3.411,0
sz.301395,"仁信新材",2026-06-01,11.44,13.18,11.44,13.12,11.43,1.69,14.7857,7599049.0,95359816.15,5.968,0
sz.301396,"宏景科技",2026-06-01,174.0,179.58,168.32,169.77,175.8,-6.03,-3.43,9628577.0,1670524039.03,6.8043,0
sz.301397,"溯联股份",2026-06-01,32.41,32.6,31.71,31.85,32.21,-0.359999999999999,-1.1177,3154436.0,101487046.22,4.4652,0
sz.301398,"星源卓镁",2026-06-01,41.28,41.29,39.22,39.82,41.29,-1.47,-3.5602,2114693.0,85194782.98,5.6818,0
sz.301399,"英特科技",2026-06-01,18.27,18.92,18.09,18.62,18.31,0.310000000000002,1.6931,1792391.0,33366930.82,3.2777,0
sz.301408,"华人健康",2026-06-01,17.58,18.5,17.18,18.3,17.72,0.580000000000002,3.2731,21026320.0,378014295.81,9.1834,0
sz.301413,"安培龙",2026-06-01,87.72,92.41,87.43,87.63,88.74,-1.11,-1.2508,4303777.0,385563475.24,5.6351,0
sz.301418,"协昌科技",2026-06-01,39.1,40.25,38.66,39.45,38.98,0.470000000000006,1.2057,1321835.0,52287597.3,4.4905,0
sz.301419,"阿莱德",2026-06-01,38.02,39.0,37.19,37.4,38.32,-0.920000000000002,-2.4008,6456667.0,244768413.11,6.5115,0
sz.301421,"波长光电",2026-06-01,96.19,96.66,89.72,89.95,97.0,-7.05,-7.268,6606474.0,613538635.55,14.2662,0
sz.301428,"世纪恒通",2026-06-01,30.89,32.57,30.75,31.58,30.5,1.08,3.541,3109800.0,98749656.0,4.4185,0
sz.301429,"森泰股份",2026-06-01,19.94,20.84,19.5,20.57,20.04,0.530000000000001,2.6447,1807400.0,37020615.0,4.1058,0
sz.301439,"泓淋电力",2026-06-01,21.01,23.48,21.01,23.48,19.57,3.91,19.9796,55213788.0,1243789802.06,30.1308,0
sz.301446,"福事特",2026-06-01,45.97,49.26,45.3,46.94,46.11,0.829999999999998,1.8,2133211.0,101086774.4,6.8658,0
sz.301448,"开创电气",2026-06-01,34.67,35.59,34.31,34.43,34.35,0.0799999999999983,0.2329,978135.0,33977030.45,2.0259,0
sz.301449,"天溯计量",2026-06-01,61.8,62.48,61.0,61.41,62.09,-0.680000000000007,-1.0952,685542.0,42303200.25,4.9273,0
sz.301456,"盘古智能",2026-06-01,28.54,29.49,28.54,29.12,28.65,0.470000000000002,1.6405,1459438.0,42504586.56,2.3984,0
sz.301458,"钧崴电子",2026-06-01,44.72,49.98,44.44,47.75,45.28,2.47,5.4549,16590200.0,790418660.1,14.1215,0
sz.301459,"丰茂股份",2026-06-01,34.39,35.53,34.15,35.06,34.4,0.660000000000004,1.9186,857593.0,30124299.23,3.2859,0
sz.301468,"博盈特焊",2026-06-01,42.95,47.38,41.99,44.45,43.3,1.15000000000001,2.6559,18100058.0,810128278.12,18.5635,0
sz.301469,"恒达新材",2026-06-01,33.58,34.64,33.1,34.3,33.45,0.849999999999994,2.5411,1090400.0,37286617.0,2.3674,0
sz.301479,"弘景光电",2026-06-01,68.51,70.49,66.66,66.86,68.93,-2.07000000000001,-3.003,2912584.0,198867031.61,4.0849,0
sz.301486,"致尚科技",2026-06-01,250.0,252.4,225.0,225.5,255.51,-30.01,-11.7451,9816625.0,2310503205.49,13.5488,0
sz.301487,"盟固利",2026-06-01,24.85,25.87,24.8,25.11,25.05,0.0599999999999987,0.2395,18266834.0,465391427.2,6.6962,0
sz.301488,"豪恩汽电",2026-06-01,139.01,149.85,139.0,146.89,139.58,7.30999999999997,5.2371,2769689.0,404848011.64,11.8301,0
sz.301489,"思泉新材",2026-06-01,161.48,167.4,154.03,154.18,157.54,-3.35999999999999,-2.1328,6269660.0,1009826206.72,9.0106,0
sz.301491,"汉桑科技",2026-06-01,43.6,44.93,43.31,44.61,43.6,1.01,2.3165,572057.0,25411583.18,2.0014,0
sz.301498,"乖宝宠物",2026-06-01,44.01,45.38,43.64,44.8,44.28,0.519999999999996,1.1743,4171079.0,186161601.61,2.3258,0
sz.301499,"维科精密",2026-06-01,32.62,33.87,32.62,33.55,33.5,0.0499999999999972,0.1493,1964100.0,65613217.0,5.6825,0
sz.301500,"飞南资源",2026-06-01,25.22,25.88,25.11,25.4,25.19,0.209999999999997,0.8337,8647932.0,220829803.19,6.0034,0
sz.301501,"恒鑫生活",2026-06-01,29.48,31.78,29.32,31.78,29.78,2.0,6.7159,2853080.0,88085300.0,6.5588,0
sz.301502,"华阳智能",2026-06-01,79.38,80.5,77.0,77.76,78.78,-1.02,-1.2947,1993663.0,157090977.17,8.4524,0
sz.301503,"智迪科技",2026-06-01,31.6,34.1,31.6,33.2,31.11,2.09,6.7181,2175336.0,71963569.52,6.6975,0
sz.301505,"苏州规划",2026-06-01,19.77,20.99,19.77,20.34,19.61,0.73,3.7226,3987300.0,82013602.7,5.0994,0
sz.301507,"民生健康",2026-06-01,12.89,13.25,12.79,13.13,12.87,0.260000000000002,2.0202,3283317.0,43120496.55,2.9829,0
sz.301508,"中机认检",2026-06-01,26.07,26.51,25.97,26.31,26.01,0.299999999999997,1.1534,1419294.0,37313725.69,2.4123,0
sz.301509,"金凯生科",2026-06-01,29.36,30.08,29.21,29.95,29.39,0.559999999999999,1.9054,1832610.0,54515303.8,3.2298,0
sz.301510,"固高科技",2026-06-01,33.4,33.87,32.02,32.08,33.06,-0.980000000000004,-2.9643,13495567.0,439957464.15,4.8344,0
sz.301511,"德福科技",2026-06-01,124.0,132.29,118.0,128.53,125.62,2.91,2.3165,46738100.0,5848581132.94,12.4758,0
sz.301512,"智信精密",2026-06-01,54.45,55.75,52.52,53.71,53.95,-0.240000000000002,-0.4449,1372765.0,74866829.45,5.5324,0
sz.301513,"尚水智能",2026-06-01,69.48,70.8,68.55,69.49,68.93,0.559999999999988,0.8124,1688153.0,117676083.06,8.3784,0
sz.301515,"港通医疗",2026-06-01,21.36,22.06,21.06,21.71,21.46,0.25,1.165,1407213.0,30541902.91,2.1461,0
sz.301516,"中远通",2026-06-01,17.89,18.15,17.52,17.75,17.89,-0.140000000000001,-0.7826,7150631.0,127255170.69,10.1896,0
sz.301517,"陕西华达",2026-06-01,54.97,56.09,54.0,54.16,55.28,-1.12,-2.026,3555639.0,195191590.27,3.6445,0
sz.301518,"长华化学",2026-06-01,31.02,32.24,30.65,31.61,30.77,0.84,2.7299,2065000.0,65585153.0,3.863,0
sz.301519,"舜禹股份",2026-06-01,13.46,14.08,13.05,13.8,13.49,0.31,2.298,2897500.0,39846867.0,3.839,0
sz.301520,"万邦医药",2026-06-01,37.16,38.12,37.16,37.95,37.33,0.620000000000005,1.6609,494546.0,18724880.5,2.2405,0
sz.301522,"上大股份",2026-06-01,28.07,28.27,27.46,27.5,27.41,0.0899999999999999,0.3283,4146753.0,115236043.02,1.4985,0
sz.301525,"儒竞科技",2026-06-01,71.5,74.2,70.77,71.38,71.98,-0.600000000000009,-0.8336,1199583.0,86744332.69,2.4282,0
sz.301526,"国际复材",2026-06-01,22.86,23.0,20.8,21.36,23.35,-1.99,-8.5225,190608618.0,4122515301.66,13.5723,0
sz.301528,"多浦乐",2026-06-01,67.21,68.74,65.91,66.1,68.06,-1.96000000000001,-2.8798,969900.0,65101550.0,3.0404,0
sz.301529,"福赛科技",2026-06-01,116.0,117.98,109.1,109.79,116.79,-7.0,-5.9937,3767948.0,425743011.86,5.9276,0
sz.301531,"春光集团",2026-06-01,75.2,79.97,75.1,77.31,74.55,2.76000000000001,3.7022,8149793.0,636544985.28,17.383,0
sz.301533,"威马农机",2026-06-01,27.5,28.66,27.26,28.5,27.69,0.809999999999999,2.9252,973801.0,27574289.47,3.4245,0
sz.301535,"浙江华远",2026-06-01,16.51,16.84,16.38,16.57,16.53,0.0399999999999991,0.242,2006260.0,33364328.27,1.1816,0
sz.301536,"星宸科技",2026-06-01,83.58,84.5,79.89,80.0,82.78,-2.78,-3.3583,9226889.0,756815659.7,4.9291,0
sz.301538,"骏鼎达",2026-06-01,92.6,95.4,89.97,90.06,92.02,-1.95999999999999,-2.13,1826510.0,169045780.91,5.8505,0
sz.301539,"宏鑫科技",2026-06-01,15.56,16.32,15.27,16.17,15.65,0.520000000000001,3.3227,2963934.0,47285025.08,3.9487,0
sz.301548,"崇德科技",2026-06-01,77.82,78.86,75.47,76.5,77.08,-0.579999999999998,-0.7525,1515860.0,116880940.85,5.778,0
sz.301550,"斯菱智驱",2026-06-01,115.0,118.12,107.07,108.3,114.11,-5.81,-5.0916,9341226.0,1041869421.64,4.5512,0
sz.301551,"无线传媒",2026-06-01,24.58,25.48,24.58,25.26,24.76,0.5,2.0194,4401856.0,110900410.38,2.8481,0
sz.301552,"科力装备",2026-06-01,26.04,26.79,25.82,26.67,26.05,0.620000000000001,2.38,978424.0,25923815.92,3.1623,0
sz.301555,"惠柏新材",2026-06-01,39.19,40.85,38.98,39.49,39.58,-0.0899999999999963,-0.2274,3708500.0,148207077.0,7.6709,0
sz.301556,"托普云农",2026-06-01,68.09,71.2,68.0,70.3,68.5,1.8,2.6277,1335470.0,93588191.7,4.5301,0
sz.301557,"常友科技",2026-06-01,89.0,93.02,87.28,89.49,87.32,2.17,2.4851,2595395.0,232922262.16,10.4354,0
sz.301558,"三态股份",2026-06-01,6.95,7.27,6.89,7.22,6.99,0.23,3.2904,8259027.0,59196718.35,3.763,0
sz.301559,"中集环科",2026-06-01,14.52,14.74,14.28,14.68,14.52,0.16,1.1019,1976807.0,28837802.12,2.1965,0
sz.301560,"众捷汽车",2026-06-01,33.01,33.72,32.34,32.67,33.0,-0.329999999999998,-1.0,2010100.0,66086902.66,3.292,0
sz.301563,"云汉芯城",2026-06-01,173.0,198.8,173.0,176.42,174.07,2.34999999999999,1.35,8528531.0,1562052512.29,44.5687,0
sz.301565,"中仑新材",2026-06-01,28.1,28.73,27.0,27.26,29.02,-1.76,-6.0648,24747956.0,682951125.88,19.3328,0
sz.301566,"达利凯普",2026-06-01,32.25,33.99,31.0,31.08,32.43,-1.35,-4.1628,28081276.0,908959060.95,13.3032,0
sz.301567,"贝隆精密",2026-06-01,43.06,44.94,43.06,44.14,43.33,0.810000000000002,1.8694,1119200.0,49743846.0,5.2693,0
sz.301568,"思泰克",2026-06-01,80.62,82.77,73.4,73.5,80.82,-7.31999999999999,-9.0572,10471131.0,801238960.98,21.9985,0
sz.301571,"国科天成",2026-06-01,60.2,62.84,59.74,59.75,60.2,-0.450000000000003,-0.7475,3989448.0,243904388.02,3.3478,0
sz.301575,"艾芬达",2026-06-01,41.68,43.04,41.33,42.74,42.04,0.700000000000003,1.6651,556499.0,23717029.7,3.1967,0
sz.301577,"美信科技",2026-06-01,78.41,83.68,78.41,82.53,78.09,4.44,5.6857,4527539.0,369196164.1,24.0301,0
sz.301578,"辰奕智能",2026-06-01,31.46,32.94,31.08,32.48,31.42,1.06,3.3736,1093133.0,35386911.94,4.7179,0
sz.301580,"爱迪特",2026-06-01,58.49,58.49,55.9,56.3,58.07,-1.77,-3.048,4619546.0,261727559.05,6.4145,0
sz.301581,"黄山谷捷",2026-06-01,51.2,52.89,50.62,50.62,52.33,-1.71,-3.2677,2234083.0,115676202.61,5.2822,0
sz.301584,"建发致新",2026-06-01,22.84,23.47,22.61,23.33,22.78,0.549999999999997,2.4144,2555029.0,59302594.96,4.7567,0
sz.301585,"蓝宇股份",2026-06-01,25.45,28.25,25.4,26.91,25.52,1.39,5.4467,2133318.0,57909557.22,3.1322,0
sz.301586,"佳力奇",2026-06-01,37.07,38.33,36.9,37.96,37.05,0.910000000000004,2.4561,837100.0,31676551.0,1.5821,0
sz.301587,"中瑞股份",2026-06-01,27.22,28.12,27.02,27.55,27.23,0.32,1.1752,4454230.0,122898757.4,6.0641,0
sz.301588,"美新科技",2026-06-01,36.47,36.85,35.2,35.47,36.86,-1.39,-3.771,4955942.0,177911638.65,6.7557,0
sz.301589,"诺瓦星云",2026-06-01,157.78,162.36,156.38,157.6,158.6,-1.0,-0.6305,817800.0,130205376.16,2.3728,0
sz.301590,"优优绿能",2026-06-01,169.53,175.5,167.56,167.97,169.5,-1.53,-0.9027,517120.0,88615906.61,6.0111,0
sz.301591,"肯特股份",2026-06-01,49.92,55.84,48.85,49.2,47.46,1.74,3.6662,18151263.0,923041457.09,40.6116,0
sz.301592,"六九一二",2026-06-01,108.0,109.99,105.45,108.0,108.36,-0.359999999999999,-0.3322,754940.0,80972978.8,3.232,0
sz.301595,"太力科技",2026-06-01,44.61,46.86,44.31,46.22,45.0,1.22,2.7111,1394800.0,64335404.0,3.4159,0
sz.301596,"瑞迪智驱",2026-06-01,76.43,76.83,72.82,73.12,76.2,-3.08,-4.042,1681197.0,125152962.03,5.3684,0
sz.301598,"博科测试",2026-06-01,57.94,58.99,56.85,58.3,58.02,0.279999999999994,0.4826,539500.0,31429671.0,3.0745,0
sz.301599,"理奇智能",2026-06-01,55.8,57.33,54.69,54.79,55.69,-0.899999999999999,-1.6161,7845141.0,439708266.87,14.342,0
sz.301600,"慧翰股份",2026-06-01,101.21,102.9,99.1,99.2,101.21,-2.00999999999999,-1.986,964102.0,96810145.03,2.9887,0
sz.301601,"惠通科技",2026-06-01,18.67,19.53,18.6,19.4,18.76,0.639999999999997,3.4115,1948577.0,37568702.63,2.3066,0
sz.301602,"超研股份",2026-06-01,16.39,16.72,16.31,16.72,16.43,0.289999999999999,1.7651,1583106.0,26229112.3,0.7593,0
sz.301603,"乔锋智能",2026-06-01,128.01,129.79,122.09,125.92,126.63,-0.709999999999994,-0.5607,2871831.0,362169455.02,7.611,0
sz.301606,"绿联科技",2026-06-01,68.83,73.73,68.2,71.3,67.17,4.13,6.1486,6965555.0,496313344.59,4.2216,0
sz.301607,"富特科技",2026-06-01,53.45,56.32,52.52,53.03,53.5,-0.469999999999999,-0.8785,6399289.0,347202478.69,5.9022,0
sz.301608,"博实结",2026-06-01,54.65,55.38,53.8,54.86,54.68,0.18,0.3292,2285438.0,125032880.23,3.8407,0
sz.301609,"山大电力",2026-06-01,48.21,52.6,47.63,50.64,48.69,1.95,4.0049,5753487.0,286688368.92,15.6993,0
sz.301611,"珂玛科技",2026-06-01,92.51,93.88,89.19,89.39,92.54,-3.15000000000001,-3.4039,8217636.0,747305979.74,5.6061,0
sz.301613,"新铝时代",2026-06-01,42.56,43.69,42.56,43.57,42.77,0.799999999999997,1.8705,1005117.0,43554545.27,1.198,0
sz.301616,"浙江华业",2026-06-01,38.67,40.22,38.43,39.77,38.66,1.11000000000001,2.8712,633500.0,25175739.0,2.2305,0
sz.301617,"博苑股份",2026-06-01,52.2,55.36,51.56,52.0,52.31,-0.310000000000002,-0.5926,4803967.0,258138528.32,6.9671,0
sz.301618,"长联科技",2026-06-01,37.9,40.74,37.39,39.78,37.96,1.82,4.7945,2931302.0,116488378.05,6.0877,0
sz.301622,"英思特",2026-06-01,56.0,57.3,54.7,54.88,56.31,-1.43,-2.5395,1669500.0,93044617.0,2.582,0
sz.301626,"苏州天脉",2026-06-01,335.0,356.68,318.18,321.79,333.99,-12.2,-3.6528,3207792.0,1080609874.32,6.0963,0
sz.301628,"强达电路",2026-06-01,136.0,139.31,123.52,124.68,136.45,-11.77,-8.6259,5164526.0,671609354.33,18.5269,0
sz.301629,"矽电股份",2026-06-01,366.0,375.51,351.0,353.03,367.0,-13.97,-3.8065,1211637.0,438981643.29,6.3119,0
sz.301630,"同宇新材",2026-06-01,254.55,259.79,242.31,244.8,254.93,-10.13,-3.9736,1416928.0,354329253.09,14.1693,0
sz.301631,"壹连科技",2026-06-01,87.1,88.8,82.61,82.88,88.21,-5.33,-6.0424,2673488.0,227200897.13,6.1326,0
sz.301632,"广东建科",2026-06-01,17.0,17.4,16.71,17.34,17.14,0.199999999999999,1.1669,3422091.0,58959758.22,4.671,0
sz.301633,"港迪技术",2026-06-01,53.95,54.35,52.8,53.84,52.89,0.950000000000003,1.7962,353900.0,19020646.0,1.3873,0
sz.301636,"泽润新能",2026-06-01,51.99,53.6,51.57,52.34,51.56,0.780000000000001,1.5128,1283347.0,67738832.04,3.3997,0
sz.301638,"南网数字",2026-06-01,28.76,29.15,27.55,27.87,28.2,-0.329999999999998,-1.1702,28999531.0,817805703.8,11.589,0
sz.301656,"联合动力",2026-06-01,18.17,18.33,17.83,18.14,17.9,0.240000000000002,1.3408,6428439.0,116481600.63,3.1569,0
sz.301658,"首航新能",2026-06-01,35.63,37.59,35.63,36.41,35.99,0.419999999999995,1.167,7257495.0,267478522.95,7.45,0
sz.301662,"宏工科技",2026-06-01,145.63,155.32,140.5,141.95,145.32,-3.37,-2.319,1909372.0,279362890.2,6.2087,0
sz.301665,"泰禾股份",2026-06-01,23.33,23.76,23.02,23.66,23.34,0.32,1.371,2170200.0,51008132.63,2.0833,0
sz.301666,"大普微",2026-06-01,771.0,819.0,721.36,723.0,758.0,-35.0,-4.6174,6159852.0,4801867358.29,23.2304,0
sz.301667,"纳百川",2026-06-01,87.4,91.65,87.09,87.19,89.86,-2.67,-2.9713,2528573.0,224770336.25,11.2409,0
sz.301668,"昊创瑞通",2026-06-01,39.23,40.33,38.91,40.11,39.6,0.509999999999998,1.2879,919707.0,36528043.55,3.7804,0
sz.301678,"新恒汇",2026-06-01,54.51,55.5,53.35,53.47,55.51,-2.04,-3.675,2168933.0,117585348.27,4.527,0
sz.301680,"固德电材",2026-06-01,120.61,121.89,115.99,116.25,120.55,-4.3,-3.567,2395668.0,282445785.15,14.2578,0
sz.301682,"宏明电子",2026-06-01,167.88,175.0,158.99,159.3,169.4,-10.1,-5.9622,5624355.0,939710928.64,21.8959,0
sz.301683,"慧谷新材",2026-06-01,139.89,142.4,136.03,136.27,137.5,-1.22999999999999,-0.8945,2511525.0,348902629.96,17.6054,0
sz.301687,"新广益",2026-06-01,58.0,60.46,57.0,58.36,59.06,-0.700000000000003,-1.1852,2238337.0,131870275.57,7.5785,0
sz.301696,"三瑞智能",2026-06-01,127.0,128.99,121.4,122.0,128.44,-6.44,-5.014,5067888.0,634017139.62,16.8462,0
sz.302132,"中航成飞",2026-06-01,63.29,63.29,62.13,62.53,62.29,0.240000000000002,0.3853,4862739.0,303674551.09,0.8297,0
sz.399001,"深证成份指数(价格)",2026-06-01,15601.03,15717.4546,15316.0221,15340.3562,15575.1338,-234.777599999999,-1.507387,76039303257.0,1557686047539.39,2.547368,0
sz.399002,"深证成份指数(收益)",2026-06-01,21033.5812,21190.5469,20649.3285,20682.1363,20997.4067,-315.270400000001,-1.501473,53958016460.0,823045248508.97,2.547368,0
sz.399003,"深证成份B股指数",2026-06-01,7365.3273,7425.716,7334.2984,7409.0958,7362.1543,46.9414999999999,0.637605,28252944.0,86048094.2525,0.274614,0
sz.399004,"深证100指数(收益)",2026-06-01,9719.972,9761.963,9504.6663,9519.5562,9695.3914,-175.8352,-1.813596,10087580309.0,372497846115.59,2.15495,0
sz.399005,"中小企业100指数",2026-06-01,9434.2041,9486.3356,9240.6917,9251.5175,9418.0402,-166.5227,-1.768125,6103527153.0,231076307509.13,2.031191,0
sz.399006,"创业板指数(价格)",2026-06-01,4057.3928,4081.4183,3942.6833,3950.9432,4037.951,-87.0077999999999,-2.154751,22053033853.0,734554750936.17,3.230619,0
sz.399007,"深证300价格",2026-06-01,6562.7983,6608.4775,6436.0009,6446.7784,6546.6543,-99.8759,-1.525602,21157662969.0,670791989986.99,2.360037,0
sz.399008,"中小企业300指数",2026-06-01,1841.4115,1855.6841,1812.6826,1815.3492,1841.0094,-25.6601999999998,-1.393811,13696064767.0,363954396277.05,2.439765,0
sz.399009,"深证200指数",2026-06-01,5948.7574,6024.8147,5866.4104,5879.152,5934.6177,-55.4656999999997,-0.934613,11070082660.0,298294143871.4,2.584142,0
sz.399010,"深证700指数",2026-06-01,9634.8158,9763.7787,9568.0563,9582.9857,9655.958,-72.9723000000013,-0.755723,21917845642.0,454504030507.54,3.381049,0
sz.399011,"深证1000指数",2026-06-01,7423.7657,7489.5876,7307.819,7319.6128,7415.7545,-96.1417000000001,-1.296452,43075508611.0,1125296020494.53,2.788505,0
sz.399012,"创业板300",2026-06-01,5518.9481,5559.9083,5385.9194,5396.1061,5498.8905,-102.7844,-1.869184,9419550703.0,470995595514.26,3.808472,0
sz.399013,"深市精选指数",2026-06-01,6003.1239,6050.0626,5928.0411,5938.1831,6004.6819,-66.4987999999994,-1.107449,19224841095.0,535885329396.09,2.302963,0
sz.399015,"深证中小创新指数",2026-06-01,3068.8087,3118.1127,3061.1028,3067.9102,3074.6356,-6.72540000000026,-0.218738,13333740987.0,248160420237.94,3.534889,0
sz.399100,"深证新指数",2026-06-01,13213.6984,13350.889,13080.3016,13099.4815,13204.0323,-104.550800000001,-0.79181,73169474759.0,1545392456427.93,3.187864,0
sz.399101,"中小企业综合指数",2026-06-01,15815.4366,15971.5994,15669.3741,15692.8928,15807.9623,-115.0695,-0.727921,29381835927.0,536410645952.95,2.952045,0
sz.399102,"创业板综合指数",2026-06-01,4636.7849,4685.6046,4555.2743,4563.195,4625.9532,-62.7582000000002,-1.356654,21079880879.0,728530856668.56,4.065368,0
sz.399103,"乐富基金指数",2026-06-01,9399.7238,9476.7012,9354.8423,9368.1178,9400.0779,-31.9601000000002,-0.339998,84502364763.0,159156406628.323,0.0,0
sz.399106,"深证综合指数",2026-06-01,2807.0525,2837.4058,2780.2928,2783.8265,2805.6231,-21.7965999999997,-0.77689,76039303257.0,1557686047539.39,3.12949,0
sz.399107,"深证A股指数",2026-06-01,2937.6086,2969.3898,2909.573,2913.2694,2936.1117,-22.8422999999998,-0.777978,76011050313.0,1557599999445.14,3.142792,0
sz.399108,"深证B股指数",2026-06-01,1112.2799,1120.0152,1108.1714,1119.3907,1112.2323,7.15840000000003,0.643607,28252944.0,86048094.2525,0.252645,0
sz.399231,"农林牧渔指数",2026-06-01,1145.9911,1164.6102,1130.1042,1158.1229,1149.8379,8.28500000000008,0.720536,712535407.0,6026659444.88,2.066873,0
sz.399232,"采矿业指数",2026-06-01,4376.4221,4472.8717,4365.4344,4438.989,4403.6658,35.3231999999998,0.802132,1046935815.0,17222759437.22,2.890546,0
sz.399233,"制造业指数",2026-06-01,4119.5464,4159.1482,4046.0433,4052.7469,4115.8095,-63.0626000000002,-1.532204,45737667955.0,1221525864676.52,3.399688,0
sz.399234,"水电煤气指数",2026-06-01,1201.9981,1211.7599,1155.2227,1209.8486,1187.2841,22.5645,1.900514,5278989822.0,47051078985.77,4.136331,0
sz.399235,"建筑业指数",2026-06-01,1097.561,1119.2479,1092.6786,1113.416,1098.5558,14.8601999999998,1.352703,1407719200.0,10198300014.09,4.431725,0
sz.399236,"批发零售指数",2026-06-01,1548.3264,1579.3456,1548.2787,1554.0874,1551.4796,2.6078,0.168085,2946850063.0,38069653933.15,3.992059,0
sz.399237,"运输仓储指数",2026-06-01,1032.8864,1042.0598,1022.7066,1041.6676,1035.4345,6.23309999999992,0.601979,580207227.0,5132299009.48,1.157437,0
sz.399239,"信息技术指数",2026-06-01,1860.6826,1935.1367,1860.6826,1906.1107,1857.0175,49.0932,2.643658,5943799447.0,110090662749.46,3.844557,0
sz.399240,"金融业指数",2026-06-01,1418.6698,1430.5696,1408.7188,1426.4043,1421.6377,4.76659999999993,0.335289,1665359458.0,21578100135.63,0.916162,0
sz.399241,"房地产业指数",2026-06-01,1081.7246,1116.4403,1072.3876,1108.0673,1095.1606,12.9067,1.178521,1991706058.0,8670423575.39,2.673691,0
sz.399242,"商务服务指数",2026-06-01,1362.581,1424.6865,1358.2643,1411.941,1367.1209,44.8201000000001,3.27843,2716193935.0,26863066361.59,3.620961,0
sz.399243,"科研服务指数",2026-06-01,1361.6652,1385.6435,1357.3507,1373.7586,1372.4361,1.32249999999999,0.096361,589696807.0,11207771286.62,2.629145,0
sz.399244,"公共环保指数",2026-06-01,616.6041,629.1381,615.3542,625.7728,615.587,10.1858,1.654648,871828965.0,7320333494.23,2.475058,0
sz.399248,"文化传播指数",2026-06-01,813.0169,843.2209,813.0169,835.8299,816.7089,19.121,2.341226,1066904043.0,9712399161.99,5.36474,0
sz.399298,"深证中高等级信用债指数",2026-06-01,217.1791,217.209,217.1791,217.2083,217.128,0.0803000000000225,0.036983,68152600.0,6877035737.46,0.0,0
sz.399299,"深证中低等级信用债指数",2026-06-01,250.119,250.188,250.119,250.1876,250.0688,0.118799999999993,0.047507,1100000.0,111023880.0,0.0,0
sz.399300,"沪深300指数",2026-06-01,4897.8968,4918.7935,4836.6851,4844.2556,4892.1213,-47.8656999999994,-0.978424,29613405100.0,823984849000.1,0.895761,0
sz.399301,"深证信用债综合指数",2026-06-01,221.0981,221.1285,221.0981,221.1278,221.0461,0.0817000000000121,0.036961,68152600.0,6877035737.46,0.0,0
sz.399302,"深证公司债综合指数",2026-06-01,224.0451,224.1009,224.045,224.0996,223.9994,0.100200000000001,0.044732,67552600.0,6817044737.46,0.0,0
sz.399303,"国证2000指数",2026-06-01,10944.0384,11108.6204,10888.5201,10903.0915,10964.207,-61.1154999999999,-0.557409,44034738074.0,838561406657.34,3.399879,0
sz.399306,"深证ETF指数",2026-06-01,1895.8382,1911.7133,1885.9476,1888.568,1895.7868,-7.2188000000001,-0.380781,82257471902.0,154089110999.434,0.0,0
sz.399307,"深证可转债指数",2026-06-01,370.6385,373.4365,370.2635,372.6091,370.4443,2.16480000000001,0.584379,177511519.0,34797894252.035,0.0,0
sz.399310,"国证A50指数",2026-06-01,8436.4195,8462.5109,8301.7519,8316.8562,8409.973,-93.1167999999998,-1.107219,8324869384.0,261794365155.01,0.929817,0
sz.399311,"国证1000指数",2026-06-01,5333.1392,5365.1125,5265.0789,5273.3949,5329.2668,-55.8719000000001,-1.048398,64814260173.0,1610210029754.03,1.340917,0
sz.399312,"国证300指数",2026-06-01,5968.5882,5996.3552,5866.877,5875.6931,5959.582,-83.8888999999999,-1.407631,26756132379.0,924642614278.04,1.018845,0
sz.399313,"巨潮100指数",2026-06-01,5545.3048,5555.8706,5473.1875,5484.933,5533.602,-48.6689999999999,-0.879518,13907794337.0,380563763660.97,0.598984,0
sz.399314,"巨潮大盘指数",2026-06-01,5311.7506,5331.1663,5247.4958,5256.6745,5303.6453,-46.9708000000001,-0.885632,23944486826.0,614735734798.76,0.797875,0
sz.399315,"巨潮中盘指数",2026-06-01,5396.8535,5441.8063,5310.1849,5320.3848,5396.9631,-76.5783000000001,-1.418915,18504027790.0,517993339074.92,2.141645,0
sz.399316,"巨潮小盘指数",2026-06-01,6745.2199,6811.8624,6667.4405,6677.698,6749.3508,-71.6527999999998,-1.061625,22365745557.0,477480955880.35,2.309229,0
sz.399317,"国证A股指数",2026-06-01,7397.626,7467.4497,7332.266,7343.0112,7398.1537,-55.1424999999999,-0.745355,139564811079.0,2842635251558.68,1.981747,0
sz.399318,"国证B股指数",2026-06-01,5093.0779,5126.825,5068.899,5105.7383,5074.6459,31.0923999999995,0.612701,65344435.0,246142184.258,0.270566,0
sz.399319,"国证资源优势指数",2026-06-01,3455.4691,3499.4508,3455.4691,3471.6432,3460.3942,11.2489999999998,0.325079,8731875934.0,120478287030.86,1.235249,0
sz.399320,"国证公共服务指数",2026-06-01,2221.8787,2232.6384,2190.1402,2232.4004,2217.7077,14.6927000000001,0.662517,11981765867.0,98996280424.73,1.552404,0
sz.399321,"国证红利指数",2026-06-01,7207.0382,7244.1335,7187.8222,7240.4601,7221.952,18.5081,0.256276,6366637500.0,88498958327.18,0.339707,0
sz.399322,"国证治理指数",2026-06-01,10425.4658,10446.8694,10323.649,10343.3333,10393.633,-50.2996999999996,-0.483947,4118594480.0,186353382285.17,0.399938,0
sz.399324,"深证红利指数",2026-06-01,8738.1163,8808.4195,8710.802,8752.4562,8767.7221,-15.2659000000003,-0.174115,1826693767.0,38936744051.85,1.303601,0
sz.399326,"深证成长40指数",2026-06-01,8866.5061,8913.8878,8534.6755,8555.3386,8793.6348,-238.296200000001,-2.709871,1386169412.0,177339869762.13,2.596532,0
sz.399328,"深证治理指数",2026-06-01,11934.6842,12005.1484,11692.2794,11708.5407,11888.89,-180.3493,-1.516957,1802325554.0,115101263182.29,1.591648,0
sz.399330,"深证100指数(价格)",2026-06-01,6800.4589,6829.8374,6649.823,6660.2405,6783.4526,-123.2121,-1.816363,10087580309.0,372497846115.59,2.15495,0
sz.399333,"中小企业100全收益指数",2026-06-01,11559.823,11623.7003,11322.7104,11335.9754,11538.6743,-202.698900000001,-1.756691,6103527153.0,231076307509.13,2.031191,0
sz.399335,"深证央企指数",2026-06-01,4801.9683,4829.2491,4728.1089,4739.0819,4792.9998,-53.9178999999995,-1.12493,2622228459.0,71778851229.26,1.174869,0
sz.399337,"深证民营指数",2026-06-01,7992.1819,8037.8482,7795.7291,7807.9207,7959.452,-151.531300000001,-1.903791,5815247952.0,375667702357.26,2.469894,0
sz.399339,"深证科技指数",2026-06-01,10843.0883,10926.2823,10555.0207,10568.745,10797.1172,-228.3722,-2.115122,10022316776.0,378351870502.37,3.751623,0
sz.399341,"深证责任指数",2026-06-01,1697.5012,1706.7212,1674.9566,1676.6701,1697.1285,-20.4584,-1.205471,4278731092.0,138267509312.38,1.731156,0
sz.399344,"深证300指数(收益)",2026-06-01,8702.306,8762.8768,8534.1719,8548.463,8680.5561,-132.0931,-1.521712,21157662969.0,670791989986.99,2.360037,0
sz.399346,"深证300成长指数",2026-06-01,5391.3177,5419.1824,5252.4788,5262.2496,5367.7105,-105.4609,-1.964728,4747713955.0,308711772204.43,2.482746,0
sz.399348,"深证300价值指数",2026-06-01,6584.3815,6665.7799,6575.8404,6615.1012,6585.6268,29.4744000000001,0.447556,10294962963.0,124346206613.9,2.064201,0
sz.399350,"国证皖江30指数",2026-06-01,2967.0124,2986.9623,2936.9003,2942.2211,2964.6832,-22.4620999999997,-0.757656,1887014663.0,40381007778.25,2.96044,0
sz.399351,"国证深圳创新示范100指数",2026-06-01,11178.3329,11254.3584,10993.7474,11011.2661,11145.1175,-133.8514,-1.200987,5860654940.0,204734317875.03,2.014561,0
sz.399352,"国证深圳企业综合指数",2026-06-01,11698.5777,11783.7684,11505.0263,11515.6722,11670.7809,-155.108699999999,-1.329034,11820223018.0,343160865805.01,2.722004,0
sz.399353,"国证物流行业指数",2026-06-01,2039.9847,2056.5507,2025.1758,2053.7503,2044.3359,9.41440000000011,0.460511,2980961699.0,20694492131.33,0.837534,0
sz.399355,"国证长三角指数",2026-06-01,3681.7349,3692.0212,3636.0605,3642.8957,3691.0727,-48.1770000000001,-1.30523,3217045242.0,95702629345.43,0.865179,0
sz.399356,"国证珠三角指数",2026-06-01,10318.2691,10368.3527,10184.6537,10210.5144,10298.2129,-87.6985000000004,-0.85159,4262359618.0,152984683497.63,1.500268,0
sz.399357,"国证环渤海指数",2026-06-01,4110.8367,4136.0172,4057.6412,4072.1333,4106.6529,-34.5196000000001,-0.840577,8840380120.0,146352900744.51,0.49457,0
sz.399358,"国证环保指数",2026-06-01,5874.2374,5917.7099,5773.2722,5785.095,5815.7284,-30.6333999999997,-0.526734,3912316418.0,97032248360.64,1.393985,0
sz.399359,"国证基建指数",2026-06-01,2654.1685,2682.9975,2630.1448,2682.9975,2652.1453,30.8521999999998,1.163292,7810881997.0,58388875188.84,1.118524,0
sz.399360,"国证新硬件产业指数",2026-06-01,8605.3383,8669.2401,8414.5757,8425.0731,8610.5755,-185.502400000001,-2.154355,5729252681.0,206403215861.05,3.350194,0
sz.399361,"国证在线消费指数",2026-06-01,3492.5946,3608.5637,3492.5946,3565.3547,3487.5429,77.8117999999999,2.231135,3025272185.0,45138552748.75,3.93687,0
sz.399362,"国证民企领先100指数",2026-06-01,9832.3233,9885.051,9637.9661,9656.5021,9778.9887,-122.4866,-1.252549,4657334935.0,308899143508.68,1.979435,0
sz.399363,"国证算力基础设施主题指数",2026-06-01,14407.775,14458.1394,13726.7579,13743.9356,14294.3764,-550.440799999998,-3.850751,3363564916.0,362795632712.68,1.821099,0
sz.399364,"国证消费100指数",2026-06-01,13204.8321,13251.755,12812.307,12829.1194,13189.3404,-360.221,-2.731152,10397843299.0,517927389639.19,2.929064,0
sz.399365,"国证粮食产业指数",2026-06-01,12118.3964,12393.9584,12118.3964,12386.429,12139.407,247.022000000001,2.034877,1124207739.0,16143683591.39,1.573607,0
sz.399366,"国证能源金属指数",2026-06-01,2901.6265,2942.6547,2863.0861,2866.4659,2908.6095,-42.1435999999999,-1.448926,2012380995.0,59857952783.71,2.002034,0
sz.399367,"国证1000房地产行业指数",2026-06-01,2223.5628,2269.0355,2210.2008,2250.2796,2243.8381,6.44149999999991,0.287075,1489381576.0,8361660376.04,1.629515,0
sz.399368,"国证航天军工指数",2026-06-01,8054.1687,8123.9587,7943.2366,7949.4248,8062.9237,-113.498900000001,-1.407664,1490044592.0,49650246043.79,1.988413,0
sz.399369,"国证社会责任指数",2026-06-01,1495.0041,1506.7046,1489.4501,1495.7146,1496.084,-0.369400000000041,-0.024691,5040966177.0,114288207717.62,1.191533,0
sz.399370,"国证1000成长指数",2026-06-01,5727.3648,5755.0323,5606.8178,5615.3095,5716.6306,-101.3211,-1.772392,17521284983.0,628029698223.06,1.852733,0
sz.399371,"国证1000价值指数",2026-06-01,7086.9767,7138.0785,7060.4673,7136.3297,7087.0549,49.2748000000001,0.695279,25148896397.0,292390847844.16,0.88871,0
sz.399372,"国证大盘成长指数",2026-06-01,5868.9263,5883.428,5717.0252,5726.7637,5851.1656,-124.4019,-2.126105,6505500777.0,283983679255.27,1.175283,0
sz.399373,"国证大盘价值指数",2026-06-01,7987.9863,8066.9138,7966.2393,8066.9138,7991.0022,75.9116000000004,0.949963,7969289290.0,94861749571.41,0.409465,0
sz.399374,"巨潮中盘成长指数",2026-06-01,5356.6849,5426.1633,5283.7162,5291.9012,5358.907,-67.0057999999999,-1.250363,5183351067.0,180581741999.65,2.614812,0
sz.399375,"巨潮中盘价值指数",2026-06-01,6415.8933,6465.2262,6365.2842,6418.0118,6419.9947,-1.98289999999997,-0.030886,8479277911.0,104006188934.66,1.959531,0
sz.399376,"巨潮小盘成长指数",2026-06-01,7261.9673,7339.6261,7158.0737,7169.5274,7256.768,-87.2406000000001,-1.202196,5832433139.0,163464276968.14,3.007297,0
sz.399377,"巨潮小盘价值指数",2026-06-01,8006.6071,8079.1545,7957.1787,8060.2464,7991.184,69.0623999999998,0.864232,8700329196.0,93522909338.09,1.929832,0
sz.399378,"国证ESG300指数",2026-06-01,3062.6721,3078.6347,3027.2689,3032.6785,3057.3881,-24.7096000000001,-0.808193,22733539284.0,665899491773.96,1.096611,0
sz.399379,"国证基金指数",2026-06-01,9511.362,9571.9005,9461.3535,9477.2524,9516.5306,-39.2782000000007,-0.412737,211783264160.0,484061550158.323,0.0,0
sz.399380,"国证ETF指数",2026-06-01,1889.2716,1901.5194,1878.2545,1881.3319,1890.3015,-8.96960000000013,-0.474506,208957665420.0,477615472792.434,0.0,0
sz.399381,"国证1000能源行业指数",2026-06-01,3599.5141,3727.3113,3599.5141,3725.5892,3585.0131,140.5761,3.921216,2560781626.0,30867406013.72,0.667624,0
sz.399382,"国证1000原材料行业指数",2026-06-01,3872.5578,3925.4305,3862.9078,3869.637,3878.7046,-9.06759999999986,-0.233779,7534511034.0,161430023241.51,1.557397,0
sz.399383,"国证1000工业行业指数",2026-06-01,3121.2651,3149.8666,3092.0306,3097.9625,3105.3715,-7.40900000000011,-0.238587,11607391133.0,231837181737.07,1.261543,0
sz.399384,"国证1000可选消费行业指数",2026-06-01,3729.1087,3773.3547,3721.4052,3753.6763,3742.082,11.5943000000002,0.309836,3993753882.0,75009957372.84,1.769924,0
sz.399385,"国证1000主要消费行业指数",2026-06-01,8089.3656,8157.6803,8029.4082,8143.1003,8127.1479,15.9524000000001,0.196285,1256028394.0,34897582922.78,1.287929,0
sz.399386,"国证1000医药卫生行业指数",2026-06-01,5141.7498,5200.2222,5076.9796,5095.1269,5145.6529,-50.5259999999998,-0.981916,1379874320.0,48690092839.55,1.269333,0
sz.399387,"国证1000金融地产行业指数",2026-06-01,4965.6952,5008.0262,4947.1095,5007.5975,4970.4607,37.1368000000002,0.74715,7108547816.0,73050113162.89,0.415072,0
sz.399388,"国证1000信息技术行业指数",2026-06-01,8524.4764,8581.3779,8199.752,8208.8537,8509.9289,-301.075200000001,-3.537929,15706730782.0,704485552724.23,4.796117,0
sz.399389,"国证通信指数",2026-06-01,12104.5789,12173.1135,11700.8816,11721.8147,12150.4015,-428.586799999999,-3.527347,2806060186.0,211812793783.22,1.711246,0
sz.399390,"国证1000公用事业行业指数",2026-06-01,3067.8906,3097.4744,2983.6755,3097.4744,3045.3377,52.1367,1.712017,10464683719.0,79176322009.81,3.075339,0
sz.399391,"国证投资时钟指数",2026-06-01,3118.4822,3135.3683,3110.8748,3122.7505,3127.2514,-4.5009,-0.143925,5976034102.0,100037677202.58,1.063944,0
sz.399392,"国证战略性新兴产业指数",2026-06-01,3221.0135,3244.2836,3179.0064,3182.9826,3213.6028,-30.6202000000003,-0.952831,12977564028.0,504949566732.8,1.876504,0
sz.399393,"国证房地产行业指数",2026-06-01,2770.1295,2825.1923,2749.6127,2807.6431,2791.6966,15.9464999999996,0.571212,2790191662.0,14104557811.5,2.033081,0
sz.399394,"国证医药卫生行业指数",2026-06-01,7715.3276,7809.5619,7604.4282,7631.5382,7721.7911,-90.2529000000004,-1.168808,1349586158.0,49801173095.31,1.388451,0
sz.399395,"国证有色金属行业指数",2026-06-01,9844.4603,9988.1968,9791.9148,9807.7639,9859.6481,-51.8842000000004,-0.526228,3716514969.0,82646013627.62,2.060254,0
sz.399396,"国证食品饮料行业指数",2026-06-01,15401.9267,15501.4945,15314.1379,15483.4475,15479.1826,4.26490000000013,0.027552,1020329686.0,32263269596.15,1.711785,0
sz.399397,"国证文化产业指数",2026-06-01,2056.2111,2109.5041,2050.3978,2098.2548,2062.3652,35.8896,1.740216,3457718924.0,51620510197.08,2.88561,0
sz.399398,"国证绩效指数",2026-06-01,10620.4918,10727.2816,10582.3602,10712.1657,10631.6012,80.5645000000004,0.757783,2489080534.0,101000627260.67,1.115325,0
sz.399399,"国证中经GDP指数",2026-06-01,7944.6288,8000.939,7918.48,7937.5264,7935.3962,2.1301999999996,0.026844,23275277226.0,424100875931.27,1.010535,0
sz.399400,"巨潮大中盘指数",2026-06-01,4464.1066,4486.6472,4405.749,4412.7534,4459.3559,-46.6025,-1.04505,42448514616.0,1132729073873.68,1.098268,0
sz.399401,"巨潮中小盘指数",2026-06-01,5429.4661,5478.5482,5353.5398,5362.8826,5431.0495,-68.1669000000002,-1.255133,40869773347.0,995474294955.27,2.230216,0
sz.399402,"国证周期行业100指数",2026-06-01,3910.2328,3939.1303,3865.2107,3869.3368,3901.101,-31.7642000000001,-0.814237,12580885810.0,307158432184.89,1.281299,0
sz.399403,"国证防御行业100指数",2026-06-01,9904.2644,9926.6829,9717.8736,9754.6291,9918.5244,-163.8953,-1.652416,3722952763.0,188520809202.46,1.224815,0
sz.399405,"巨潮大盘高贝塔指数",2026-06-01,3817.2101,3839.6945,3707.0089,3710.0915,3796.6983,-86.6068,-2.281108,4247475655.0,372759533969.57,1.995361,0
sz.399406,"巨潮中盘低波动率指数",2026-06-01,13510.2423,13698.962,13416.3696,13698.2779,13514.5826,183.695299999999,1.359238,5494745821.0,62574447976.1,1.431808,0
sz.399407,"巨潮中盘高贝塔指数",2026-06-01,3951.4564,3974.9285,3816.9692,3821.4208,3949.2662,-127.8454,-3.237194,5527728842.0,332593233368.67,3.364716,0
sz.399408,"巨潮小盘低波动率指数",2026-06-01,15367.5898,15586.6443,15257.4492,15575.6803,15345.3398,230.3405,1.501045,7956891469.0,60655070558.63,1.799223,0
sz.399409,"巨潮小盘高贝塔指数",2026-06-01,7957.8083,8074.515,7796.5698,7808.893,7974.2145,-165.3215,-2.073201,7490497460.0,281826778752.2,5.083856,0
sz.399410,"苏州率先指数",2026-06-01,4953.9835,4993.3749,4741.7897,4746.1857,4982.9162,-236.7305,-4.750842,1249237784.0,112798371604.53,3.079173,0
sz.399411,"国证红利加权100指数",2026-06-01,3528.85,3613.1231,3513.5663,3612.4744,3533.125,79.3494000000001,2.24587,6927384517.0,63452497096.2,0.434771,0
sz.399412,"国证新能源指数",2026-06-01,3171.5389,3197.814,3110.6048,3115.5695,3150.7327,-35.1632,-1.116032,3580632581.0,125125248220.94,1.670499,0
sz.399413,"国证可转债指数",2026-06-01,187.1047,188.4561,186.856,187.8534,186.9059,0.947499999999991,0.50694,388855379.0,75571635164.035,0.0,0
sz.399415,"大数据100指数",2026-06-01,7676.8742,7797.6692,7676.8742,7721.7053,7675.0138,46.6914999999999,0.608357,3073783916.0,159363646155.98,0.445242,0
sz.399416,"大数据300指数",2026-06-01,5112.6166,5283.2738,5092.4568,5250.0217,5131.9063,118.115400000001,2.301589,1011553660.0,19015278134.27,0.055118,0
sz.399417,"国证新能源汽车指数",2026-06-01,4036.4265,4066.2967,3973.3675,3977.6737,4018.5205,-40.8468000000003,-1.016464,2185027747.0,111392628130.49,2.854541,0
sz.399418,"国证数据要素主题指数",2026-06-01,3939.1315,4060.59,3939.1315,3983.8211,3922.8365,60.9846000000002,1.554605,2326290857.0,70472726067.31,1.249305,0
sz.399419,"国证高铁指数",2026-06-01,2033.6476,2051.9085,2028.7055,2046.165,2040.5534,5.61159999999995,0.275004,1950940149.0,18160746766.47,1.127429,0
sz.399420,"国证保险证券指数",2026-06-01,1300.5368,1315.9057,1293.4743,1305.5224,1303.2522,2.27020000000016,0.174195,1983486682.0,33942529722.61,0.775162,0
sz.399423,"中关村50指数",2026-06-01,3660.9839,3709.8703,3583.7075,3592.1202,3644.6522,-52.5320000000002,-1.441345,4822138824.0,110822817785.73,2.948487,0
sz.399428,"国证定向增发指数",2026-06-01,5367.9084,5438.1549,5295.4829,5299.0698,5370.1836,-71.1138000000001,-1.324234,3724350265.0,127927831535.3,4.006376,0
sz.399429,"新丝路指数",2026-06-01,1911.3918,1941.8232,1909.3874,1913.4561,1911.3545,2.10160000000019,0.109953,4858005995.0,89581096058.13,2.182268,0
sz.399431,"国证银行行业指数",2026-06-01,7428.3862,7515.894,7398.258,7515.894,7429.9769,85.9171000000006,1.156358,3541266969.0,29135535746.19,0.274255,0
sz.399432,"国证电动智能汽车指数",2026-06-01,6659.7823,6736.5461,6596.382,6600.3374,6648.2901,-47.9526999999998,-0.721279,1754121068.0,82171535501.47,2.879596,0
sz.399433,"国证交通运输行业指数",2026-06-01,1631.118,1643.5745,1617.8557,1640.7609,1632.2761,8.48479999999995,0.519814,3960710377.0,24828851244.22,1.014399,0
sz.399434,"国证数字传媒主题指数",2026-06-01,2084.4987,2177.6831,2083.8006,2153.3301,2083.6549,69.6752000000001,3.343893,3684394859.0,48905641106.96,4.278791,0
sz.399435,"国证农牧渔产品行业指数",2026-06-01,3419.0879,3485.1056,3401.6461,3477.4202,3428.0129,49.4072999999999,1.441281,1008756969.0,8818338475.71,1.544959,0
sz.399436,"国证绿色煤炭指数",2026-06-01,4640.107,4935.3605,4611.2333,4933.9618,4624.1602,309.8016,6.699629,2197086409.0,23798342614.86,2.392907,0
sz.399437,"国证证券龙头指数",2026-06-01,5789.3621,5857.3972,5756.2713,5805.08,5795.6399,9.4400999999998,0.162883,1906738633.0,27375667726.08,0.933391,0
sz.399438,"国证绿色电力指数",2026-06-01,2432.5278,2441.2809,2360.0162,2440.0556,2420.4542,19.6014,0.809823,7735177886.0,67921651322.18,2.739547,0
sz.399439,"国证石油天然气指数",2026-06-01,2178.9706,2226.7469,2178.8913,2207.1787,2168.0751,39.1035999999999,1.803609,2519376843.0,25191637268.59,0.702567,0
sz.399440,"国证钢铁行业指数",2026-06-01,1326.0719,1338.9223,1316.7055,1332.8404,1326.8038,6.03660000000013,0.454973,1613870353.0,9469025933.35,1.02776,0
sz.399441,"国证生物医药指数",2026-06-01,1940.4668,1976.2201,1908.0459,1916.6892,1941.2338,-24.5445999999999,-1.264381,508060431.0,19704292600.73,1.520493,0
sz.399481,"国证企债指数",2026-06-01,127.9675,127.9837,127.9674,127.9835,127.9675,0.0160000000000053,0.012503,95548480.0,9647954941.16,0.0,0
sz.399550,"央视财经50指数",2026-06-01,8372.0567,8387.0613,8300.1459,8329.5971,8380.9807,-51.3835999999992,-0.613098,3126443043.0,108765065315.17,0.436315,0
sz.399551,"央视财经50创新领先指数",2026-06-01,14524.073,14792.0361,14202.3637,14226.4164,14526.7493,-300.332899999999,-2.067447,6238243671.0,196482200540.01,5.262276,0
sz.399552,"央视财经50成长领先指数",2026-06-01,7920.0488,8002.7263,7909.2325,7964.1774,7947.5958,16.5815999999995,0.208637,5993609966.0,86823535778.79,1.829264,0
sz.399553,"央视财经50回报领先指数",2026-06-01,7824.4951,7855.6834,7743.7037,7757.5846,7864.8214,-107.2368,-1.363499,1380793080.0,68812156970.46,1.400999,0
sz.399554,"央视财经50治理领先指数",2026-06-01,7943.4455,8012.0964,7940.7962,7958.6523,7959.0045,-0.352200000000266,-0.004425,6067036016.0,88108554967.89,0.871027,0
sz.399555,"央视财经50责任领先指数",2026-06-01,4954.9435,5010.926,4947.485,5003.9489,4959.9536,43.9953000000005,0.88701,6388632106.0,68831427655.29,0.927007,0
sz.399556,"央视生态产业指数",2026-06-01,2867.2992,2900.5083,2861.4451,2866.2252,2853.0702,13.1549999999997,0.461082,3331645995.0,100180163573.19,1.252392,0
sz.399557,"央视文化产业指数",2026-06-01,1709.8274,1756.9209,1705.7051,1745.5271,1717.0465,28.4806000000001,1.658697,3457718924.0,51620510197.08,2.88561,0
sz.399602,"中小板300成长指数",2026-06-01,1447.2851,1463.4643,1421.2235,1422.9002,1448.327,-25.4268,-1.755598,3707552954.0,157782603669.96,2.554201,0
sz.399604,"中小板300价值指数",2026-06-01,2103.4406,2113.8111,2090.4713,2100.2187,2093.8912,6.32749999999987,0.302189,3814195325.0,65749336717.26,1.543582,0
sz.399606,"创业板指数(收益)",2026-06-01,4521.1518,4547.9235,4393.3311,4402.5351,4499.211,-96.6759000000002,-2.14873,3973591517.0,308144723666.3,3.230619,0
sz.399608,"国证科技100指数",2026-06-01,5225.1728,5248.1815,5071.9009,5078.5932,5198.5669,-119.9737,-2.307823,5709788787.0,330381977680.05,2.768571,0
sz.399610,"深证电子信息传媒产业50指数",2026-06-01,13087.9781,13190.7157,12621.7702,12637.98,13056.8937,-418.913700000001,-3.208372,7931875798.0,325046924685.73,5.000553,0
sz.399611,"中小企业板创业板100指数(收益)",2026-06-01,3952.2759,3969.101,3842.6241,3848.5059,3938.0231,-89.5171999999998,-2.273151,5219801623.0,366045768189.79,1.786049,0
sz.399612,"中小创业企业100指数",2026-06-01,3330.2517,3344.4288,3237.8573,3242.8135,3318.4392,-75.6256999999996,-2.278954,5219801623.0,366045768189.79,1.786049,0
sz.399613,"深证能源指数",2026-06-01,3878.0063,4038.4689,3878.0063,4011.443,3855.8018,155.6412,4.036546,698265163.0,7586073157.33,2.824548,0
sz.399614,"深证原材料行业指数",2026-06-01,4046.1202,4090.439,4012.0647,4019.3688,4056.5841,-37.2152999999998,-0.917405,4849985673.0,114132823115.99,1.98337,0
sz.399615,"深证工业行业指数",2026-06-01,4654.3127,4697.3485,4577.5209,4586.7605,4627.7888,-41.0282999999999,-0.886564,5733968886.0,185008955659.96,2.354544,0
sz.399616,"深证可选消费行业指数",2026-06-01,6326.3681,6416.3737,6313.3462,6365.2318,6337.1601,28.0716999999995,0.44297,4019717971.0,67291763945.55,2.922178,0
sz.399617,"深证主要消费行业指数",2026-06-01,7556.0652,7634.2845,7489.6325,7610.5076,7581.3344,29.1732000000002,0.384803,545786491.0,12759927553.64,1.218533,0
sz.399618,"深证医药卫生行业指数",2026-06-01,7033.811,7092.9481,6972.97,7009.0654,7044.5223,-35.4568999999992,-0.503326,1017188070.0,24727554215.2,1.515918,0
sz.399619,"深证金融地产行业指数",2026-06-01,6499.5246,6541.0482,6457.2192,6530.7106,6502.8457,27.8649000000005,0.428503,1135631107.0,12993190019.05,0.799479,0
sz.399620,"深证信息技术行业指数",2026-06-01,7211.8511,7299.384,6995.6176,7003.438,7206.2609,-202.8229,-2.814537,12483439290.0,421981431122.4,5.489796,0
sz.399621,"深证电信业务行业指数",2026-06-01,20086.7233,20245.6095,19299.8089,19353.0462,20088.5002,-735.453999999998,-3.66107,834340299.0,122924744159.77,4.567015,0
sz.399622,"深证公用事业行业指数",2026-06-01,2249.3378,2252.1529,2146.5204,2237.7635,2217.2917,20.4717999999998,0.92328,2396638967.0,22641322545.86,2.632623,0
sz.399623,"中小企业基础市场指数",2026-06-01,10004.5409,10086.2726,9857.9046,9872.2359,10003.8169,-131.581,-1.315308,15808808482.0,393675171776.83,2.546455,0
sz.399624,"中小创业企业400指数",2026-06-01,2951.2163,2991.7502,2916.6086,2922.3884,2951.847,-29.4586000000004,-0.997972,15716843558.0,427104033222.02,3.478632,0
sz.399625,"中小创业企业500指数",2026-06-01,2879.0146,2900.0054,2818.6075,2823.461,2873.676,-50.2150000000001,-1.747413,20936645181.0,793149801411.81,2.813819,0
sz.399626,"中小创业企业成长指数",2026-06-01,2613.598,2628.4062,2539.683,2544.3855,2605.1951,-60.8096,-2.334167,5034713461.0,363957335218.0,2.644295,0
sz.399627,"中小创业企业价值指数",2026-06-01,2645.8136,2656.0031,2618.2817,2622.2965,2628.4796,-6.18310000000019,-0.235235,5858394528.0,148767338767.84,1.736358,0
sz.399628,"深证700成长指数",2026-06-01,2743.5857,2775.1794,2707.5938,2712.1102,2748.3769,-36.2667000000001,-1.319568,5546838671.0,163368063166.56,3.281825,0
sz.399629,"深证700价值指数",2026-06-01,2956.0844,2992.513,2947.6436,2981.1786,2956.3071,24.8715000000002,0.841303,7301004931.0,79914420523.06,2.520805,0
sz.399630,"深证1000成长指数",2026-06-01,2129.49,2143.2068,2082.1573,2085.7161,2123.7032,-37.9870999999998,-1.78872,10861623955.0,519243135391.09,2.862097,0
sz.399631,"深证1000价值指数",2026-06-01,2267.7862,2287.4725,2263.3146,2270.9983,2264.0069,6.99140000000034,0.308806,17694775877.0,229474109175.7,2.184263,0
sz.399632,"深证100等权重指数",2026-06-01,5557.7336,5593.8985,5487.4967,5493.1877,5555.3524,-62.1646999999994,-1.119006,10087580309.0,372497846115.59,2.15495,0
sz.399633,"深证300等权重指数",2026-06-01,6737.9305,6808.8995,6672.4363,6683.6434,6725.8169,-42.1734999999999,-0.627039,21157662969.0,670791989986.99,2.360037,0
sz.399634,"中小企业100等权重指数",2026-06-01,4753.5509,4791.0662,4696.7163,4704.8995,4735.7674,-30.8678999999993,-0.651804,6103527153.0,231076307509.13,2.031191,0
sz.399635,"创业板等权重指数",2026-06-01,2527.0265,2559.3612,2479.3764,2482.962,2527.1481,-44.1860999999999,-1.748457,3973591517.0,308144723666.3,3.230619,0
sz.399636,"深证装备指数",2026-06-01,11017.2991,11068.8665,10671.7439,10701.535,10950.3466,-248.811600000001,-2.27218,3803908203.0,249807969896.07,2.812698,0
sz.399637,"深证地产指数",2026-06-01,1563.8746,1616.0316,1551.6949,1603.1663,1585.08,18.0863000000002,1.141034,984876631.0,4609876889.31,2.167821,0
sz.399638,"深证环保指数",2026-06-01,8261.8667,8327.5595,8041.6334,8056.0352,8161.1778,-105.1426,-1.288326,2513979061.0,94625636986.79,2.058288,0
sz.399639,"深证大宗商品生产商指数",2026-06-01,2337.7047,2365.4051,2328.8577,2332.2574,2340.763,-8.50559999999996,-0.363369,2588184258.0,56570454368.41,1.770092,0
sz.399640,"创业板基础市场指数",2026-06-01,3523.7319,3555.5453,3450.1622,3456.892,3513.0547,-56.1627000000003,-1.598686,15182478021.0,586856870772.25,3.872894,0
sz.399641,"深证战略性新兴产业指数",2026-06-01,3447.3172,3470.0856,3363.4476,3369.7599,3436.1677,-66.4078,-1.932612,16532558161.0,612129180926.02,3.350396,0
sz.399642,"中小企业战略性新兴产业指数",2026-06-01,2802.5734,2823.2509,2734.1904,2738.8088,2799.8281,-61.0193000000004,-2.179395,6937046493.0,264191029878.29,2.863537,0
sz.399643,"创业板战略性新兴产业指数",2026-06-01,5048.3734,5080.9795,4906.7502,4916.8734,5022.7485,-105.875099999999,-2.107912,4432842941.0,312947549095.25,3.63513,0
sz.399644,"深证色诺芬投资时钟指数",2026-06-01,3453.1764,3467.9883,3428.8536,3438.7508,3467.6433,-28.8925000000004,-0.833203,4464807202.0,72522956698.12,1.945772,0
sz.399645,"深证100低波动率指数",2026-06-01,8847.3521,8935.8834,8811.2829,8916.1922,8867.3059,48.8863000000001,0.55131,6540821375.0,68491719720.23,1.897723,0
sz.399646,"深证消费50指数",2026-06-01,7166.3329,7232.3773,7136.3493,7196.7437,7190.584,6.15970000000016,0.085663,2681784037.0,55342373587.2,2.014711,0
sz.399647,"深证医药50指数",2026-06-01,6870.1712,6931.013,6826.9415,6864.3418,6884.8264,-20.4845999999998,-0.297533,826349286.0,19802443677.91,1.408304,0
sz.399648,"深证中经矢量GDP100指数",2026-06-01,12080.7061,12218.1373,12047.0522,12122.4676,12105.1575,17.3101000000006,0.142998,9915561480.0,237525795024.69,3.119766,0
sz.399649,"中小企业红利指数",2026-06-01,3286.0887,3291.3904,3257.3372,3272.3702,3269.521,2.84919999999966,0.087144,1655295344.0,35199678762.86,1.053964,0
sz.399650,"中小企业治理指数",2026-06-01,2996.5037,3018.1919,2910.6807,2912.9743,2992.6496,-79.6753000000003,-2.662366,1551903596.0,79133908011.88,1.602816,0
sz.399651,"中小企业社会责任指数",2026-06-01,1811.1852,1827.7611,1783.6064,1784.3792,1807.4623,-23.0830999999998,-1.2771,1618891906.0,61695862198.78,1.64826,0
sz.399652,"中创高新技术企业指数",2026-06-01,4065.6107,4147.2888,4008.7777,4013.9063,4069.6119,-55.7055999999998,-1.368818,1378934799.0,53112568671.04,4.224743,0
sz.399653,"深证行业龙头指数",2026-06-01,3318.3087,3342.0593,3263.7406,3270.3667,3305.1715,-34.8047999999999,-1.053041,6073585614.0,151905323430.67,2.67283,0
sz.399654,"深证文化产业指数",2026-06-01,2682.2474,2770.9853,2674.1893,2745.2175,2681.2343,63.9832000000001,2.386334,3887187296.0,54528912850.35,3.448506,0
sz.399655,"深证绩效指数",2026-06-01,10461.1647,10555.2354,10419.9822,10510.8486,10471.4535,39.3950999999997,0.376214,2278488593.0,113096647883.33,1.573827,0
sz.399656,"深证100绩效加权指数",2026-06-01,6584.2237,6625.667,6516.0369,6524.5599,6582.4669,-57.9070000000002,-0.879716,10087580309.0,372497846115.59,2.15495,0
sz.399657,"深证300绩效加权指数",2026-06-01,7620.6047,7680.7703,7556.8537,7574.9086,7610.8288,-35.9202000000005,-0.471962,21157662969.0,670791989986.99,2.360037,0
sz.399658,"中小100绩效加权指数",2026-06-01,5222.9963,5249.126,5159.3416,5172.4668,5199.5012,-27.0343999999996,-0.519942,6103527153.0,231076307509.13,2.031191,0
sz.399659,"深证成份等权重指数",2026-06-01,5163.7908,5216.264,5119.521,5127.1242,5162.7596,-35.6354000000001,-0.690239,29741767624.0,877135600256.59,2.547368,0
sz.399660,"中创100等权重指数",2026-06-01,2987.4185,3005.9012,2932.1397,2935.2348,2981.5204,-46.2855999999997,-1.552416,5219801623.0,366045768189.79,1.786049,0
sz.399661,"深证300低波动率指数",2026-06-01,5794.5568,5861.8823,5758.2451,5861.8823,5786.5418,75.3405000000002,1.301995,9132023157.0,88903053446.85,1.822114,0
sz.399662,"深证300高贝塔指数",2026-06-01,3157.2136,3189.2211,3062.7835,3067.8394,3146.236,-78.3966,-2.491758,5874518613.0,453034826512.46,3.579017,0
sz.399663,"中小300低波动率指数",2026-06-01,1957.8122,1984.0601,1954.8834,1983.211,1957.9156,25.2954,1.291956,3804031314.0,49352604073.58,1.405637,0
sz.399664,"中小300高贝塔指数",2026-06-01,1758.424,1779.2918,1726.7988,1731.2062,1758.8264,-27.6201999999998,-1.570377,5528281937.0,230824335202.55,4.005304,0
sz.399665,"中创500低波动率指数",2026-06-01,2370.7679,2397.0424,2370.7679,2385.5688,2370.1622,15.4065999999998,0.650023,7797007696.0,171664224595.81,1.805634,0
sz.399666,"中创500高贝塔指数",2026-06-01,2604.767,2635.8746,2549.5529,2554.7179,2602.199,-47.4811,-1.824653,10091261653.0,541778343194.74,4.862031,0
sz.399667,"创业板成长指数",2026-06-01,7552.2445,7601.4491,7307.0822,7322.5339,7522.9122,-200.378299999999,-2.663574,2848354273.0,267509730267.36,3.792496,0
sz.399668,"创业板300价值指数",2026-06-01,5377.5983,5426.3506,5289.9509,5298.4309,5325.3429,-26.9119999999994,-0.505357,3167894166.0,104533599277.38,2.90318,0
sz.399669,"深证农业综合企业指数",2026-06-01,7231.6414,7316.0213,7195.8261,7276.6745,7254.5544,22.1201000000001,0.304913,1088944862.0,22536255883.61,1.350363,0
sz.399670,"深证周期行业50指数",2026-06-01,4985.9333,5034.2749,4873.5409,4877.2103,4966.0931,-88.8828000000003,-1.789793,7996538997.0,206392655760.89,2.951406,0
sz.399671,"深证防御行业50指数",2026-06-01,11430.4521,11466.7725,11191.0488,11236.9399,11420.8828,-183.9429,-1.610584,2565612990.0,128600827387.7,2.301229,0
sz.399672,"深证红利50加权指数",2026-06-01,3811.2671,3893.1367,3790.4225,3890.999,3817.3819,73.6170999999999,1.928471,1576928836.0,14016285565.37,1.633528,0
sz.399673,"创业板50指数",2026-06-01,4399.8329,4424.8744,4262.6557,4271.9965,4373.7427,-101.7462,-2.326296,2902951502.0,257186430211.34,3.616527,0
sz.399674,"深A医药卫生指数",2026-06-01,1723.4184,1737.8373,1716.8212,1725.9663,1726.5121,-0.545799999999872,-0.031613,2397016902.0,41878557504.53,1.757525,0
sz.399675,"深A软件与互联网指数",2026-06-01,3088.3663,3210.3615,3088.3663,3156.3673,3085.2951,71.0722000000001,2.303579,4054663946.0,80479725456.11,3.729641,0
sz.399676,"深A医药卫生等权指数",2026-06-01,3474.3565,3521.8237,3468.8038,3505.3543,3482.1703,23.1839999999997,0.665792,2397016902.0,41878557504.53,1.757525,0
sz.399677,"深A软件与互联网等权指数",2026-06-01,5277.7802,5490.4553,5273.8838,5407.4265,5276.3439,131.0826,2.484345,4054663946.0,80479725456.11,3.729641,0
sz.399678,"深证次新股指数",2026-06-01,704.7682,709.3845,688.1675,689.7603,706.6697,-16.9094,-2.392829,598771901.0,28461058615.4,6.04387,0
sz.399679,"深证200收益指数",2026-06-01,7219.6383,7311.9443,7119.6988,7135.1625,7202.0277,-66.8651999999993,-0.928422,11070082660.0,298294143871.4,2.584142,0
sz.399680,"深成能源行业指数",2026-06-01,1115.0521,1181.7783,1115.0521,1154.3032,1101.2446,53.0586000000001,4.818058,579447441.0,6590761909.66,2.98943,0
sz.399681,"深成原材料行业指数",2026-06-01,1408.9595,1424.6713,1397.9849,1400.6771,1410.9463,-10.2692,-0.727824,3676508047.0,85294326809.72,1.795461,0
sz.399682,"深成工业行业指数",2026-06-01,2144.9774,2161.4014,2104.6574,2108.9728,2126.8782,-17.9054000000001,-0.841863,4314921152.0,151773328679.01,2.206016,0
sz.399683,"深成可选消费行业指数",2026-06-01,1864.2024,1885.9741,1860.1741,1874.6595,1869.4881,5.17139999999995,0.276621,2769042091.0,47423098771.48,2.571066,0
sz.399684,"深成主要消费行业指数",2026-06-01,1470.2845,1484.1436,1457.1991,1479.4321,1476.4421,2.99000000000001,0.202514,680914187.0,15255744169.11,1.293022,0
sz.399685,"深成医药卫生行业指数",2026-06-01,1416.0725,1428.2872,1406.3825,1414.256,1419.0349,-4.77890000000002,-0.336771,828961750.0,19797685247.32,1.417238,0
sz.399686,"深成金融地产行业指数",2026-06-01,1918.4587,1932.0091,1905.9188,1926.0091,1921.8681,4.14100000000008,0.215467,1561540278.0,15143460251.05,0.870295,0
sz.399687,"深成信息技术行业指数",2026-06-01,4943.8297,5001.6419,4791.5132,4796.7264,4940.2753,-143.548900000001,-2.905686,11807436936.0,399632457850.3,5.462244,0
sz.399688,"深成电信业务行业指数",2026-06-01,11372.7825,11455.6981,10901.4289,10964.9294,11364.1378,-399.2084,-3.512879,718976852.0,112790058243.35,4.20112,0
sz.399689,"深成公用事业行业指数",2026-06-01,1130.6602,1132.6505,1077.975,1125.2083,1113.4305,11.7778000000001,1.057794,2227640029.0,20605865199.82,2.574956,0
sz.399701,"深证基本面60指数",2026-06-01,7951.3342,8071.7309,7947.5477,7966.6529,7959.7903,6.86260000000038,0.086216,8913623637.0,130009707922.65,1.967261,0
sz.399702,"深证基本面120指数",2026-06-01,7685.7519,7782.5766,7669.3163,7685.1979,7675.5241,9.67380000000048,0.126034,12786792648.0,227873974498.26,2.06828,0
sz.399703,"深证基本面200指数",2026-06-01,7956.7413,8053.0588,7930.9637,7944.6678,7954.8854,-10.2175999999999,-0.128444,16966560720.0,373408351950.43,2.140577,0
sz.399704,"深证上游产业指数",2026-06-01,8022.6442,8112.3968,7903.9381,7920.9086,8032.0159,-111.107300000001,-1.383305,3045559411.0,76859678649.69,3.044044,0
sz.399705,"深证中游产业指数",2026-06-01,5796.2176,5830.0451,5608.5989,5620.6982,5774.418,-153.7198,-2.662083,12252451501.0,514990486974.58,3.58218,0
sz.399706,"深证下游产业指数",2026-06-01,5163.6854,5230.8446,5151.2746,5197.1162,5170.9093,26.2069000000001,0.506814,4482873920.0,111343672325.07,1.951903,0
sz.399802,"中证500深市指数",2026-06-01,8021.1017,8118.5187,7913.8388,7932.0107,8017.4162,-85.4054999999998,-1.06525,11604677451.0,319434282360.76,2.611045,0
sz.399803,"中证工业4.0指数",2026-06-01,6622.6678,6718.167,6471.4674,6478.0888,6603.8043,-125.715499999999,-1.903683,6186364953.0,189964482694.58,4.745207,0
sz.399804,"中证体育产业指数",2026-06-01,1782.7124,1829.3446,1780.092,1821.1173,1782.4854,38.6318999999999,2.167305,818533184.0,15064364951.62,2.968514,0
sz.399805,"中证互联网金融指数",2026-06-01,3026.4989,3127.0215,3026.107,3088.6436,3029.258,59.3856000000001,1.960401,2144267107.0,41066788928.68,1.218185,0
sz.399806,"中证环境治理指数",2026-06-01,1407.189,1426.2244,1403.0345,1417.1364,1402.3463,14.7901000000002,1.054668,1701282576.0,13972292361.5,2.389325,0
sz.399807,"中证高铁产业指数",2026-06-01,1169.9289,1177.7273,1164.8682,1177.3283,1172.4279,4.90039999999999,0.41797,1327667929.0,9794875724.51,0.762411,0
sz.399808,"中证新能源指数",2026-06-01,3083.0386,3119.6874,3028.8597,3033.6662,3060.9162,-27.25,-0.890256,5385963952.0,145476650082.88,2.311088,0
sz.399809,"中证方正富邦保险主题指数",2026-06-01,2138.4383,2158.9216,2118.4244,2147.8789,2145.3545,2.52440000000024,0.117668,2046109921.0,22756142942.69,0.207429,0
sz.399812,"中证养老产业指数",2026-06-01,5352.2487,5411.7007,5346.3745,5409.7841,5375.3211,34.4629999999997,0.641134,2019107754.0,43926977769.88,1.333574,0
sz.399813,"中证国防安全指数",2026-06-01,7295.9701,7443.8618,7293.0096,7299.3766,7292.9363,6.4402999999993,0.088309,4011183673.0,116967217804.8,2.514424,0
sz.399814,"中证大农业指数",2026-06-01,1090.3465,1105.999,1089.1385,1103.1125,1092.3951,10.7174,0.981092,1264330185.0,23674169802.57,1.246601,0
sz.399901,"中证南方小康产业指数",2026-06-01,6098.3525,6166.6986,6077.092,6166.6986,6099.1371,67.5614999999998,1.107722,11952239000.0,168543571450.0,1.002433,0
sz.399903,"中证A100指数",2026-06-01,4812.0407,4832.4425,4734.9526,4742.3586,4802.1564,-59.7978000000003,-1.245228,13621438000.0,424143436134.9,0.997205,0
sz.399905,"中证500指数",2026-06-01,8358.4866,8442.5323,8259.6,8274.212,8359.5596,-85.347600000001,-1.020958,25817502700.0,584223622413.5,2.286227,0
sz.399913,"沪深300医药卫生指数",2026-06-01,7372.0074,7453.712,7269.3201,7295.5575,7377.9507,-82.3932000000004,-1.116749,512848600.0,22040253283.6,1.021078,0
sz.399914,"沪深300金融地产指数",2026-06-01,5869.9605,5920.0833,5848.0513,5918.6071,5876.4718,42.1352999999999,0.717017,5756392600.0,63541740491.2,0.369146,0
sz.399928,"中证能源指数",2026-06-01,3440.9949,3562.9061,3440.9949,3561.2453,3429.2381,132.0072,3.849461,2296662300.0,29103206843.6,0.608912,0
sz.399932,"中证主要消费指数",2026-06-01,13128.6909,13258.0724,13044.3601,13244.4844,13190.3912,54.0931999999993,0.410095,989066000.0,29439716183.2,1.208319,0
sz.399933,"中证医药卫生指数",2026-06-01,7418.1569,7501.9117,7335.9989,7362.284,7426.6766,-64.3926000000001,-0.867045,1222624000.0,44361154775.6,1.231407,0
sz.399934,"中证金融地产指数",2026-06-01,5503.9088,5551.402,5483.0599,5551.0891,5510.7144,40.3747000000003,0.732658,7817833300.0,75397332995.0,0.448341,0
sz.399935,"中证信息技术指数",2026-06-01,8559.0869,8620.9816,8225.1446,8234.1132,8542.0786,-307.965400000001,-3.605275,12481980100.0,583094645900.0,5.038192,0
sz.399959,"中证中航军工主题指数",2026-06-01,1683.1442,1701.8296,1669.9203,1673.5017,1682.5719,-9.07019999999989,-0.539068,646511694.0,23214847041.33,1.467775,0
sz.399965,"中证800地产指数",2026-06-01,2221.6836,2278.66,2206.7666,2265.5637,2245.5046,20.0590999999999,0.8933,1171320965.0,4958014161.64,1.595605,0
sz.399966,"中证800证券保险指数",2026-06-01,5486.078,5546.6905,5459.6392,5508.0023,5497.1504,10.8518999999997,0.19741,2795630472.0,39488937738.91,0.830066,0
sz.399967,"中证军工指数",2026-06-01,13066.35,13209.8557,12911.3639,12921.6128,13088.1853,-166.572499999998,-1.272694,1992440402.0,63639514642.1,2.178281,0
sz.399972,"沪深300深市指数",2026-06-01,6628.8698,6663.4519,6486.3396,6497.1127,6613.5004,-116.3877,-1.75985,11075791627.0,392567192167.33,2.241904,0
sz.399974,"中证国有企业改革指数",2026-06-01,1991.3252,2005.0687,1974.7203,1979.226,1994.5994,-15.3733999999999,-0.770751,12862706416.0,266210539883.26,1.431019,0
sz.399982,"中证500等权重指数",2026-06-01,9797.8262,9881.7189,9717.5683,9741.677,9796.8655,-55.1885000000002,-0.563328,25817502700.0,584223622413.5,2.286227,0
sz.399990,"中证煤炭等权指数",2026-06-01,3679.5673,3868.028,3621.6715,3866.1832,3662.3903,203.7929,5.564478,2946962952.0,29720524067.86,2.760599,0
sz.399991,"中证一带一路主题指数",2026-06-01,3610.5374,3642.6566,3564.496,3574.3243,3607.1026,-32.7782999999999,-0.908715,9572272960.0,236329805510.79,1.072081,0
sz.399992,"中证万得并购重组指数",2026-06-01,2186.5489,2214.0414,2181.3926,2195.8396,2197.2867,-1.44710000000032,-0.065858,2439183271.0,43515624074.14,2.48655,0
sz.399993,"中证万得生物科技指数",2026-06-01,2349.756,2384.0682,2323.5223,2329.776,2352.013,-22.2370000000001,-0.945445,842550542.0,23641079003.32,1.770692,0
sz.399994,"中证信息安全主题指数",2026-06-01,1729.03,1770.7589,1723.129,1726.6061,1713.9105,12.6956,0.740739,2124799745.0,53390563019.77,3.224945,0
sz.399995,"中证基建工程指数",2026-06-01,3839.362,3869.102,3817.2431,3859.4569,3843.2827,16.1741999999999,0.420843,3418745091.0,25969049276.3,1.517182,0
sz.399996,"中证智能家居指数",2026-06-01,5314.1833,5361.5887,5194.3445,5197.1496,5318.5772,-121.4276,-2.283084,8779701015.0,291933260969.53,4.24991,0
sz.399997,"中证白酒指数",2026-06-01,7118.6976,7181.1092,7046.2363,7135.1865,7181.6874,-46.5009,-0.647493,259892396.0,16173879650.26,1.529257,0
sz.399998,"中证煤炭指数",2026-06-01,2470.6707,2621.8944,2450.6871,2621.2053,2460.675,160.5303,6.523832,2946962952.0,29720524067.86,2.760599,0
